{
"type": "FeatureCollection",
"name": "hotspots",
"crs": { "type": "name", "properties": { "name": "urn:ogc:def:crs:OGC:1.3:CRS84" } },
"features": [
{ "type": "Feature", "properties": { "lat": 4.67, "lon": 7.1, "crs": 0.5615, "crs_lower": 0.3977, "crs_upper": 0.7273, "risk_tier": "high", "colour": "#FF6D00" }, "geometry": { "type": "Point", "coordinates": [ 7.1, 4.67 ] } },
{ "type": "Feature", "properties": { "lat": 4.68, "lon": 7.07, "crs": 0.6017, "crs_lower": 0.5322, "crs_upper": 0.8247, "risk_tier": "high", "colour": "#FF6D00" }, "geometry": { "type": "Point", "coordinates": [ 7.07, 4.68 ] } },
{ "type": "Feature", "properties": { "lat": 4.68, "lon": 7.08, "crs": 0.5812, "crs_lower": 0.5095, "crs_upper": 0.8284, "risk_tier": "high", "colour": "#FF6D00" }, "geometry": { "type": "Point", "coordinates": [ 7.08, 4.68 ] } },
{ "type": "Feature", "properties": { "lat": 4.68, "lon": 7.09, "crs": 0.5921, "crs_lower": 0.517, "crs_upper": 0.8426, "risk_tier": "high", "colour": "#FF6D00" }, "geometry": { "type": "Point", "coordinates": [ 7.09, 4.68 ] } },
{ "type": "Feature", "properties": { "lat": 4.68, "lon": 7.1, "crs": 0.6791, "crs_lower": 0.5387, "crs_upper": 0.8321, "risk_tier": "high", "colour": "#FF6D00" }, "geometry": { "type": "Point", "coordinates": [ 7.1, 4.68 ] } },
{ "type": "Feature", "properties": { "lat": 4.68, "lon": 7.11, "crs": 0.5636, "crs_lower": 0.3845, "crs_upper": 0.7261, "risk_tier": "high", "colour": "#FF6D00" }, "geometry": { "type": "Point", "coordinates": [ 7.11, 4.68 ] } },
{ "type": "Feature", "properties": { "lat": 4.68, "lon": 7.12, "crs": 0.6173, "crs_lower": 0.3831, "crs_upper": 0.7002, "risk_tier": "high", "colour": "#FF6D00" }, "geometry": { "type": "Point", "coordinates": [ 7.12, 4.68 ] } },
{ "type": "Feature", "properties": { "lat": 4.68, "lon": 7.13, "crs": 0.5462, "crs_lower": 0.2051, "crs_upper": 0.6281, "risk_tier": "high", "colour": "#FF6D00" }, "geometry": { "type": "Point", "coordinates": [ 7.13, 4.68 ] } },
{ "type": "Feature", "properties": { "lat": 4.68, "lon": 7.14, "crs": 0.64, "crs_lower": 0.3927, "crs_upper": 0.7714, "risk_tier": "high", "colour": "#FF6D00" }, "geometry": { "type": "Point", "coordinates": [ 7.14, 4.68 ] } },
{ "type": "Feature", "properties": { "lat": 4.68, "lon": 7.15, "crs": 0.5592, "crs_lower": 0.2679, "crs_upper": 0.6542, "risk_tier": "high", "colour": "#FF6D00" }, "geometry": { "type": "Point", "coordinates": [ 7.15, 4.68 ] } },
{ "type": "Feature", "properties": { "lat": 4.69, "lon": 7.06, "crs": 0.521, "crs_lower": 0.4376, "crs_upper": 0.7411, "risk_tier": "high", "colour": "#FF6D00" }, "geometry": { "type": "Point", "coordinates": [ 7.06, 4.69 ] } },
{ "type": "Feature", "properties": { "lat": 4.69, "lon": 7.07, "crs": 0.5647, "crs_lower": 0.486, "crs_upper": 0.7992, "risk_tier": "high", "colour": "#FF6D00" }, "geometry": { "type": "Point", "coordinates": [ 7.07, 4.69 ] } },
{ "type": "Feature", "properties": { "lat": 4.69, "lon": 7.08, "crs": 0.5681, "crs_lower": 0.5155, "crs_upper": 0.8411, "risk_tier": "high", "colour": "#FF6D00" }, "geometry": { "type": "Point", "coordinates": [ 7.08, 4.69 ] } },
{ "type": "Feature", "properties": { "lat": 4.69, "lon": 7.09, "crs": 0.6273, "crs_lower": 0.5613, "crs_upper": 0.8582, "risk_tier": "high", "colour": "#FF6D00" }, "geometry": { "type": "Point", "coordinates": [ 7.09, 4.69 ] } },
{ "type": "Feature", "properties": { "lat": 4.69, "lon": 7.1, "crs": 0.6687, "crs_lower": 0.4839, "crs_upper": 0.8246, "risk_tier": "high", "colour": "#FF6D00" }, "geometry": { "type": "Point", "coordinates": [ 7.1, 4.69 ] } },
{ "type": "Feature", "properties": { "lat": 4.69, "lon": 7.11, "crs": 0.6549, "crs_lower": 0.4695, "crs_upper": 0.8304, "risk_tier": "high", "colour": "#FF6D00" }, "geometry": { "type": "Point", "coordinates": [ 7.11, 4.69 ] } },
{ "type": "Feature", "properties": { "lat": 4.69, "lon": 7.12, "crs": 0.6721, "crs_lower": 0.4611, "crs_upper": 0.8098, "risk_tier": "high", "colour": "#FF6D00" }, "geometry": { "type": "Point", "coordinates": [ 7.12, 4.69 ] } },
{ "type": "Feature", "properties": { "lat": 4.69, "lon": 7.13, "crs": 0.7683, "crs_lower": 0.6587, "crs_upper": 0.8879, "risk_tier": "critical", "colour": "#FF1744" }, "geometry": { "type": "Point", "coordinates": [ 7.13, 4.69 ] } },
{ "type": "Feature", "properties": { "lat": 4.69, "lon": 7.14, "crs": 0.7174, "crs_lower": 0.5604, "crs_upper": 0.8457, "risk_tier": "high", "colour": "#FF6D00" }, "geometry": { "type": "Point", "coordinates": [ 7.14, 4.69 ] } },
{ "type": "Feature", "properties": { "lat": 4.69, "lon": 7.15, "crs": 0.6232, "crs_lower": 0.3993, "crs_upper": 0.7832, "risk_tier": "high", "colour": "#FF6D00" }, "geometry": { "type": "Point", "coordinates": [ 7.15, 4.69 ] } },
{ "type": "Feature", "properties": { "lat": 4.69, "lon": 7.16, "crs": 0.5345, "crs_lower": 0.3201, "crs_upper": 0.718, "risk_tier": "high", "colour": "#FF6D00" }, "geometry": { "type": "Point", "coordinates": [ 7.16, 4.69 ] } },
{ "type": "Feature", "properties": { "lat": 4.7, "lon": 7.08, "crs": 0.5467, "crs_lower": 0.4872, "crs_upper": 0.8329, "risk_tier": "high", "colour": "#FF6D00" }, "geometry": { "type": "Point", "coordinates": [ 7.08, 4.7 ] } },
{ "type": "Feature", "properties": { "lat": 4.7, "lon": 7.09, "crs": 0.5839, "crs_lower": 0.5238, "crs_upper": 0.8418, "risk_tier": "high", "colour": "#FF6D00" }, "geometry": { "type": "Point", "coordinates": [ 7.09, 4.7 ] } },
{ "type": "Feature", "properties": { "lat": 4.7, "lon": 7.1, "crs": 0.6968, "crs_lower": 0.5546, "crs_upper": 0.8624, "risk_tier": "high", "colour": "#FF6D00" }, "geometry": { "type": "Point", "coordinates": [ 7.1, 4.7 ] } },
{ "type": "Feature", "properties": { "lat": 4.7, "lon": 7.11, "crs": 0.7017, "crs_lower": 0.5406, "crs_upper": 0.8514, "risk_tier": "high", "colour": "#FF6D00" }, "geometry": { "type": "Point", "coordinates": [ 7.11, 4.7 ] } },
{ "type": "Feature", "properties": { "lat": 4.7, "lon": 7.12, "crs": 0.7082, "crs_lower": 0.5437, "crs_upper": 0.8386, "risk_tier": "high", "colour": "#FF6D00" }, "geometry": { "type": "Point", "coordinates": [ 7.12, 4.7 ] } },
{ "type": "Feature", "properties": { "lat": 4.7, "lon": 7.13, "crs": 0.7629, "crs_lower": 0.6507, "crs_upper": 0.8761, "risk_tier": "critical", "colour": "#FF1744" }, "geometry": { "type": "Point", "coordinates": [ 7.13, 4.7 ] } },
{ "type": "Feature", "properties": { "lat": 4.7, "lon": 7.14, "crs": 0.7909, "crs_lower": 0.6847, "crs_upper": 0.902, "risk_tier": "critical", "colour": "#FF1744" }, "geometry": { "type": "Point", "coordinates": [ 7.14, 4.7 ] } },
{ "type": "Feature", "properties": { "lat": 4.7, "lon": 7.15, "crs": 0.8307, "crs_lower": 0.6965, "crs_upper": 0.9144, "risk_tier": "critical", "colour": "#FF1744" }, "geometry": { "type": "Point", "coordinates": [ 7.15, 4.7 ] } },
{ "type": "Feature", "properties": { "lat": 4.7, "lon": 7.16, "crs": 0.8198, "crs_lower": 0.6775, "crs_upper": 0.9007, "risk_tier": "critical", "colour": "#FF1744" }, "geometry": { "type": "Point", "coordinates": [ 7.16, 4.7 ] } },
{ "type": "Feature", "properties": { "lat": 4.71, "lon": 7.09, "crs": 0.5267, "crs_lower": 0.4936, "crs_upper": 0.8187, "risk_tier": "high", "colour": "#FF6D00" }, "geometry": { "type": "Point", "coordinates": [ 7.09, 4.71 ] } },
{ "type": "Feature", "properties": { "lat": 4.71, "lon": 7.1, "crs": 0.6561, "crs_lower": 0.5005, "crs_upper": 0.8309, "risk_tier": "high", "colour": "#FF6D00" }, "geometry": { "type": "Point", "coordinates": [ 7.1, 4.71 ] } },
{ "type": "Feature", "properties": { "lat": 4.71, "lon": 7.11, "crs": 0.7664, "crs_lower": 0.6689, "crs_upper": 0.8922, "risk_tier": "critical", "colour": "#FF1744" }, "geometry": { "type": "Point", "coordinates": [ 7.11, 4.71 ] } },
{ "type": "Feature", "properties": { "lat": 4.71, "lon": 7.12, "crs": 0.8211, "crs_lower": 0.6847, "crs_upper": 0.8898, "risk_tier": "critical", "colour": "#FF1744" }, "geometry": { "type": "Point", "coordinates": [ 7.12, 4.71 ] } },
{ "type": "Feature", "properties": { "lat": 4.71, "lon": 7.13, "crs": 0.8709, "crs_lower": 0.7665, "crs_upper": 0.9217, "risk_tier": "critical", "colour": "#FF1744" }, "geometry": { "type": "Point", "coordinates": [ 7.13, 4.71 ] } },
{ "type": "Feature", "properties": { "lat": 4.71, "lon": 7.14, "crs": 0.8687, "crs_lower": 0.7551, "crs_upper": 0.9178, "risk_tier": "critical", "colour": "#FF1744" }, "geometry": { "type": "Point", "coordinates": [ 7.14, 4.71 ] } },
{ "type": "Feature", "properties": { "lat": 4.71, "lon": 7.15, "crs": 0.8355, "crs_lower": 0.7022, "crs_upper": 0.914, "risk_tier": "critical", "colour": "#FF1744" }, "geometry": { "type": "Point", "coordinates": [ 7.15, 4.71 ] } },
{ "type": "Feature", "properties": { "lat": 4.71, "lon": 7.16, "crs": 0.707, "crs_lower": 0.6068, "crs_upper": 0.8793, "risk_tier": "high", "colour": "#FF6D00" }, "geometry": { "type": "Point", "coordinates": [ 7.16, 4.71 ] } },
{ "type": "Feature", "properties": { "lat": 4.72, "lon": 7.07, "crs": 0.5235, "crs_lower": 0.3427, "crs_upper": 0.7349, "risk_tier": "high", "colour": "#FF6D00" }, "geometry": { "type": "Point", "coordinates": [ 7.07, 4.72 ] } },
{ "type": "Feature", "properties": { "lat": 4.72, "lon": 7.09, "crs": 0.6602, "crs_lower": 0.3622, "crs_upper": 0.8028, "risk_tier": "high", "colour": "#FF6D00" }, "geometry": { "type": "Point", "coordinates": [ 7.09, 4.72 ] } },
{ "type": "Feature", "properties": { "lat": 4.72, "lon": 7.1, "crs": 0.7859, "crs_lower": 0.5821, "crs_upper": 0.8509, "risk_tier": "critical", "colour": "#FF1744" }, "geometry": { "type": "Point", "coordinates": [ 7.1, 4.72 ] } },
{ "type": "Feature", "properties": { "lat": 4.72, "lon": 7.11, "crs": 0.8286, "crs_lower": 0.6411, "crs_upper": 0.8799, "risk_tier": "critical", "colour": "#FF1744" }, "geometry": { "type": "Point", "coordinates": [ 7.11, 4.72 ] } },
{ "type": "Feature", "properties": { "lat": 4.72, "lon": 7.12, "crs": 0.9007, "crs_lower": 0.7533, "crs_upper": 0.9211, "risk_tier": "critical", "colour": "#FF1744" }, "geometry": { "type": "Point", "coordinates": [ 7.12, 4.72 ] } },
{ "type": "Feature", "properties": { "lat": 4.72, "lon": 7.13, "crs": 0.9193, "crs_lower": 0.7421, "crs_upper": 0.9113, "risk_tier": "critical", "colour": "#FF1744" }, "geometry": { "type": "Point", "coordinates": [ 7.13, 4.72 ] } },
{ "type": "Feature", "properties": { "lat": 4.72, "lon": 7.14, "crs": 0.9151, "crs_lower": 0.748, "crs_upper": 0.9211, "risk_tier": "critical", "colour": "#FF1744" }, "geometry": { "type": "Point", "coordinates": [ 7.14, 4.72 ] } },
{ "type": "Feature", "properties": { "lat": 4.72, "lon": 7.15, "crs": 0.9209, "crs_lower": 0.6776, "crs_upper": 0.8951, "risk_tier": "critical", "colour": "#FF1744" }, "geometry": { "type": "Point", "coordinates": [ 7.15, 4.72 ] } },
{ "type": "Feature", "properties": { "lat": 4.72, "lon": 7.16, "crs": 0.7869, "crs_lower": 0.406, "crs_upper": 0.7835, "risk_tier": "critical", "colour": "#FF1744" }, "geometry": { "type": "Point", "coordinates": [ 7.16, 4.72 ] } },
{ "type": "Feature", "properties": { "lat": 4.73, "lon": 7.08, "crs": 0.5447, "crs_lower": 0.2505, "crs_upper": 0.7207, "risk_tier": "high", "colour": "#FF6D00" }, "geometry": { "type": "Point", "coordinates": [ 7.08, 4.73 ] } },
{ "type": "Feature", "properties": { "lat": 4.73, "lon": 7.09, "crs": 0.5927, "crs_lower": 0.4405, "crs_upper": 0.7593, "risk_tier": "high", "colour": "#FF6D00" }, "geometry": { "type": "Point", "coordinates": [ 7.09, 4.73 ] } },
{ "type": "Feature", "properties": { "lat": 4.73, "lon": 7.1, "crs": 0.7956, "crs_lower": 0.5943, "crs_upper": 0.8634, "risk_tier": "critical", "colour": "#FF1744" }, "geometry": { "type": "Point", "coordinates": [ 7.1, 4.73 ] } },
{ "type": "Feature", "properties": { "lat": 4.73, "lon": 7.11, "crs": 0.8284, "crs_lower": 0.5852, "crs_upper": 0.8658, "risk_tier": "critical", "colour": "#FF1744" }, "geometry": { "type": "Point", "coordinates": [ 7.11, 4.73 ] } },
{ "type": "Feature", "properties": { "lat": 4.73, "lon": 7.12, "crs": 0.918, "crs_lower": 0.7254, "crs_upper": 0.9169, "risk_tier": "critical", "colour": "#FF1744" }, "geometry": { "type": "Point", "coordinates": [ 7.12, 4.73 ] } },
{ "type": "Feature", "properties": { "lat": 4.73, "lon": 7.13, "crs": 0.9246, "crs_lower": 0.7547, "crs_upper": 0.9225, "risk_tier": "critical", "colour": "#FF1744" }, "geometry": { "type": "Point", "coordinates": [ 7.13, 4.73 ] } },
{ "type": "Feature", "properties": { "lat": 4.73, "lon": 7.14, "crs": 0.9161, "crs_lower": 0.7101, "crs_upper": 0.9085, "risk_tier": "critical", "colour": "#FF1744" }, "geometry": { "type": "Point", "coordinates": [ 7.14, 4.73 ] } },
{ "type": "Feature", "properties": { "lat": 4.73, "lon": 7.15, "crs": 0.9136, "crs_lower": 0.7165, "crs_upper": 0.9141, "risk_tier": "critical", "colour": "#FF1744" }, "geometry": { "type": "Point", "coordinates": [ 7.15, 4.73 ] } },
{ "type": "Feature", "properties": { "lat": 4.73, "lon": 7.16, "crs": 0.8888, "crs_lower": 0.5452, "crs_upper": 0.9009, "risk_tier": "critical", "colour": "#FF1744" }, "geometry": { "type": "Point", "coordinates": [ 7.16, 4.73 ] } },
{ "type": "Feature", "properties": { "lat": 4.73, "lon": 7.17, "crs": 0.5683, "crs_lower": 0.418, "crs_upper": 0.7338, "risk_tier": "high", "colour": "#FF6D00" }, "geometry": { "type": "Point", "coordinates": [ 7.17, 4.73 ] } },
{ "type": "Feature", "properties": { "lat": 4.74, "lon": 7.08, "crs": 0.5447, "crs_lower": 0.3946, "crs_upper": 0.7324, "risk_tier": "high", "colour": "#FF6D00" }, "geometry": { "type": "Point", "coordinates": [ 7.08, 4.74 ] } },
{ "type": "Feature", "properties": { "lat": 4.74, "lon": 7.09, "crs": 0.6123, "crs_lower": 0.4431, "crs_upper": 0.8029, "risk_tier": "high", "colour": "#FF6D00" }, "geometry": { "type": "Point", "coordinates": [ 7.09, 4.74 ] } },
{ "type": "Feature", "properties": { "lat": 4.74, "lon": 7.1, "crs": 0.7484, "crs_lower": 0.4947, "crs_upper": 0.8094, "risk_tier": "high", "colour": "#FF6D00" }, "geometry": { "type": "Point", "coordinates": [ 7.1, 4.74 ] } },
{ "type": "Feature", "properties": { "lat": 4.74, "lon": 7.11, "crs": 0.8931, "crs_lower": 0.7265, "crs_upper": 0.9208, "risk_tier": "critical", "colour": "#FF1744" }, "geometry": { "type": "Point", "coordinates": [ 7.11, 4.74 ] } },
{ "type": "Feature", "properties": { "lat": 4.74, "lon": 7.12, "crs": 0.9181, "crs_lower": 0.7527, "crs_upper": 0.9141, "risk_tier": "critical", "colour": "#FF1744" }, "geometry": { "type": "Point", "coordinates": [ 7.12, 4.74 ] } },
{ "type": "Feature", "properties": { "lat": 4.74, "lon": 7.13, "crs": 0.9133, "crs_lower": 0.7106, "crs_upper": 0.913, "risk_tier": "critical", "colour": "#FF1744" }, "geometry": { "type": "Point", "coordinates": [ 7.13, 4.74 ] } },
{ "type": "Feature", "properties": { "lat": 4.74, "lon": 7.14, "crs": 0.9173, "crs_lower": 0.7449, "crs_upper": 0.9222, "risk_tier": "critical", "colour": "#FF1744" }, "geometry": { "type": "Point", "coordinates": [ 7.14, 4.74 ] } },
{ "type": "Feature", "properties": { "lat": 4.74, "lon": 7.15, "crs": 0.9028, "crs_lower": 0.7101, "crs_upper": 0.9116, "risk_tier": "critical", "colour": "#FF1744" }, "geometry": { "type": "Point", "coordinates": [ 7.15, 4.74 ] } },
{ "type": "Feature", "properties": { "lat": 4.74, "lon": 7.16, "crs": 0.8381, "crs_lower": 0.6769, "crs_upper": 0.9085, "risk_tier": "critical", "colour": "#FF1744" }, "geometry": { "type": "Point", "coordinates": [ 7.16, 4.74 ] } },
{ "type": "Feature", "properties": { "lat": 4.74, "lon": 7.17, "crs": 0.7974, "crs_lower": 0.6944, "crs_upper": 0.9042, "risk_tier": "critical", "colour": "#FF1744" }, "geometry": { "type": "Point", "coordinates": [ 7.17, 4.74 ] } },
{ "type": "Feature", "properties": { "lat": 4.74, "lon": 7.18, "crs": 0.7195, "crs_lower": 0.5625, "crs_upper": 0.8334, "risk_tier": "high", "colour": "#FF6D00" }, "geometry": { "type": "Point", "coordinates": [ 7.18, 4.74 ] } },
{ "type": "Feature", "properties": { "lat": 4.74, "lon": 7.19, "crs": 0.7077, "crs_lower": 0.4833, "crs_upper": 0.8203, "risk_tier": "high", "colour": "#FF6D00" }, "geometry": { "type": "Point", "coordinates": [ 7.19, 4.74 ] } },
{ "type": "Feature", "properties": { "lat": 4.75, "lon": 7.07, "crs": 0.5695, "crs_lower": 0.416, "crs_upper": 0.7739, "risk_tier": "high", "colour": "#FF6D00" }, "geometry": { "type": "Point", "coordinates": [ 7.07, 4.75 ] } },
{ "type": "Feature", "properties": { "lat": 4.75, "lon": 7.08, "crs": 0.7103, "crs_lower": 0.5844, "crs_upper": 0.8484, "risk_tier": "high", "colour": "#FF6D00" }, "geometry": { "type": "Point", "coordinates": [ 7.08, 4.75 ] } },
{ "type": "Feature", "properties": { "lat": 4.75, "lon": 7.09, "crs": 0.6319, "crs_lower": 0.4456, "crs_upper": 0.8072, "risk_tier": "high", "colour": "#FF6D00" }, "geometry": { "type": "Point", "coordinates": [ 7.09, 4.75 ] } },
{ "type": "Feature", "properties": { "lat": 4.75, "lon": 7.1, "crs": 0.7678, "crs_lower": 0.5204, "crs_upper": 0.8131, "risk_tier": "critical", "colour": "#FF1744" }, "geometry": { "type": "Point", "coordinates": [ 7.1, 4.75 ] } },
{ "type": "Feature", "properties": { "lat": 4.75, "lon": 7.11, "crs": 0.8814, "crs_lower": 0.7208, "crs_upper": 0.9132, "risk_tier": "critical", "colour": "#FF1744" }, "geometry": { "type": "Point", "coordinates": [ 7.11, 4.75 ] } },
{ "type": "Feature", "properties": { "lat": 4.75, "lon": 7.12, "crs": 0.8999, "crs_lower": 0.6974, "crs_upper": 0.9123, "risk_tier": "critical", "colour": "#FF1744" }, "geometry": { "type": "Point", "coordinates": [ 7.12, 4.75 ] } },
{ "type": "Feature", "properties": { "lat": 4.75, "lon": 7.13, "crs": 0.918, "crs_lower": 0.7582, "crs_upper": 0.9209, "risk_tier": "critical", "colour": "#FF1744" }, "geometry": { "type": "Point", "coordinates": [ 7.13, 4.75 ] } },
{ "type": "Feature", "properties": { "lat": 4.75, "lon": 7.14, "crs": 0.9083, "crs_lower": 0.7074, "crs_upper": 0.9129, "risk_tier": "critical", "colour": "#FF1744" }, "geometry": { "type": "Point", "coordinates": [ 7.14, 4.75 ] } },
{ "type": "Feature", "properties": { "lat": 4.75, "lon": 7.15, "crs": 0.8657, "crs_lower": 0.6626, "crs_upper": 0.9063, "risk_tier": "critical", "colour": "#FF1744" }, "geometry": { "type": "Point", "coordinates": [ 7.15, 4.75 ] } },
{ "type": "Feature", "properties": { "lat": 4.75, "lon": 7.16, "crs": 0.8284, "crs_lower": 0.6847, "crs_upper": 0.9065, "risk_tier": "critical", "colour": "#FF1744" }, "geometry": { "type": "Point", "coordinates": [ 7.16, 4.75 ] } },
{ "type": "Feature", "properties": { "lat": 4.75, "lon": 7.17, "crs": 0.7946, "crs_lower": 0.6638, "crs_upper": 0.8913, "risk_tier": "critical", "colour": "#FF1744" }, "geometry": { "type": "Point", "coordinates": [ 7.17, 4.75 ] } },
{ "type": "Feature", "properties": { "lat": 4.75, "lon": 7.18, "crs": 0.7364, "crs_lower": 0.5333, "crs_upper": 0.8565, "risk_tier": "high", "colour": "#FF6D00" }, "geometry": { "type": "Point", "coordinates": [ 7.18, 4.75 ] } },
{ "type": "Feature", "properties": { "lat": 4.75, "lon": 7.19, "crs": 0.7338, "crs_lower": 0.5137, "crs_upper": 0.8428, "risk_tier": "high", "colour": "#FF6D00" }, "geometry": { "type": "Point", "coordinates": [ 7.19, 4.75 ] } },
{ "type": "Feature", "properties": { "lat": 4.75, "lon": 7.2, "crs": 0.766, "crs_lower": 0.6623, "crs_upper": 0.8701, "risk_tier": "critical", "colour": "#FF1744" }, "geometry": { "type": "Point", "coordinates": [ 7.2, 4.75 ] } },
{ "type": "Feature", "properties": { "lat": 4.76, "lon": 7.06, "crs": 0.5126, "crs_lower": 0.353, "crs_upper": 0.7285, "risk_tier": "high", "colour": "#FF6D00" }, "geometry": { "type": "Point", "coordinates": [ 7.06, 4.76 ] } },
{ "type": "Feature", "properties": { "lat": 4.76, "lon": 7.07, "crs": 0.7156, "crs_lower": 0.5928, "crs_upper": 0.8779, "risk_tier": "high", "colour": "#FF6D00" }, "geometry": { "type": "Point", "coordinates": [ 7.07, 4.76 ] } },
{ "type": "Feature", "properties": { "lat": 4.76, "lon": 7.08, "crs": 0.693, "crs_lower": 0.5554, "crs_upper": 0.8254, "risk_tier": "high", "colour": "#FF6D00" }, "geometry": { "type": "Point", "coordinates": [ 7.08, 4.76 ] } },
{ "type": "Feature", "properties": { "lat": 4.76, "lon": 7.09, "crs": 0.8001, "crs_lower": 0.6764, "crs_upper": 0.8975, "risk_tier": "critical", "colour": "#FF1744" }, "geometry": { "type": "Point", "coordinates": [ 7.09, 4.76 ] } },
{ "type": "Feature", "properties": { "lat": 4.76, "lon": 7.1, "crs": 0.7743, "crs_lower": 0.6257, "crs_upper": 0.8717, "risk_tier": "critical", "colour": "#FF1744" }, "geometry": { "type": "Point", "coordinates": [ 7.1, 4.76 ] } },
{ "type": "Feature", "properties": { "lat": 4.76, "lon": 7.11, "crs": 0.7737, "crs_lower": 0.6151, "crs_upper": 0.869, "risk_tier": "critical", "colour": "#FF1744" }, "geometry": { "type": "Point", "coordinates": [ 7.11, 4.76 ] } },
{ "type": "Feature", "properties": { "lat": 4.76, "lon": 7.12, "crs": 0.847, "crs_lower": 0.6976, "crs_upper": 0.9069, "risk_tier": "critical", "colour": "#FF1744" }, "geometry": { "type": "Point", "coordinates": [ 7.12, 4.76 ] } },
{ "type": "Feature", "properties": { "lat": 4.76, "lon": 7.13, "crs": 0.8578, "crs_lower": 0.7044, "crs_upper": 0.907, "risk_tier": "critical", "colour": "#FF1744" }, "geometry": { "type": "Point", "coordinates": [ 7.13, 4.76 ] } },
{ "type": "Feature", "properties": { "lat": 4.76, "lon": 7.14, "crs": 0.8928, "crs_lower": 0.6691, "crs_upper": 0.9088, "risk_tier": "critical", "colour": "#FF1744" }, "geometry": { "type": "Point", "coordinates": [ 7.14, 4.76 ] } },
{ "type": "Feature", "properties": { "lat": 4.76, "lon": 7.15, "crs": 0.8594, "crs_lower": 0.6735, "crs_upper": 0.9028, "risk_tier": "critical", "colour": "#FF1744" }, "geometry": { "type": "Point", "coordinates": [ 7.15, 4.76 ] } },
{ "type": "Feature", "properties": { "lat": 4.76, "lon": 7.16, "crs": 0.8019, "crs_lower": 0.7229, "crs_upper": 0.8981, "risk_tier": "critical", "colour": "#FF1744" }, "geometry": { "type": "Point", "coordinates": [ 7.16, 4.76 ] } },
{ "type": "Feature", "properties": { "lat": 4.76, "lon": 7.17, "crs": 0.8355, "crs_lower": 0.6878, "crs_upper": 0.8984, "risk_tier": "critical", "colour": "#FF1744" }, "geometry": { "type": "Point", "coordinates": [ 7.17, 4.76 ] } },
{ "type": "Feature", "properties": { "lat": 4.76, "lon": 7.18, "crs": 0.7749, "crs_lower": 0.5619, "crs_upper": 0.8449, "risk_tier": "critical", "colour": "#FF1744" }, "geometry": { "type": "Point", "coordinates": [ 7.18, 4.76 ] } },
{ "type": "Feature", "properties": { "lat": 4.76, "lon": 7.19, "crs": 0.7577, "crs_lower": 0.559, "crs_upper": 0.8392, "risk_tier": "critical", "colour": "#FF1744" }, "geometry": { "type": "Point", "coordinates": [ 7.19, 4.76 ] } },
{ "type": "Feature", "properties": { "lat": 4.77, "lon": 7.06, "crs": 0.6133, "crs_lower": 0.5956, "crs_upper": 0.8688, "risk_tier": "high", "colour": "#FF6D00" }, "geometry": { "type": "Point", "coordinates": [ 7.06, 4.77 ] } },
{ "type": "Feature", "properties": { "lat": 4.77, "lon": 7.07, "crs": 0.608, "crs_lower": 0.5549, "crs_upper": 0.8537, "risk_tier": "high", "colour": "#FF6D00" }, "geometry": { "type": "Point", "coordinates": [ 7.07, 4.77 ] } },
{ "type": "Feature", "properties": { "lat": 4.77, "lon": 7.08, "crs": 0.6741, "crs_lower": 0.6233, "crs_upper": 0.8804, "risk_tier": "high", "colour": "#FF6D00" }, "geometry": { "type": "Point", "coordinates": [ 7.08, 4.77 ] } },
{ "type": "Feature", "properties": { "lat": 4.77, "lon": 7.09, "crs": 0.5816, "crs_lower": 0.4955, "crs_upper": 0.8324, "risk_tier": "high", "colour": "#FF6D00" }, "geometry": { "type": "Point", "coordinates": [ 7.09, 4.77 ] } },
{ "type": "Feature", "properties": { "lat": 4.77, "lon": 7.1, "crs": 0.7194, "crs_lower": 0.5837, "crs_upper": 0.861, "risk_tier": "high", "colour": "#FF6D00" }, "geometry": { "type": "Point", "coordinates": [ 7.1, 4.77 ] } },
{ "type": "Feature", "properties": { "lat": 4.77, "lon": 7.11, "crs": 0.7272, "crs_lower": 0.5828, "crs_upper": 0.8813, "risk_tier": "high", "colour": "#FF6D00" }, "geometry": { "type": "Point", "coordinates": [ 7.11, 4.77 ] } },
{ "type": "Feature", "properties": { "lat": 4.77, "lon": 7.12, "crs": 0.8012, "crs_lower": 0.6894, "crs_upper": 0.9044, "risk_tier": "critical", "colour": "#FF1744" }, "geometry": { "type": "Point", "coordinates": [ 7.12, 4.77 ] } },
{ "type": "Feature", "properties": { "lat": 4.77, "lon": 7.13, "crs": 0.8068, "crs_lower": 0.6997, "crs_upper": 0.9027, "risk_tier": "critical", "colour": "#FF1744" }, "geometry": { "type": "Point", "coordinates": [ 7.13, 4.77 ] } },
{ "type": "Feature", "properties": { "lat": 4.77, "lon": 7.14, "crs": 0.8476, "crs_lower": 0.686, "crs_upper": 0.9069, "risk_tier": "critical", "colour": "#FF1744" }, "geometry": { "type": "Point", "coordinates": [ 7.14, 4.77 ] } },
{ "type": "Feature", "properties": { "lat": 4.77, "lon": 7.15, "crs": 0.8425, "crs_lower": 0.6905, "crs_upper": 0.9056, "risk_tier": "critical", "colour": "#FF1744" }, "geometry": { "type": "Point", "coordinates": [ 7.15, 4.77 ] } },
{ "type": "Feature", "properties": { "lat": 4.77, "lon": 7.16, "crs": 0.8312, "crs_lower": 0.6741, "crs_upper": 0.8987, "risk_tier": "critical", "colour": "#FF1744" }, "geometry": { "type": "Point", "coordinates": [ 7.16, 4.77 ] } },
{ "type": "Feature", "properties": { "lat": 4.77, "lon": 7.17, "crs": 0.8133, "crs_lower": 0.6196, "crs_upper": 0.8886, "risk_tier": "critical", "colour": "#FF1744" }, "geometry": { "type": "Point", "coordinates": [ 7.17, 4.77 ] } },
{ "type": "Feature", "properties": { "lat": 4.77, "lon": 7.18, "crs": 0.6252, "crs_lower": 0.3557, "crs_upper": 0.7412, "risk_tier": "high", "colour": "#FF6D00" }, "geometry": { "type": "Point", "coordinates": [ 7.18, 4.77 ] } },
{ "type": "Feature", "properties": { "lat": 4.77, "lon": 7.2, "crs": 0.5897, "crs_lower": 0.2893, "crs_upper": 0.6669, "risk_tier": "high", "colour": "#FF6D00" }, "geometry": { "type": "Point", "coordinates": [ 7.2, 4.77 ] } },
{ "type": "Feature", "properties": { "lat": 4.78, "lon": 7.05, "crs": 0.6054, "crs_lower": 0.5947, "crs_upper": 0.8434, "risk_tier": "high", "colour": "#FF6D00" }, "geometry": { "type": "Point", "coordinates": [ 7.05, 4.78 ] } },
{ "type": "Feature", "properties": { "lat": 4.78, "lon": 7.06, "crs": 0.5682, "crs_lower": 0.5668, "crs_upper": 0.8495, "risk_tier": "high", "colour": "#FF6D00" }, "geometry": { "type": "Point", "coordinates": [ 7.06, 4.78 ] } },
{ "type": "Feature", "properties": { "lat": 4.78, "lon": 7.07, "crs": 0.6091, "crs_lower": 0.5998, "crs_upper": 0.8773, "risk_tier": "high", "colour": "#FF6D00" }, "geometry": { "type": "Point", "coordinates": [ 7.07, 4.78 ] } },
{ "type": "Feature", "properties": { "lat": 4.78, "lon": 7.08, "crs": 0.5489, "crs_lower": 0.4733, "crs_upper": 0.8069, "risk_tier": "high", "colour": "#FF6D00" }, "geometry": { "type": "Point", "coordinates": [ 7.08, 4.78 ] } },
{ "type": "Feature", "properties": { "lat": 4.78, "lon": 7.09, "crs": 0.6007, "crs_lower": 0.5391, "crs_upper": 0.8579, "risk_tier": "high", "colour": "#FF6D00" }, "geometry": { "type": "Point", "coordinates": [ 7.09, 4.78 ] } },
{ "type": "Feature", "properties": { "lat": 4.78, "lon": 7.1, "crs": 0.686, "crs_lower": 0.6107, "crs_upper": 0.8781, "risk_tier": "high", "colour": "#FF6D00" }, "geometry": { "type": "Point", "coordinates": [ 7.1, 4.78 ] } },
{ "type": "Feature", "properties": { "lat": 4.78, "lon": 7.11, "crs": 0.6885, "crs_lower": 0.604, "crs_upper": 0.8559, "risk_tier": "high", "colour": "#FF6D00" }, "geometry": { "type": "Point", "coordinates": [ 7.11, 4.78 ] } },
{ "type": "Feature", "properties": { "lat": 4.78, "lon": 7.12, "crs": 0.7376, "crs_lower": 0.572, "crs_upper": 0.8574, "risk_tier": "high", "colour": "#FF6D00" }, "geometry": { "type": "Point", "coordinates": [ 7.12, 4.78 ] } },
{ "type": "Feature", "properties": { "lat": 4.78, "lon": 7.13, "crs": 0.7864, "crs_lower": 0.7038, "crs_upper": 0.9064, "risk_tier": "critical", "colour": "#FF1744" }, "geometry": { "type": "Point", "coordinates": [ 7.13, 4.78 ] } },
{ "type": "Feature", "properties": { "lat": 4.78, "lon": 7.14, "crs": 0.8066, "crs_lower": 0.7123, "crs_upper": 0.9051, "risk_tier": "critical", "colour": "#FF1744" }, "geometry": { "type": "Point", "coordinates": [ 7.14, 4.78 ] } },
{ "type": "Feature", "properties": { "lat": 4.78, "lon": 7.15, "crs": 0.8396, "crs_lower": 0.731, "crs_upper": 0.905, "risk_tier": "critical", "colour": "#FF1744" }, "geometry": { "type": "Point", "coordinates": [ 7.15, 4.78 ] } },
{ "type": "Feature", "properties": { "lat": 4.78, "lon": 7.16, "crs": 0.8261, "crs_lower": 0.7252, "crs_upper": 0.9032, "risk_tier": "critical", "colour": "#FF1744" }, "geometry": { "type": "Point", "coordinates": [ 7.16, 4.78 ] } },
{ "type": "Feature", "properties": { "lat": 4.78, "lon": 7.17, "crs": 0.7368, "crs_lower": 0.6029, "crs_upper": 0.8473, "risk_tier": "high", "colour": "#FF6D00" }, "geometry": { "type": "Point", "coordinates": [ 7.17, 4.78 ] } },
{ "type": "Feature", "properties": { "lat": 4.78, "lon": 7.18, "crs": 0.6677, "crs_lower": 0.4479, "crs_upper": 0.8188, "risk_tier": "high", "colour": "#FF6D00" }, "geometry": { "type": "Point", "coordinates": [ 7.18, 4.78 ] } },
{ "type": "Feature", "properties": { "lat": 4.78, "lon": 7.19, "crs": 0.6357, "crs_lower": 0.2405, "crs_upper": 0.6894, "risk_tier": "high", "colour": "#FF6D00" }, "geometry": { "type": "Point", "coordinates": [ 7.19, 4.78 ] } },
{ "type": "Feature", "properties": { "lat": 4.79, "lon": 7.05, "crs": 0.5175, "crs_lower": 0.5221, "crs_upper": 0.8376, "risk_tier": "high", "colour": "#FF6D00" }, "geometry": { "type": "Point", "coordinates": [ 7.05, 4.79 ] } },
{ "type": "Feature", "properties": { "lat": 4.79, "lon": 7.08, "crs": 0.538, "crs_lower": 0.539, "crs_upper": 0.8524, "risk_tier": "high", "colour": "#FF6D00" }, "geometry": { "type": "Point", "coordinates": [ 7.08, 4.79 ] } },
{ "type": "Feature", "properties": { "lat": 4.79, "lon": 7.09, "crs": 0.5201, "crs_lower": 0.5205, "crs_upper": 0.8509, "risk_tier": "high", "colour": "#FF6D00" }, "geometry": { "type": "Point", "coordinates": [ 7.09, 4.79 ] } },
{ "type": "Feature", "properties": { "lat": 4.79, "lon": 7.11, "crs": 0.5453, "crs_lower": 0.461, "crs_upper": 0.7865, "risk_tier": "high", "colour": "#FF6D00" }, "geometry": { "type": "Point", "coordinates": [ 7.11, 4.79 ] } },
{ "type": "Feature", "properties": { "lat": 4.79, "lon": 7.12, "crs": 0.6883, "crs_lower": 0.516, "crs_upper": 0.8425, "risk_tier": "high", "colour": "#FF6D00" }, "geometry": { "type": "Point", "coordinates": [ 7.12, 4.79 ] } },
{ "type": "Feature", "properties": { "lat": 4.79, "lon": 7.13, "crs": 0.741, "crs_lower": 0.7141, "crs_upper": 0.9065, "risk_tier": "high", "colour": "#FF6D00" }, "geometry": { "type": "Point", "coordinates": [ 7.13, 4.79 ] } },
{ "type": "Feature", "properties": { "lat": 4.79, "lon": 7.14, "crs": 0.7475, "crs_lower": 0.6828, "crs_upper": 0.9093, "risk_tier": "high", "colour": "#FF6D00" }, "geometry": { "type": "Point", "coordinates": [ 7.14, 4.79 ] } },
{ "type": "Feature", "properties": { "lat": 4.79, "lon": 7.15, "crs": 0.8141, "crs_lower": 0.6742, "crs_upper": 0.9021, "risk_tier": "critical", "colour": "#FF1744" }, "geometry": { "type": "Point", "coordinates": [ 7.15, 4.79 ] } },
{ "type": "Feature", "properties": { "lat": 4.79, "lon": 7.16, "crs": 0.7356, "crs_lower": 0.6024, "crs_upper": 0.8585, "risk_tier": "high", "colour": "#FF6D00" }, "geometry": { "type": "Point", "coordinates": [ 7.16, 4.79 ] } },
{ "type": "Feature", "properties": { "lat": 4.79, "lon": 7.17, "crs": 0.782, "crs_lower": 0.4287, "crs_upper": 0.8283, "risk_tier": "critical", "colour": "#FF1744" }, "geometry": { "type": "Point", "coordinates": [ 7.17, 4.79 ] } },
{ "type": "Feature", "properties": { "lat": 4.8, "lon": 7.15, "crs": 0.6029, "crs_lower": 0.4295, "crs_upper": 0.7461, "risk_tier": "high", "colour": "#FF6D00" }, "geometry": { "type": "Point", "coordinates": [ 7.15, 4.8 ] } },
{ "type": "Feature", "properties": { "lat": 4.96, "lon": 6.59, "crs": 0.555, "crs_lower": 0.6417, "crs_upper": 0.7542, "risk_tier": "high", "colour": "#FF6D00" }, "geometry": { "type": "Point", "coordinates": [ 6.59, 4.96 ] } },
{ "type": "Feature", "properties": { "lat": 4.97, "lon": 6.57, "crs": 0.5098, "crs_lower": 0.6114, "crs_upper": 0.7307, "risk_tier": "high", "colour": "#FF6D00" }, "geometry": { "type": "Point", "coordinates": [ 6.57, 4.97 ] } },
{ "type": "Feature", "properties": { "lat": 4.97, "lon": 6.58, "crs": 0.5594, "crs_lower": 0.6721, "crs_upper": 0.7773, "risk_tier": "high", "colour": "#FF6D00" }, "geometry": { "type": "Point", "coordinates": [ 6.58, 4.97 ] } },
{ "type": "Feature", "properties": { "lat": 4.97, "lon": 6.59, "crs": 0.5428, "crs_lower": 0.6507, "crs_upper": 0.7545, "risk_tier": "high", "colour": "#FF6D00" }, "geometry": { "type": "Point", "coordinates": [ 6.59, 4.97 ] } },
{ "type": "Feature", "properties": { "lat": 4.97, "lon": 6.6, "crs": 0.5892, "crs_lower": 0.6873, "crs_upper": 0.7933, "risk_tier": "high", "colour": "#FF6D00" }, "geometry": { "type": "Point", "coordinates": [ 6.6, 4.97 ] } },
{ "type": "Feature", "properties": { "lat": 4.97, "lon": 6.61, "crs": 0.5854, "crs_lower": 0.682, "crs_upper": 0.786, "risk_tier": "high", "colour": "#FF6D00" }, "geometry": { "type": "Point", "coordinates": [ 6.61, 4.97 ] } },
{ "type": "Feature", "properties": { "lat": 4.98, "lon": 6.6, "crs": 0.5915, "crs_lower": 0.6909, "crs_upper": 0.7923, "risk_tier": "high", "colour": "#FF6D00" }, "geometry": { "type": "Point", "coordinates": [ 6.6, 4.98 ] } },
{ "type": "Feature", "properties": { "lat": 4.98, "lon": 6.61, "crs": 0.5751, "crs_lower": 0.6908, "crs_upper": 0.7923, "risk_tier": "high", "colour": "#FF6D00" }, "geometry": { "type": "Point", "coordinates": [ 6.61, 4.98 ] } },
{ "type": "Feature", "properties": { "lat": 4.98, "lon": 6.62, "crs": 0.566, "crs_lower": 0.6785, "crs_upper": 0.7871, "risk_tier": "high", "colour": "#FF6D00" }, "geometry": { "type": "Point", "coordinates": [ 6.62, 4.98 ] } },
{ "type": "Feature", "properties": { "lat": 4.99, "lon": 6.59, "crs": 0.564, "crs_lower": 0.676, "crs_upper": 0.7818, "risk_tier": "high", "colour": "#FF6D00" }, "geometry": { "type": "Point", "coordinates": [ 6.59, 4.99 ] } },
{ "type": "Feature", "properties": { "lat": 4.99, "lon": 6.6, "crs": 0.589, "crs_lower": 0.7191, "crs_upper": 0.8053, "risk_tier": "high", "colour": "#FF6D00" }, "geometry": { "type": "Point", "coordinates": [ 6.6, 4.99 ] } },
{ "type": "Feature", "properties": { "lat": 4.99, "lon": 6.61, "crs": 0.589, "crs_lower": 0.7093, "crs_upper": 0.8051, "risk_tier": "high", "colour": "#FF6D00" }, "geometry": { "type": "Point", "coordinates": [ 6.61, 4.99 ] } },
{ "type": "Feature", "properties": { "lat": 4.99, "lon": 6.62, "crs": 0.5659, "crs_lower": 0.6784, "crs_upper": 0.7864, "risk_tier": "high", "colour": "#FF6D00" }, "geometry": { "type": "Point", "coordinates": [ 6.62, 4.99 ] } },
{ "type": "Feature", "properties": { "lat": 4.99, "lon": 6.63, "crs": 0.5685, "crs_lower": 0.6821, "crs_upper": 0.7854, "risk_tier": "high", "colour": "#FF6D00" }, "geometry": { "type": "Point", "coordinates": [ 6.63, 4.99 ] } },
{ "type": "Feature", "properties": { "lat": 5.0, "lon": 6.59, "crs": 0.5643, "crs_lower": 0.6796, "crs_upper": 0.7818, "risk_tier": "high", "colour": "#FF6D00" }, "geometry": { "type": "Point", "coordinates": [ 6.59, 5.0 ] } },
{ "type": "Feature", "properties": { "lat": 5.0, "lon": 6.6, "crs": 0.5892, "crs_lower": 0.7094, "crs_upper": 0.8053, "risk_tier": "high", "colour": "#FF6D00" }, "geometry": { "type": "Point", "coordinates": [ 6.6, 5.0 ] } },
{ "type": "Feature", "properties": { "lat": 5.0, "lon": 6.61, "crs": 0.5642, "crs_lower": 0.6762, "crs_upper": 0.7812, "risk_tier": "high", "colour": "#FF6D00" }, "geometry": { "type": "Point", "coordinates": [ 6.61, 5.0 ] } },
{ "type": "Feature", "properties": { "lat": 5.0, "lon": 6.62, "crs": 0.5642, "crs_lower": 0.6762, "crs_upper": 0.7817, "risk_tier": "high", "colour": "#FF6D00" }, "geometry": { "type": "Point", "coordinates": [ 6.62, 5.0 ] } },
{ "type": "Feature", "properties": { "lat": 5.0, "lon": 6.63, "crs": 0.5751, "crs_lower": 0.6908, "crs_upper": 0.7917, "risk_tier": "high", "colour": "#FF6D00" }, "geometry": { "type": "Point", "coordinates": [ 6.63, 5.0 ] } },
{ "type": "Feature", "properties": { "lat": 5.0, "lon": 6.64, "crs": 0.5324, "crs_lower": 0.634, "crs_upper": 0.7522, "risk_tier": "high", "colour": "#FF6D00" }, "geometry": { "type": "Point", "coordinates": [ 6.64, 5.0 ] } },
{ "type": "Feature", "properties": { "lat": 5.01, "lon": 6.59, "crs": 0.5643, "crs_lower": 0.6764, "crs_upper": 0.7815, "risk_tier": "high", "colour": "#FF6D00" }, "geometry": { "type": "Point", "coordinates": [ 6.59, 5.01 ] } },
{ "type": "Feature", "properties": { "lat": 5.01, "lon": 6.6, "crs": 0.5892, "crs_lower": 0.7093, "crs_upper": 0.8047, "risk_tier": "high", "colour": "#FF6D00" }, "geometry": { "type": "Point", "coordinates": [ 6.6, 5.01 ] } },
{ "type": "Feature", "properties": { "lat": 5.01, "lon": 6.61, "crs": 0.5642, "crs_lower": 0.6761, "crs_upper": 0.7817, "risk_tier": "high", "colour": "#FF6D00" }, "geometry": { "type": "Point", "coordinates": [ 6.61, 5.01 ] } },
{ "type": "Feature", "properties": { "lat": 5.01, "lon": 6.62, "crs": 0.589, "crs_lower": 0.7124, "crs_upper": 0.8053, "risk_tier": "high", "colour": "#FF6D00" }, "geometry": { "type": "Point", "coordinates": [ 6.62, 5.01 ] } },
{ "type": "Feature", "properties": { "lat": 5.01, "lon": 6.63, "crs": 0.5943, "crs_lower": 0.7093, "crs_upper": 0.8053, "risk_tier": "high", "colour": "#FF6D00" }, "geometry": { "type": "Point", "coordinates": [ 6.63, 5.01 ] } },
{ "type": "Feature", "properties": { "lat": 5.01, "lon": 6.64, "crs": 0.5496, "crs_lower": 0.6342, "crs_upper": 0.7521, "risk_tier": "high", "colour": "#FF6D00" }, "geometry": { "type": "Point", "coordinates": [ 6.64, 5.01 ] } },
{ "type": "Feature", "properties": { "lat": 5.01, "lon": 6.65, "crs": 0.5497, "crs_lower": 0.6341, "crs_upper": 0.7519, "risk_tier": "high", "colour": "#FF6D00" }, "geometry": { "type": "Point", "coordinates": [ 6.65, 5.01 ] } },
{ "type": "Feature", "properties": { "lat": 5.02, "lon": 6.56, "crs": 0.5597, "crs_lower": 0.672, "crs_upper": 0.7773, "risk_tier": "high", "colour": "#FF6D00" }, "geometry": { "type": "Point", "coordinates": [ 6.56, 5.02 ] } },
{ "type": "Feature", "properties": { "lat": 5.02, "lon": 6.57, "crs": 0.5643, "crs_lower": 0.6762, "crs_upper": 0.7818, "risk_tier": "high", "colour": "#FF6D00" }, "geometry": { "type": "Point", "coordinates": [ 6.57, 5.02 ] } },
{ "type": "Feature", "properties": { "lat": 5.02, "lon": 6.58, "crs": 0.5891, "crs_lower": 0.7092, "crs_upper": 0.8051, "risk_tier": "high", "colour": "#FF6D00" }, "geometry": { "type": "Point", "coordinates": [ 6.58, 5.02 ] } },
{ "type": "Feature", "properties": { "lat": 5.02, "lon": 6.59, "crs": 0.6048, "crs_lower": 0.7093, "crs_upper": 0.8053, "risk_tier": "high", "colour": "#FF6D00" }, "geometry": { "type": "Point", "coordinates": [ 6.59, 5.02 ] } },
{ "type": "Feature", "properties": { "lat": 5.02, "lon": 6.6, "crs": 0.5892, "crs_lower": 0.7093, "crs_upper": 0.8051, "risk_tier": "high", "colour": "#FF6D00" }, "geometry": { "type": "Point", "coordinates": [ 6.6, 5.02 ] } },
{ "type": "Feature", "properties": { "lat": 5.02, "lon": 6.61, "crs": 0.589, "crs_lower": 0.7093, "crs_upper": 0.8048, "risk_tier": "high", "colour": "#FF6D00" }, "geometry": { "type": "Point", "coordinates": [ 6.61, 5.02 ] } },
{ "type": "Feature", "properties": { "lat": 5.02, "lon": 6.62, "crs": 0.6046, "crs_lower": 0.7093, "crs_upper": 0.805, "risk_tier": "high", "colour": "#FF6D00" }, "geometry": { "type": "Point", "coordinates": [ 6.62, 5.02 ] } },
{ "type": "Feature", "properties": { "lat": 5.02, "lon": 6.63, "crs": 0.5794, "crs_lower": 0.6738, "crs_upper": 0.7834, "risk_tier": "high", "colour": "#FF6D00" }, "geometry": { "type": "Point", "coordinates": [ 6.63, 5.02 ] } },
{ "type": "Feature", "properties": { "lat": 5.02, "lon": 6.64, "crs": 0.5794, "crs_lower": 0.6794, "crs_upper": 0.7834, "risk_tier": "high", "colour": "#FF6D00" }, "geometry": { "type": "Point", "coordinates": [ 6.64, 5.02 ] } },
{ "type": "Feature", "properties": { "lat": 5.02, "lon": 6.65, "crs": 0.5397, "crs_lower": 0.6437, "crs_upper": 0.7594, "risk_tier": "high", "colour": "#FF6D00" }, "geometry": { "type": "Point", "coordinates": [ 6.65, 5.02 ] } },
{ "type": "Feature", "properties": { "lat": 5.02, "lon": 6.66, "crs": 0.5324, "crs_lower": 0.642, "crs_upper": 0.7522, "risk_tier": "high", "colour": "#FF6D00" }, "geometry": { "type": "Point", "coordinates": [ 6.66, 5.02 ] } },
{ "type": "Feature", "properties": { "lat": 5.03, "lon": 6.57, "crs": 0.5891, "crs_lower": 0.7093, "crs_upper": 0.8053, "risk_tier": "high", "colour": "#FF6D00" }, "geometry": { "type": "Point", "coordinates": [ 6.57, 5.03 ] } },
{ "type": "Feature", "properties": { "lat": 5.03, "lon": 6.58, "crs": 0.6331, "crs_lower": 0.7095, "crs_upper": 0.8053, "risk_tier": "high", "colour": "#FF6D00" }, "geometry": { "type": "Point", "coordinates": [ 6.58, 5.03 ] } },
{ "type": "Feature", "properties": { "lat": 5.03, "lon": 6.59, "crs": 0.6049, "crs_lower": 0.7092, "crs_upper": 0.8053, "risk_tier": "high", "colour": "#FF6D00" }, "geometry": { "type": "Point", "coordinates": [ 6.59, 5.03 ] } },
{ "type": "Feature", "properties": { "lat": 5.03, "lon": 6.6, "crs": 0.6048, "crs_lower": 0.7093, "crs_upper": 0.8053, "risk_tier": "high", "colour": "#FF6D00" }, "geometry": { "type": "Point", "coordinates": [ 6.6, 5.03 ] } },
{ "type": "Feature", "properties": { "lat": 5.03, "lon": 6.61, "crs": 0.6048, "crs_lower": 0.7181, "crs_upper": 0.8053, "risk_tier": "high", "colour": "#FF6D00" }, "geometry": { "type": "Point", "coordinates": [ 6.61, 5.03 ] } },
{ "type": "Feature", "properties": { "lat": 5.03, "lon": 6.62, "crs": 0.579, "crs_lower": 0.6726, "crs_upper": 0.7822, "risk_tier": "high", "colour": "#FF6D00" }, "geometry": { "type": "Point", "coordinates": [ 6.62, 5.03 ] } },
{ "type": "Feature", "properties": { "lat": 5.03, "lon": 6.63, "crs": 0.5625, "crs_lower": 0.6736, "crs_upper": 0.7834, "risk_tier": "high", "colour": "#FF6D00" }, "geometry": { "type": "Point", "coordinates": [ 6.63, 5.03 ] } },
{ "type": "Feature", "properties": { "lat": 5.03, "lon": 6.64, "crs": 0.5622, "crs_lower": 0.6735, "crs_upper": 0.7834, "risk_tier": "high", "colour": "#FF6D00" }, "geometry": { "type": "Point", "coordinates": [ 6.64, 5.03 ] } },
{ "type": "Feature", "properties": { "lat": 5.03, "lon": 6.65, "crs": 0.5309, "crs_lower": 0.6324, "crs_upper": 0.7507, "risk_tier": "high", "colour": "#FF6D00" }, "geometry": { "type": "Point", "coordinates": [ 6.65, 5.03 ] } },
{ "type": "Feature", "properties": { "lat": 5.03, "lon": 6.66, "crs": 0.5309, "crs_lower": 0.6321, "crs_upper": 0.7507, "risk_tier": "high", "colour": "#FF6D00" }, "geometry": { "type": "Point", "coordinates": [ 6.66, 5.03 ] } },
{ "type": "Feature", "properties": { "lat": 5.04, "lon": 6.47, "crs": 0.5642, "crs_lower": 0.6727, "crs_upper": 0.7828, "risk_tier": "high", "colour": "#FF6D00" }, "geometry": { "type": "Point", "coordinates": [ 6.47, 5.04 ] } },
{ "type": "Feature", "properties": { "lat": 5.04, "lon": 6.48, "crs": 0.5616, "crs_lower": 0.6727, "crs_upper": 0.7828, "risk_tier": "high", "colour": "#FF6D00" }, "geometry": { "type": "Point", "coordinates": [ 6.48, 5.04 ] } },
{ "type": "Feature", "properties": { "lat": 5.04, "lon": 6.49, "crs": 0.5643, "crs_lower": 0.6762, "crs_upper": 0.7812, "risk_tier": "high", "colour": "#FF6D00" }, "geometry": { "type": "Point", "coordinates": [ 6.49, 5.04 ] } },
{ "type": "Feature", "properties": { "lat": 5.04, "lon": 6.5, "crs": 0.5643, "crs_lower": 0.6761, "crs_upper": 0.7817, "risk_tier": "high", "colour": "#FF6D00" }, "geometry": { "type": "Point", "coordinates": [ 6.5, 5.04 ] } },
{ "type": "Feature", "properties": { "lat": 5.04, "lon": 6.56, "crs": 0.5475, "crs_lower": 0.5856, "crs_upper": 0.7117, "risk_tier": "high", "colour": "#FF6D00" }, "geometry": { "type": "Point", "coordinates": [ 6.56, 5.04 ] } },
{ "type": "Feature", "properties": { "lat": 5.04, "lon": 6.57, "crs": 0.6287, "crs_lower": 0.7095, "crs_upper": 0.8053, "risk_tier": "high", "colour": "#FF6D00" }, "geometry": { "type": "Point", "coordinates": [ 6.57, 5.04 ] } },
{ "type": "Feature", "properties": { "lat": 5.04, "lon": 6.58, "crs": 0.6287, "crs_lower": 0.7092, "crs_upper": 0.8053, "risk_tier": "high", "colour": "#FF6D00" }, "geometry": { "type": "Point", "coordinates": [ 6.58, 5.04 ] } },
{ "type": "Feature", "properties": { "lat": 5.04, "lon": 6.59, "crs": 0.5815, "crs_lower": 0.6762, "crs_upper": 0.7818, "risk_tier": "high", "colour": "#FF6D00" }, "geometry": { "type": "Point", "coordinates": [ 6.59, 5.04 ] } },
{ "type": "Feature", "properties": { "lat": 5.04, "lon": 6.6, "crs": 0.579, "crs_lower": 0.6727, "crs_upper": 0.7828, "risk_tier": "high", "colour": "#FF6D00" }, "geometry": { "type": "Point", "coordinates": [ 6.6, 5.04 ] } },
{ "type": "Feature", "properties": { "lat": 5.04, "lon": 6.61, "crs": 0.5677, "crs_lower": 0.6725, "crs_upper": 0.7828, "risk_tier": "high", "colour": "#FF6D00" }, "geometry": { "type": "Point", "coordinates": [ 6.61, 5.04 ] } },
{ "type": "Feature", "properties": { "lat": 5.04, "lon": 6.62, "crs": 0.5677, "crs_lower": 0.6727, "crs_upper": 0.7828, "risk_tier": "high", "colour": "#FF6D00" }, "geometry": { "type": "Point", "coordinates": [ 6.62, 5.04 ] } },
{ "type": "Feature", "properties": { "lat": 5.04, "lon": 6.63, "crs": 0.5796, "crs_lower": 0.6736, "crs_upper": 0.7834, "risk_tier": "high", "colour": "#FF6D00" }, "geometry": { "type": "Point", "coordinates": [ 6.63, 5.04 ] } },
{ "type": "Feature", "properties": { "lat": 5.04, "lon": 6.64, "crs": 0.5625, "crs_lower": 0.6737, "crs_upper": 0.7832, "risk_tier": "high", "colour": "#FF6D00" }, "geometry": { "type": "Point", "coordinates": [ 6.64, 5.04 ] } },
{ "type": "Feature", "properties": { "lat": 5.04, "lon": 6.65, "crs": 0.5625, "crs_lower": 0.6736, "crs_upper": 0.7834, "risk_tier": "high", "colour": "#FF6D00" }, "geometry": { "type": "Point", "coordinates": [ 6.65, 5.04 ] } },
{ "type": "Feature", "properties": { "lat": 5.04, "lon": 6.66, "crs": 0.5312, "crs_lower": 0.6325, "crs_upper": 0.7507, "risk_tier": "high", "colour": "#FF6D00" }, "geometry": { "type": "Point", "coordinates": [ 6.66, 5.04 ] } },
{ "type": "Feature", "properties": { "lat": 5.05, "lon": 6.55, "crs": 0.5123, "crs_lower": 0.5855, "crs_upper": 0.7123, "risk_tier": "high", "colour": "#FF6D00" }, "geometry": { "type": "Point", "coordinates": [ 6.55, 5.05 ] } },
{ "type": "Feature", "properties": { "lat": 5.05, "lon": 6.57, "crs": 0.6062, "crs_lower": 0.6738, "crs_upper": 0.7834, "risk_tier": "high", "colour": "#FF6D00" }, "geometry": { "type": "Point", "coordinates": [ 6.57, 5.05 ] } },
{ "type": "Feature", "properties": { "lat": 5.05, "lon": 6.58, "crs": 0.6015, "crs_lower": 0.6433, "crs_upper": 0.7603, "risk_tier": "high", "colour": "#FF6D00" }, "geometry": { "type": "Point", "coordinates": [ 6.58, 5.05 ] } },
{ "type": "Feature", "properties": { "lat": 5.05, "lon": 6.59, "crs": 0.5797, "crs_lower": 0.6739, "crs_upper": 0.7834, "risk_tier": "high", "colour": "#FF6D00" }, "geometry": { "type": "Point", "coordinates": [ 6.59, 5.05 ] } },
{ "type": "Feature", "properties": { "lat": 5.05, "lon": 6.6, "crs": 0.579, "crs_lower": 0.6727, "crs_upper": 0.7828, "risk_tier": "high", "colour": "#FF6D00" }, "geometry": { "type": "Point", "coordinates": [ 6.6, 5.05 ] } },
{ "type": "Feature", "properties": { "lat": 5.05, "lon": 6.61, "crs": 0.5703, "crs_lower": 0.6764, "crs_upper": 0.7812, "risk_tier": "high", "colour": "#FF6D00" }, "geometry": { "type": "Point", "coordinates": [ 6.61, 5.05 ] } },
{ "type": "Feature", "properties": { "lat": 5.05, "lon": 6.62, "crs": 0.5618, "crs_lower": 0.6787, "crs_upper": 0.7828, "risk_tier": "high", "colour": "#FF6D00" }, "geometry": { "type": "Point", "coordinates": [ 6.62, 5.05 ] } },
{ "type": "Feature", "properties": { "lat": 5.05, "lon": 6.63, "crs": 0.5677, "crs_lower": 0.6787, "crs_upper": 0.7828, "risk_tier": "high", "colour": "#FF6D00" }, "geometry": { "type": "Point", "coordinates": [ 6.63, 5.05 ] } },
{ "type": "Feature", "properties": { "lat": 5.05, "lon": 6.64, "crs": 0.5684, "crs_lower": 0.6737, "crs_upper": 0.7834, "risk_tier": "high", "colour": "#FF6D00" }, "geometry": { "type": "Point", "coordinates": [ 6.64, 5.05 ] } },
{ "type": "Feature", "properties": { "lat": 5.05, "lon": 6.65, "crs": 0.5625, "crs_lower": 0.6736, "crs_upper": 0.7834, "risk_tier": "high", "colour": "#FF6D00" }, "geometry": { "type": "Point", "coordinates": [ 6.65, 5.05 ] } },
{ "type": "Feature", "properties": { "lat": 5.05, "lon": 6.66, "crs": 0.5312, "crs_lower": 0.6323, "crs_upper": 0.7507, "risk_tier": "high", "colour": "#FF6D00" }, "geometry": { "type": "Point", "coordinates": [ 6.66, 5.05 ] } },
{ "type": "Feature", "properties": { "lat": 5.06, "lon": 6.48, "crs": 0.5201, "crs_lower": 0.5534, "crs_upper": 0.6801, "risk_tier": "high", "colour": "#FF6D00" }, "geometry": { "type": "Point", "coordinates": [ 6.48, 5.06 ] } },
{ "type": "Feature", "properties": { "lat": 5.06, "lon": 6.49, "crs": 0.5201, "crs_lower": 0.5601, "crs_upper": 0.6801, "risk_tier": "high", "colour": "#FF6D00" }, "geometry": { "type": "Point", "coordinates": [ 6.49, 5.06 ] } },
{ "type": "Feature", "properties": { "lat": 5.06, "lon": 6.57, "crs": 0.6202, "crs_lower": 0.6725, "crs_upper": 0.7828, "risk_tier": "high", "colour": "#FF6D00" }, "geometry": { "type": "Point", "coordinates": [ 6.57, 5.06 ] } },
{ "type": "Feature", "properties": { "lat": 5.06, "lon": 6.58, "crs": 0.5578, "crs_lower": 0.6432, "crs_upper": 0.7603, "risk_tier": "high", "colour": "#FF6D00" }, "geometry": { "type": "Point", "coordinates": [ 6.58, 5.06 ] } },
{ "type": "Feature", "properties": { "lat": 5.06, "lon": 6.59, "crs": 0.5625, "crs_lower": 0.6736, "crs_upper": 0.7834, "risk_tier": "high", "colour": "#FF6D00" }, "geometry": { "type": "Point", "coordinates": [ 6.59, 5.06 ] } },
{ "type": "Feature", "properties": { "lat": 5.06, "lon": 6.6, "crs": 0.5625, "crs_lower": 0.6736, "crs_upper": 0.7832, "risk_tier": "high", "colour": "#FF6D00" }, "geometry": { "type": "Point", "coordinates": [ 6.6, 5.06 ] } },
{ "type": "Feature", "properties": { "lat": 5.06, "lon": 6.61, "crs": 0.5618, "crs_lower": 0.6727, "crs_upper": 0.7828, "risk_tier": "high", "colour": "#FF6D00" }, "geometry": { "type": "Point", "coordinates": [ 6.61, 5.06 ] } },
{ "type": "Feature", "properties": { "lat": 5.06, "lon": 6.62, "crs": 0.5644, "crs_lower": 0.6763, "crs_upper": 0.7818, "risk_tier": "high", "colour": "#FF6D00" }, "geometry": { "type": "Point", "coordinates": [ 6.62, 5.06 ] } },
{ "type": "Feature", "properties": { "lat": 5.06, "lon": 6.63, "crs": 0.579, "crs_lower": 0.6727, "crs_upper": 0.7822, "risk_tier": "high", "colour": "#FF6D00" }, "geometry": { "type": "Point", "coordinates": [ 6.63, 5.06 ] } },
{ "type": "Feature", "properties": { "lat": 5.06, "lon": 6.64, "crs": 0.579, "crs_lower": 0.6728, "crs_upper": 0.7828, "risk_tier": "high", "colour": "#FF6D00" }, "geometry": { "type": "Point", "coordinates": [ 6.64, 5.06 ] } },
{ "type": "Feature", "properties": { "lat": 5.06, "lon": 6.65, "crs": 0.5625, "crs_lower": 0.6736, "crs_upper": 0.7834, "risk_tier": "high", "colour": "#FF6D00" }, "geometry": { "type": "Point", "coordinates": [ 6.65, 5.06 ] } },
{ "type": "Feature", "properties": { "lat": 5.06, "lon": 6.66, "crs": 0.5312, "crs_lower": 0.6323, "crs_upper": 0.7506, "risk_tier": "high", "colour": "#FF6D00" }, "geometry": { "type": "Point", "coordinates": [ 6.66, 5.06 ] } },
{ "type": "Feature", "properties": { "lat": 5.07, "lon": 6.47, "crs": 0.5201, "crs_lower": 0.5531, "crs_upper": 0.6804, "risk_tier": "high", "colour": "#FF6D00" }, "geometry": { "type": "Point", "coordinates": [ 6.47, 5.07 ] } },
{ "type": "Feature", "properties": { "lat": 5.07, "lon": 6.48, "crs": 0.5201, "crs_lower": 0.5467, "crs_upper": 0.6801, "risk_tier": "high", "colour": "#FF6D00" }, "geometry": { "type": "Point", "coordinates": [ 6.48, 5.07 ] } },
{ "type": "Feature", "properties": { "lat": 5.07, "lon": 6.49, "crs": 0.5201, "crs_lower": 0.5467, "crs_upper": 0.6798, "risk_tier": "high", "colour": "#FF6D00" }, "geometry": { "type": "Point", "coordinates": [ 6.49, 5.07 ] } },
{ "type": "Feature", "properties": { "lat": 5.07, "lon": 6.54, "crs": 0.5122, "crs_lower": 0.5917, "crs_upper": 0.7121, "risk_tier": "high", "colour": "#FF6D00" }, "geometry": { "type": "Point", "coordinates": [ 6.54, 5.07 ] } },
{ "type": "Feature", "properties": { "lat": 5.07, "lon": 6.56, "crs": 0.5359, "crs_lower": 0.5418, "crs_upper": 0.6808, "risk_tier": "high", "colour": "#FF6D00" }, "geometry": { "type": "Point", "coordinates": [ 6.56, 5.07 ] } },
{ "type": "Feature", "properties": { "lat": 5.07, "lon": 6.57, "crs": 0.6202, "crs_lower": 0.6727, "crs_upper": 0.7828, "risk_tier": "high", "colour": "#FF6D00" }, "geometry": { "type": "Point", "coordinates": [ 6.57, 5.07 ] } },
{ "type": "Feature", "properties": { "lat": 5.07, "lon": 6.58, "crs": 0.5624, "crs_lower": 0.6737, "crs_upper": 0.7834, "risk_tier": "high", "colour": "#FF6D00" }, "geometry": { "type": "Point", "coordinates": [ 6.58, 5.07 ] } },
{ "type": "Feature", "properties": { "lat": 5.07, "lon": 6.59, "crs": 0.5486, "crs_lower": 0.6388, "crs_upper": 0.7507, "risk_tier": "high", "colour": "#FF6D00" }, "geometry": { "type": "Point", "coordinates": [ 6.59, 5.07 ] } },
{ "type": "Feature", "properties": { "lat": 5.07, "lon": 6.6, "crs": 0.5312, "crs_lower": 0.6386, "crs_upper": 0.7507, "risk_tier": "high", "colour": "#FF6D00" }, "geometry": { "type": "Point", "coordinates": [ 6.6, 5.07 ] } },
{ "type": "Feature", "properties": { "lat": 5.07, "lon": 6.61, "crs": 0.5625, "crs_lower": 0.6736, "crs_upper": 0.7829, "risk_tier": "high", "colour": "#FF6D00" }, "geometry": { "type": "Point", "coordinates": [ 6.61, 5.07 ] } },
{ "type": "Feature", "properties": { "lat": 5.07, "lon": 6.62, "crs": 0.5625, "crs_lower": 0.6736, "crs_upper": 0.7834, "risk_tier": "high", "colour": "#FF6D00" }, "geometry": { "type": "Point", "coordinates": [ 6.62, 5.07 ] } },
{ "type": "Feature", "properties": { "lat": 5.07, "lon": 6.63, "crs": 0.5625, "crs_lower": 0.6736, "crs_upper": 0.7834, "risk_tier": "high", "colour": "#FF6D00" }, "geometry": { "type": "Point", "coordinates": [ 6.63, 5.07 ] } },
{ "type": "Feature", "properties": { "lat": 5.07, "lon": 6.64, "crs": 0.5618, "crs_lower": 0.673, "crs_upper": 0.7828, "risk_tier": "high", "colour": "#FF6D00" }, "geometry": { "type": "Point", "coordinates": [ 6.64, 5.07 ] } },
{ "type": "Feature", "properties": { "lat": 5.07, "lon": 6.65, "crs": 0.5625, "crs_lower": 0.6735, "crs_upper": 0.7834, "risk_tier": "high", "colour": "#FF6D00" }, "geometry": { "type": "Point", "coordinates": [ 6.65, 5.07 ] } },
{ "type": "Feature", "properties": { "lat": 5.07, "lon": 6.66, "crs": 0.5312, "crs_lower": 0.6322, "crs_upper": 0.7507, "risk_tier": "high", "colour": "#FF6D00" }, "geometry": { "type": "Point", "coordinates": [ 6.66, 5.07 ] } },
{ "type": "Feature", "properties": { "lat": 5.08, "lon": 6.46, "crs": 0.5201, "crs_lower": 0.5469, "crs_upper": 0.6804, "risk_tier": "high", "colour": "#FF6D00" }, "geometry": { "type": "Point", "coordinates": [ 6.46, 5.08 ] } },
{ "type": "Feature", "properties": { "lat": 5.08, "lon": 6.47, "crs": 0.5394, "crs_lower": 0.5467, "crs_upper": 0.6804, "risk_tier": "high", "colour": "#FF6D00" }, "geometry": { "type": "Point", "coordinates": [ 6.47, 5.08 ] } },
{ "type": "Feature", "properties": { "lat": 5.08, "lon": 6.48, "crs": 0.5201, "crs_lower": 0.5467, "crs_upper": 0.6804, "risk_tier": "high", "colour": "#FF6D00" }, "geometry": { "type": "Point", "coordinates": [ 6.48, 5.08 ] } },
{ "type": "Feature", "properties": { "lat": 5.08, "lon": 6.54, "crs": 0.5122, "crs_lower": 0.5859, "crs_upper": 0.7123, "risk_tier": "high", "colour": "#FF6D00" }, "geometry": { "type": "Point", "coordinates": [ 6.54, 5.08 ] } },
{ "type": "Feature", "properties": { "lat": 5.08, "lon": 6.58, "crs": 0.5618, "crs_lower": 0.6866, "crs_upper": 0.7822, "risk_tier": "high", "colour": "#FF6D00" }, "geometry": { "type": "Point", "coordinates": [ 6.58, 5.08 ] } },
{ "type": "Feature", "properties": { "lat": 5.08, "lon": 6.59, "crs": 0.5486, "crs_lower": 0.6323, "crs_upper": 0.7507, "risk_tier": "high", "colour": "#FF6D00" }, "geometry": { "type": "Point", "coordinates": [ 6.59, 5.08 ] } },
{ "type": "Feature", "properties": { "lat": 5.08, "lon": 6.6, "crs": 0.5312, "crs_lower": 0.6321, "crs_upper": 0.7504, "risk_tier": "high", "colour": "#FF6D00" }, "geometry": { "type": "Point", "coordinates": [ 6.6, 5.08 ] } },
{ "type": "Feature", "properties": { "lat": 5.08, "lon": 6.61, "crs": 0.5625, "crs_lower": 0.674, "crs_upper": 0.7834, "risk_tier": "high", "colour": "#FF6D00" }, "geometry": { "type": "Point", "coordinates": [ 6.61, 5.08 ] } },
{ "type": "Feature", "properties": { "lat": 5.08, "lon": 6.62, "crs": 0.5625, "crs_lower": 0.6736, "crs_upper": 0.7834, "risk_tier": "high", "colour": "#FF6D00" }, "geometry": { "type": "Point", "coordinates": [ 6.62, 5.08 ] } },
{ "type": "Feature", "properties": { "lat": 5.08, "lon": 6.63, "crs": 0.5625, "crs_lower": 0.6737, "crs_upper": 0.7829, "risk_tier": "high", "colour": "#FF6D00" }, "geometry": { "type": "Point", "coordinates": [ 6.63, 5.08 ] } },
{ "type": "Feature", "properties": { "lat": 5.08, "lon": 6.64, "crs": 0.5395, "crs_lower": 0.6432, "crs_upper": 0.7601, "risk_tier": "high", "colour": "#FF6D00" }, "geometry": { "type": "Point", "coordinates": [ 6.64, 5.08 ] } },
{ "type": "Feature", "properties": { "lat": 5.08, "lon": 6.65, "crs": 0.5362, "crs_lower": 0.6323, "crs_upper": 0.7507, "risk_tier": "high", "colour": "#FF6D00" }, "geometry": { "type": "Point", "coordinates": [ 6.65, 5.08 ] } },
{ "type": "Feature", "properties": { "lat": 5.09, "lon": 6.46, "crs": 0.5107, "crs_lower": 0.5058, "crs_upper": 0.6451, "risk_tier": "high", "colour": "#FF6D00" }, "geometry": { "type": "Point", "coordinates": [ 6.46, 5.09 ] } },
{ "type": "Feature", "properties": { "lat": 5.09, "lon": 6.47, "crs": 0.5394, "crs_lower": 0.547, "crs_upper": 0.6804, "risk_tier": "high", "colour": "#FF6D00" }, "geometry": { "type": "Point", "coordinates": [ 6.47, 5.09 ] } },
{ "type": "Feature", "properties": { "lat": 5.09, "lon": 6.48, "crs": 0.5394, "crs_lower": 0.5469, "crs_upper": 0.6804, "risk_tier": "high", "colour": "#FF6D00" }, "geometry": { "type": "Point", "coordinates": [ 6.48, 5.09 ] } },
{ "type": "Feature", "properties": { "lat": 5.09, "lon": 6.49, "crs": 0.5394, "crs_lower": 0.5532, "crs_upper": 0.6804, "risk_tier": "high", "colour": "#FF6D00" }, "geometry": { "type": "Point", "coordinates": [ 6.49, 5.09 ] } },
{ "type": "Feature", "properties": { "lat": 5.09, "lon": 6.5, "crs": 0.5054, "crs_lower": 0.5067, "crs_upper": 0.6385, "risk_tier": "high", "colour": "#FF6D00" }, "geometry": { "type": "Point", "coordinates": [ 6.5, 5.09 ] } },
{ "type": "Feature", "properties": { "lat": 5.09, "lon": 6.58, "crs": 0.5815, "crs_lower": 0.682, "crs_upper": 0.7818, "risk_tier": "high", "colour": "#FF6D00" }, "geometry": { "type": "Point", "coordinates": [ 6.58, 5.09 ] } },
{ "type": "Feature", "properties": { "lat": 5.09, "lon": 6.59, "crs": 0.5797, "crs_lower": 0.6832, "crs_upper": 0.7832, "risk_tier": "high", "colour": "#FF6D00" }, "geometry": { "type": "Point", "coordinates": [ 6.59, 5.09 ] } },
{ "type": "Feature", "properties": { "lat": 5.09, "lon": 6.6, "crs": 0.5625, "crs_lower": 0.683, "crs_upper": 0.7834, "risk_tier": "high", "colour": "#FF6D00" }, "geometry": { "type": "Point", "coordinates": [ 6.6, 5.09 ] } },
{ "type": "Feature", "properties": { "lat": 5.09, "lon": 6.61, "crs": 0.5625, "crs_lower": 0.6832, "crs_upper": 0.7834, "risk_tier": "high", "colour": "#FF6D00" }, "geometry": { "type": "Point", "coordinates": [ 6.61, 5.09 ] } },
{ "type": "Feature", "properties": { "lat": 5.09, "lon": 6.62, "crs": 0.5625, "crs_lower": 0.6737, "crs_upper": 0.7834, "risk_tier": "high", "colour": "#FF6D00" }, "geometry": { "type": "Point", "coordinates": [ 6.62, 5.09 ] } },
{ "type": "Feature", "properties": { "lat": 5.09, "lon": 6.63, "crs": 0.5625, "crs_lower": 0.6735, "crs_upper": 0.7834, "risk_tier": "high", "colour": "#FF6D00" }, "geometry": { "type": "Point", "coordinates": [ 6.63, 5.09 ] } },
{ "type": "Feature", "properties": { "lat": 5.09, "lon": 6.64, "crs": 0.5579, "crs_lower": 0.6432, "crs_upper": 0.7598, "risk_tier": "high", "colour": "#FF6D00" }, "geometry": { "type": "Point", "coordinates": [ 6.64, 5.09 ] } },
{ "type": "Feature", "properties": { "lat": 5.1, "lon": 6.46, "crs": 0.5107, "crs_lower": 0.506, "crs_upper": 0.645, "risk_tier": "high", "colour": "#FF6D00" }, "geometry": { "type": "Point", "coordinates": [ 6.46, 5.1 ] } },
{ "type": "Feature", "properties": { "lat": 5.1, "lon": 6.47, "crs": 0.5394, "crs_lower": 0.5532, "crs_upper": 0.6804, "risk_tier": "high", "colour": "#FF6D00" }, "geometry": { "type": "Point", "coordinates": [ 6.47, 5.1 ] } },
{ "type": "Feature", "properties": { "lat": 5.1, "lon": 6.48, "crs": 0.5394, "crs_lower": 0.5467, "crs_upper": 0.6804, "risk_tier": "high", "colour": "#FF6D00" }, "geometry": { "type": "Point", "coordinates": [ 6.48, 5.1 ] } },
{ "type": "Feature", "properties": { "lat": 5.1, "lon": 6.49, "crs": 0.5054, "crs_lower": 0.5008, "crs_upper": 0.6385, "risk_tier": "high", "colour": "#FF6D00" }, "geometry": { "type": "Point", "coordinates": [ 6.49, 5.1 ] } },
{ "type": "Feature", "properties": { "lat": 5.1, "lon": 6.57, "crs": 0.5814, "crs_lower": 0.6767, "crs_upper": 0.7818, "risk_tier": "high", "colour": "#FF6D00" }, "geometry": { "type": "Point", "coordinates": [ 6.57, 5.1 ] } },
{ "type": "Feature", "properties": { "lat": 5.1, "lon": 6.58, "crs": 0.5815, "crs_lower": 0.6821, "crs_upper": 0.7818, "risk_tier": "high", "colour": "#FF6D00" }, "geometry": { "type": "Point", "coordinates": [ 6.58, 5.1 ] } },
{ "type": "Feature", "properties": { "lat": 5.1, "lon": 6.59, "crs": 0.5815, "crs_lower": 0.6761, "crs_upper": 0.7812, "risk_tier": "high", "colour": "#FF6D00" }, "geometry": { "type": "Point", "coordinates": [ 6.59, 5.1 ] } },
{ "type": "Feature", "properties": { "lat": 5.1, "lon": 6.6, "crs": 0.5625, "crs_lower": 0.6737, "crs_upper": 0.7834, "risk_tier": "high", "colour": "#FF6D00" }, "geometry": { "type": "Point", "coordinates": [ 6.6, 5.1 ] } },
{ "type": "Feature", "properties": { "lat": 5.1, "lon": 6.61, "crs": 0.5312, "crs_lower": 0.6324, "crs_upper": 0.7507, "risk_tier": "high", "colour": "#FF6D00" }, "geometry": { "type": "Point", "coordinates": [ 6.61, 5.1 ] } },
{ "type": "Feature", "properties": { "lat": 5.11, "lon": 6.46, "crs": 0.5107, "crs_lower": 0.5059, "crs_upper": 0.645, "risk_tier": "high", "colour": "#FF6D00" }, "geometry": { "type": "Point", "coordinates": [ 6.46, 5.11 ] } },
{ "type": "Feature", "properties": { "lat": 5.11, "lon": 6.56, "crs": 0.5771, "crs_lower": 0.672, "crs_upper": 0.7773, "risk_tier": "high", "colour": "#FF6D00" }, "geometry": { "type": "Point", "coordinates": [ 6.56, 5.11 ] } },
{ "type": "Feature", "properties": { "lat": 5.11, "lon": 6.57, "crs": 0.5815, "crs_lower": 0.676, "crs_upper": 0.7818, "risk_tier": "high", "colour": "#FF6D00" }, "geometry": { "type": "Point", "coordinates": [ 6.57, 5.11 ] } },
{ "type": "Feature", "properties": { "lat": 5.11, "lon": 6.58, "crs": 0.5815, "crs_lower": 0.6821, "crs_upper": 0.7818, "risk_tier": "high", "colour": "#FF6D00" }, "geometry": { "type": "Point", "coordinates": [ 6.58, 5.11 ] } },
{ "type": "Feature", "properties": { "lat": 5.11, "lon": 6.59, "crs": 0.5644, "crs_lower": 0.6763, "crs_upper": 0.7818, "risk_tier": "high", "colour": "#FF6D00" }, "geometry": { "type": "Point", "coordinates": [ 6.59, 5.11 ] } },
{ "type": "Feature", "properties": { "lat": 5.11, "lon": 6.6, "crs": 0.5625, "crs_lower": 0.6736, "crs_upper": 0.7832, "risk_tier": "high", "colour": "#FF6D00" }, "geometry": { "type": "Point", "coordinates": [ 6.6, 5.11 ] } },
{ "type": "Feature", "properties": { "lat": 5.11, "lon": 6.65, "crs": 0.5486, "crs_lower": 0.6322, "crs_upper": 0.7507, "risk_tier": "high", "colour": "#FF6D00" }, "geometry": { "type": "Point", "coordinates": [ 6.65, 5.11 ] } },
{ "type": "Feature", "properties": { "lat": 5.12, "lon": 6.44, "crs": 0.5107, "crs_lower": 0.5056, "crs_upper": 0.645, "risk_tier": "high", "colour": "#FF6D00" }, "geometry": { "type": "Point", "coordinates": [ 6.44, 5.12 ] } },
{ "type": "Feature", "properties": { "lat": 5.12, "lon": 6.46, "crs": 0.5393, "crs_lower": 0.5571, "crs_upper": 0.6803, "risk_tier": "high", "colour": "#FF6D00" }, "geometry": { "type": "Point", "coordinates": [ 6.46, 5.12 ] } },
{ "type": "Feature", "properties": { "lat": 5.12, "lon": 6.57, "crs": 0.6048, "crs_lower": 0.7093, "crs_upper": 0.8053, "risk_tier": "high", "colour": "#FF6D00" }, "geometry": { "type": "Point", "coordinates": [ 6.57, 5.12 ] } },
{ "type": "Feature", "properties": { "lat": 5.12, "lon": 6.58, "crs": 0.5815, "crs_lower": 0.6763, "crs_upper": 0.7818, "risk_tier": "high", "colour": "#FF6D00" }, "geometry": { "type": "Point", "coordinates": [ 6.58, 5.12 ] } },
{ "type": "Feature", "properties": { "lat": 5.12, "lon": 6.59, "crs": 0.5703, "crs_lower": 0.6761, "crs_upper": 0.7818, "risk_tier": "high", "colour": "#FF6D00" }, "geometry": { "type": "Point", "coordinates": [ 6.59, 5.12 ] } },
{ "type": "Feature", "properties": { "lat": 5.13, "lon": 6.44, "crs": 0.5107, "crs_lower": 0.5058, "crs_upper": 0.645, "risk_tier": "high", "colour": "#FF6D00" }, "geometry": { "type": "Point", "coordinates": [ 6.44, 5.13 ] } },
{ "type": "Feature", "properties": { "lat": 5.13, "lon": 6.45, "crs": 0.5393, "crs_lower": 0.5467, "crs_upper": 0.6803, "risk_tier": "high", "colour": "#FF6D00" }, "geometry": { "type": "Point", "coordinates": [ 6.45, 5.13 ] } },
{ "type": "Feature", "properties": { "lat": 5.13, "lon": 6.46, "crs": 0.5393, "crs_lower": 0.5466, "crs_upper": 0.6803, "risk_tier": "high", "colour": "#FF6D00" }, "geometry": { "type": "Point", "coordinates": [ 6.46, 5.13 ] } },
{ "type": "Feature", "properties": { "lat": 5.13, "lon": 6.47, "crs": 0.5393, "crs_lower": 0.5468, "crs_upper": 0.6803, "risk_tier": "high", "colour": "#FF6D00" }, "geometry": { "type": "Point", "coordinates": [ 6.47, 5.13 ] } },
{ "type": "Feature", "properties": { "lat": 5.13, "lon": 6.56, "crs": 0.5598, "crs_lower": 0.672, "crs_upper": 0.7767, "risk_tier": "high", "colour": "#FF6D00" }, "geometry": { "type": "Point", "coordinates": [ 6.56, 5.13 ] } },
{ "type": "Feature", "properties": { "lat": 5.13, "lon": 6.57, "crs": 0.6048, "crs_lower": 0.7094, "crs_upper": 0.8053, "risk_tier": "high", "colour": "#FF6D00" }, "geometry": { "type": "Point", "coordinates": [ 6.57, 5.13 ] } },
{ "type": "Feature", "properties": { "lat": 5.13, "lon": 6.58, "crs": 0.6048, "crs_lower": 0.7094, "crs_upper": 0.8053, "risk_tier": "high", "colour": "#FF6D00" }, "geometry": { "type": "Point", "coordinates": [ 6.58, 5.13 ] } },
{ "type": "Feature", "properties": { "lat": 5.14, "lon": 6.44, "crs": 0.5393, "crs_lower": 0.5467, "crs_upper": 0.6803, "risk_tier": "high", "colour": "#FF6D00" }, "geometry": { "type": "Point", "coordinates": [ 6.44, 5.14 ] } },
{ "type": "Feature", "properties": { "lat": 5.14, "lon": 6.45, "crs": 0.5393, "crs_lower": 0.5467, "crs_upper": 0.6803, "risk_tier": "high", "colour": "#FF6D00" }, "geometry": { "type": "Point", "coordinates": [ 6.45, 5.14 ] } },
{ "type": "Feature", "properties": { "lat": 5.14, "lon": 6.46, "crs": 0.5393, "crs_lower": 0.5466, "crs_upper": 0.6803, "risk_tier": "high", "colour": "#FF6D00" }, "geometry": { "type": "Point", "coordinates": [ 6.46, 5.14 ] } },
{ "type": "Feature", "properties": { "lat": 5.14, "lon": 6.47, "crs": 0.5393, "crs_lower": 0.5466, "crs_upper": 0.6803, "risk_tier": "high", "colour": "#FF6D00" }, "geometry": { "type": "Point", "coordinates": [ 6.47, 5.14 ] } },
{ "type": "Feature", "properties": { "lat": 5.14, "lon": 6.55, "crs": 0.5112, "crs_lower": 0.5425, "crs_upper": 0.6656, "risk_tier": "high", "colour": "#FF6D00" }, "geometry": { "type": "Point", "coordinates": [ 6.55, 5.14 ] } },
{ "type": "Feature", "properties": { "lat": 5.14, "lon": 6.57, "crs": 0.5396, "crs_lower": 0.5467, "crs_upper": 0.6804, "risk_tier": "high", "colour": "#FF6D00" }, "geometry": { "type": "Point", "coordinates": [ 6.57, 5.14 ] } },
{ "type": "Feature", "properties": { "lat": 5.14, "lon": 6.58, "crs": 0.5396, "crs_lower": 0.5509, "crs_upper": 0.6804, "risk_tier": "high", "colour": "#FF6D00" }, "geometry": { "type": "Point", "coordinates": [ 6.58, 5.14 ] } },
{ "type": "Feature", "properties": { "lat": 5.15, "lon": 6.42, "crs": 0.5084, "crs_lower": 0.5026, "crs_upper": 0.6474, "risk_tier": "high", "colour": "#FF6D00" }, "geometry": { "type": "Point", "coordinates": [ 6.42, 5.15 ] } },
{ "type": "Feature", "properties": { "lat": 5.15, "lon": 6.43, "crs": 0.5393, "crs_lower": 0.5467, "crs_upper": 0.6803, "risk_tier": "high", "colour": "#FF6D00" }, "geometry": { "type": "Point", "coordinates": [ 6.43, 5.15 ] } },
{ "type": "Feature", "properties": { "lat": 5.15, "lon": 6.44, "crs": 0.5393, "crs_lower": 0.5465, "crs_upper": 0.6803, "risk_tier": "high", "colour": "#FF6D00" }, "geometry": { "type": "Point", "coordinates": [ 6.44, 5.15 ] } },
{ "type": "Feature", "properties": { "lat": 5.15, "lon": 6.45, "crs": 0.5394, "crs_lower": 0.5467, "crs_upper": 0.6803, "risk_tier": "high", "colour": "#FF6D00" }, "geometry": { "type": "Point", "coordinates": [ 6.45, 5.15 ] } },
{ "type": "Feature", "properties": { "lat": 5.15, "lon": 6.46, "crs": 0.5394, "crs_lower": 0.5466, "crs_upper": 0.6803, "risk_tier": "high", "colour": "#FF6D00" }, "geometry": { "type": "Point", "coordinates": [ 6.46, 5.15 ] } },
{ "type": "Feature", "properties": { "lat": 5.15, "lon": 6.47, "crs": 0.5201, "crs_lower": 0.5468, "crs_upper": 0.6803, "risk_tier": "high", "colour": "#FF6D00" }, "geometry": { "type": "Point", "coordinates": [ 6.47, 5.15 ] } },
{ "type": "Feature", "properties": { "lat": 5.15, "lon": 6.54, "crs": 0.5112, "crs_lower": 0.5372, "crs_upper": 0.6659, "risk_tier": "high", "colour": "#FF6D00" }, "geometry": { "type": "Point", "coordinates": [ 6.54, 5.15 ] } },
{ "type": "Feature", "properties": { "lat": 5.15, "lon": 6.55, "crs": 0.528, "crs_lower": 0.5427, "crs_upper": 0.6662, "risk_tier": "high", "colour": "#FF6D00" }, "geometry": { "type": "Point", "coordinates": [ 6.55, 5.15 ] } },
{ "type": "Feature", "properties": { "lat": 5.15, "lon": 6.56, "crs": 0.5203, "crs_lower": 0.5467, "crs_upper": 0.6804, "risk_tier": "high", "colour": "#FF6D00" }, "geometry": { "type": "Point", "coordinates": [ 6.56, 5.15 ] } },
{ "type": "Feature", "properties": { "lat": 5.15, "lon": 6.57, "crs": 0.5395, "crs_lower": 0.5466, "crs_upper": 0.6803, "risk_tier": "high", "colour": "#FF6D00" }, "geometry": { "type": "Point", "coordinates": [ 6.57, 5.15 ] } },
{ "type": "Feature", "properties": { "lat": 5.15, "lon": 6.58, "crs": 0.5109, "crs_lower": 0.5056, "crs_upper": 0.645, "risk_tier": "high", "colour": "#FF6D00" }, "geometry": { "type": "Point", "coordinates": [ 6.58, 5.15 ] } },
{ "type": "Feature", "properties": { "lat": 5.16, "lon": 6.43, "crs": 0.5107, "crs_lower": 0.5058, "crs_upper": 0.645, "risk_tier": "high", "colour": "#FF6D00" }, "geometry": { "type": "Point", "coordinates": [ 6.43, 5.16 ] } },
{ "type": "Feature", "properties": { "lat": 5.16, "lon": 6.44, "crs": 0.5394, "crs_lower": 0.5601, "crs_upper": 0.6803, "risk_tier": "high", "colour": "#FF6D00" }, "geometry": { "type": "Point", "coordinates": [ 6.44, 5.16 ] } },
{ "type": "Feature", "properties": { "lat": 5.16, "lon": 6.45, "crs": 0.5394, "crs_lower": 0.5601, "crs_upper": 0.6803, "risk_tier": "high", "colour": "#FF6D00" }, "geometry": { "type": "Point", "coordinates": [ 6.45, 5.16 ] } },
{ "type": "Feature", "properties": { "lat": 5.16, "lon": 6.46, "crs": 0.5394, "crs_lower": 0.5466, "crs_upper": 0.6803, "risk_tier": "high", "colour": "#FF6D00" }, "geometry": { "type": "Point", "coordinates": [ 6.46, 5.16 ] } },
{ "type": "Feature", "properties": { "lat": 5.16, "lon": 6.47, "crs": 0.5394, "crs_lower": 0.5505, "crs_upper": 0.68, "risk_tier": "high", "colour": "#FF6D00" }, "geometry": { "type": "Point", "coordinates": [ 6.47, 5.16 ] } },
{ "type": "Feature", "properties": { "lat": 5.16, "lon": 6.56, "crs": 0.5202, "crs_lower": 0.5466, "crs_upper": 0.6803, "risk_tier": "high", "colour": "#FF6D00" }, "geometry": { "type": "Point", "coordinates": [ 6.56, 5.16 ] } },
{ "type": "Feature", "properties": { "lat": 5.16, "lon": 6.57, "crs": 0.511, "crs_lower": 0.5059, "crs_upper": 0.6452, "risk_tier": "high", "colour": "#FF6D00" }, "geometry": { "type": "Point", "coordinates": [ 6.57, 5.16 ] } },
{ "type": "Feature", "properties": { "lat": 5.16, "lon": 6.58, "crs": 0.5079, "crs_lower": 0.5152, "crs_upper": 0.6462, "risk_tier": "high", "colour": "#FF6D00" }, "geometry": { "type": "Point", "coordinates": [ 6.58, 5.16 ] } },
{ "type": "Feature", "properties": { "lat": 5.17, "lon": 6.43, "crs": 0.5077, "crs_lower": 0.5016, "crs_upper": 0.6465, "risk_tier": "high", "colour": "#FF6D00" }, "geometry": { "type": "Point", "coordinates": [ 6.43, 5.17 ] } },
{ "type": "Feature", "properties": { "lat": 5.17, "lon": 6.44, "crs": 0.5107, "crs_lower": 0.5056, "crs_upper": 0.645, "risk_tier": "high", "colour": "#FF6D00" }, "geometry": { "type": "Point", "coordinates": [ 6.44, 5.17 ] } },
{ "type": "Feature", "properties": { "lat": 5.17, "lon": 6.45, "crs": 0.5394, "crs_lower": 0.5466, "crs_upper": 0.6803, "risk_tier": "high", "colour": "#FF6D00" }, "geometry": { "type": "Point", "coordinates": [ 6.45, 5.17 ] } },
{ "type": "Feature", "properties": { "lat": 5.17, "lon": 6.46, "crs": 0.5394, "crs_lower": 0.5468, "crs_upper": 0.6803, "risk_tier": "high", "colour": "#FF6D00" }, "geometry": { "type": "Point", "coordinates": [ 6.46, 5.17 ] } },
{ "type": "Feature", "properties": { "lat": 5.17, "lon": 6.47, "crs": 0.5394, "crs_lower": 0.5467, "crs_upper": 0.6803, "risk_tier": "high", "colour": "#FF6D00" }, "geometry": { "type": "Point", "coordinates": [ 6.47, 5.17 ] } },
{ "type": "Feature", "properties": { "lat": 5.17, "lon": 6.58, "crs": 0.5088, "crs_lower": 0.5068, "crs_upper": 0.6476, "risk_tier": "high", "colour": "#FF6D00" }, "geometry": { "type": "Point", "coordinates": [ 6.58, 5.17 ] } },
{ "type": "Feature", "properties": { "lat": 5.18, "lon": 6.44, "crs": 0.5107, "crs_lower": 0.5122, "crs_upper": 0.645, "risk_tier": "high", "colour": "#FF6D00" }, "geometry": { "type": "Point", "coordinates": [ 6.44, 5.18 ] } },
{ "type": "Feature", "properties": { "lat": 5.18, "lon": 6.47, "crs": 0.5055, "crs_lower": 0.5132, "crs_upper": 0.6385, "risk_tier": "high", "colour": "#FF6D00" }, "geometry": { "type": "Point", "coordinates": [ 6.47, 5.18 ] } },
{ "type": "Feature", "properties": { "lat": 5.18, "lon": 6.48, "crs": 0.5056, "crs_lower": 0.5009, "crs_upper": 0.6386, "risk_tier": "high", "colour": "#FF6D00" }, "geometry": { "type": "Point", "coordinates": [ 6.48, 5.18 ] } },
{ "type": "Feature", "properties": { "lat": 5.18, "lon": 6.56, "crs": 0.5204, "crs_lower": 0.5469, "crs_upper": 0.6805, "risk_tier": "high", "colour": "#FF6D00" }, "geometry": { "type": "Point", "coordinates": [ 6.56, 5.18 ] } },
{ "type": "Feature", "properties": { "lat": 5.19, "lon": 6.43, "crs": 0.5078, "crs_lower": 0.5152, "crs_upper": 0.6465, "risk_tier": "high", "colour": "#FF6D00" }, "geometry": { "type": "Point", "coordinates": [ 6.43, 5.19 ] } },
{ "type": "Feature", "properties": { "lat": 5.19, "lon": 6.45, "crs": 0.5203, "crs_lower": 0.5573, "crs_upper": 0.6804, "risk_tier": "high", "colour": "#FF6D00" }, "geometry": { "type": "Point", "coordinates": [ 6.45, 5.19 ] } },
{ "type": "Feature", "properties": { "lat": 5.19, "lon": 6.46, "crs": 0.5203, "crs_lower": 0.5467, "crs_upper": 0.6805, "risk_tier": "high", "colour": "#FF6D00" }, "geometry": { "type": "Point", "coordinates": [ 6.46, 5.19 ] } },
{ "type": "Feature", "properties": { "lat": 5.19, "lon": 6.55, "crs": 0.5204, "crs_lower": 0.5533, "crs_upper": 0.6805, "risk_tier": "high", "colour": "#FF6D00" }, "geometry": { "type": "Point", "coordinates": [ 6.55, 5.19 ] } },
{ "type": "Feature", "properties": { "lat": 5.2, "lon": 6.45, "crs": 0.5203, "crs_lower": 0.5468, "crs_upper": 0.6805, "risk_tier": "high", "colour": "#FF6D00" }, "geometry": { "type": "Point", "coordinates": [ 6.45, 5.2 ] } },
{ "type": "Feature", "properties": { "lat": 5.2, "lon": 6.46, "crs": 0.5203, "crs_lower": 0.5475, "crs_upper": 0.6805, "risk_tier": "high", "colour": "#FF6D00" }, "geometry": { "type": "Point", "coordinates": [ 6.46, 5.2 ] } },
{ "type": "Feature", "properties": { "lat": 5.2, "lon": 6.47, "crs": 0.5269, "crs_lower": 0.5602, "crs_upper": 0.6805, "risk_tier": "high", "colour": "#FF6D00" }, "geometry": { "type": "Point", "coordinates": [ 6.47, 5.2 ] } },
{ "type": "Feature", "properties": { "lat": 5.2, "lon": 6.48, "crs": 0.5458, "crs_lower": 0.5533, "crs_upper": 0.6805, "risk_tier": "high", "colour": "#FF6D00" }, "geometry": { "type": "Point", "coordinates": [ 6.48, 5.2 ] } },
{ "type": "Feature", "properties": { "lat": 5.2, "lon": 6.49, "crs": 0.5396, "crs_lower": 0.5468, "crs_upper": 0.6805, "risk_tier": "high", "colour": "#FF6D00" }, "geometry": { "type": "Point", "coordinates": [ 6.49, 5.2 ] } },
{ "type": "Feature", "properties": { "lat": 5.2, "lon": 6.54, "crs": 0.5057, "crs_lower": 0.501, "crs_upper": 0.6386, "risk_tier": "high", "colour": "#FF6D00" }, "geometry": { "type": "Point", "coordinates": [ 6.54, 5.2 ] } },
{ "type": "Feature", "properties": { "lat": 5.2, "lon": 6.55, "crs": 0.5087, "crs_lower": 0.5029, "crs_upper": 0.6476, "risk_tier": "high", "colour": "#FF6D00" }, "geometry": { "type": "Point", "coordinates": [ 6.55, 5.2 ] } },
{ "type": "Feature", "properties": { "lat": 5.2, "lon": 6.56, "crs": 0.5088, "crs_lower": 0.5028, "crs_upper": 0.647, "risk_tier": "high", "colour": "#FF6D00" }, "geometry": { "type": "Point", "coordinates": [ 6.56, 5.2 ] } },
{ "type": "Feature", "properties": { "lat": 5.21, "lon": 6.48, "crs": 0.5036, "crs_lower": 0.5146, "crs_upper": 0.6526, "risk_tier": "high", "colour": "#FF6D00" }, "geometry": { "type": "Point", "coordinates": [ 6.48, 5.21 ] } },
{ "type": "Feature", "properties": { "lat": 5.21, "lon": 6.49, "crs": 0.5269, "crs_lower": 0.5602, "crs_upper": 0.6805, "risk_tier": "high", "colour": "#FF6D00" }, "geometry": { "type": "Point", "coordinates": [ 6.49, 5.21 ] } },
{ "type": "Feature", "properties": { "lat": 5.21, "lon": 6.5, "crs": 0.5203, "crs_lower": 0.5468, "crs_upper": 0.6805, "risk_tier": "high", "colour": "#FF6D00" }, "geometry": { "type": "Point", "coordinates": [ 6.5, 5.21 ] } },
{ "type": "Feature", "properties": { "lat": 5.21, "lon": 6.51, "crs": 0.5269, "crs_lower": 0.5473, "crs_upper": 0.6805, "risk_tier": "high", "colour": "#FF6D00" }, "geometry": { "type": "Point", "coordinates": [ 6.51, 5.21 ] } },
{ "type": "Feature", "properties": { "lat": 5.21, "lon": 6.52, "crs": 0.5396, "crs_lower": 0.5468, "crs_upper": 0.6805, "risk_tier": "high", "colour": "#FF6D00" }, "geometry": { "type": "Point", "coordinates": [ 6.52, 5.21 ] } },
{ "type": "Feature", "properties": { "lat": 5.21, "lon": 6.55, "crs": 0.5087, "crs_lower": 0.5028, "crs_upper": 0.6476, "risk_tier": "high", "colour": "#FF6D00" }, "geometry": { "type": "Point", "coordinates": [ 6.55, 5.21 ] } },
{ "type": "Feature", "properties": { "lat": 5.22, "lon": 6.5, "crs": 0.5028, "crs_lower": 0.5021, "crs_upper": 0.6467, "risk_tier": "high", "colour": "#FF6D00" }, "geometry": { "type": "Point", "coordinates": [ 6.5, 5.22 ] } },
{ "type": "Feature", "properties": { "lat": 5.22, "lon": 6.52, "crs": 0.508, "crs_lower": 0.5154, "crs_upper": 0.6467, "risk_tier": "high", "colour": "#FF6D00" }, "geometry": { "type": "Point", "coordinates": [ 6.52, 5.22 ] } },
{ "type": "Feature", "properties": { "lat": 5.36, "lon": 6.69, "crs": 0.5187, "crs_lower": 0.5123, "crs_upper": 0.6465, "risk_tier": "high", "colour": "#FF6D00" }, "geometry": { "type": "Point", "coordinates": [ 6.69, 5.36 ] } },
{ "type": "Feature", "properties": { "lat": 5.36, "lon": 6.7, "crs": 0.5457, "crs_lower": 0.5601, "crs_upper": 0.6803, "risk_tier": "high", "colour": "#FF6D00" }, "geometry": { "type": "Point", "coordinates": [ 6.7, 5.36 ] } },
{ "type": "Feature", "properties": { "lat": 5.37, "lon": 6.66, "crs": 0.5457, "crs_lower": 0.553, "crs_upper": 0.6803, "risk_tier": "high", "colour": "#FF6D00" }, "geometry": { "type": "Point", "coordinates": [ 6.66, 5.37 ] } },
{ "type": "Feature", "properties": { "lat": 5.37, "lon": 6.67, "crs": 0.5175, "crs_lower": 0.5096, "crs_upper": 0.645, "risk_tier": "high", "colour": "#FF6D00" }, "geometry": { "type": "Point", "coordinates": [ 6.67, 5.37 ] } },
{ "type": "Feature", "properties": { "lat": 5.37, "lon": 6.68, "crs": 0.5175, "crs_lower": 0.5059, "crs_upper": 0.645, "risk_tier": "high", "colour": "#FF6D00" }, "geometry": { "type": "Point", "coordinates": [ 6.68, 5.37 ] } },
{ "type": "Feature", "properties": { "lat": 5.37, "lon": 6.7, "crs": 0.5457, "crs_lower": 0.5601, "crs_upper": 0.6803, "risk_tier": "high", "colour": "#FF6D00" }, "geometry": { "type": "Point", "coordinates": [ 6.7, 5.37 ] } },
{ "type": "Feature", "properties": { "lat": 5.37, "lon": 6.71, "crs": 0.5283, "crs_lower": 0.553, "crs_upper": 0.6803, "risk_tier": "high", "colour": "#FF6D00" }, "geometry": { "type": "Point", "coordinates": [ 6.71, 5.37 ] } },
{ "type": "Feature", "properties": { "lat": 5.37, "lon": 6.72, "crs": 0.5283, "crs_lower": 0.5466, "crs_upper": 0.6803, "risk_tier": "high", "colour": "#FF6D00" }, "geometry": { "type": "Point", "coordinates": [ 6.72, 5.37 ] } },
{ "type": "Feature", "properties": { "lat": 5.37, "lon": 6.73, "crs": 0.5283, "crs_lower": 0.5532, "crs_upper": 0.6803, "risk_tier": "high", "colour": "#FF6D00" }, "geometry": { "type": "Point", "coordinates": [ 6.73, 5.37 ] } },
{ "type": "Feature", "properties": { "lat": 5.37, "lon": 6.74, "crs": 0.5283, "crs_lower": 0.5601, "crs_upper": 0.6803, "risk_tier": "high", "colour": "#FF6D00" }, "geometry": { "type": "Point", "coordinates": [ 6.74, 5.37 ] } },
{ "type": "Feature", "properties": { "lat": 5.38, "lon": 6.64, "crs": 0.5457, "crs_lower": 0.5466, "crs_upper": 0.6803, "risk_tier": "high", "colour": "#FF6D00" }, "geometry": { "type": "Point", "coordinates": [ 6.64, 5.38 ] } },
{ "type": "Feature", "properties": { "lat": 5.38, "lon": 6.65, "crs": 0.5457, "crs_lower": 0.5532, "crs_upper": 0.6803, "risk_tier": "high", "colour": "#FF6D00" }, "geometry": { "type": "Point", "coordinates": [ 6.65, 5.38 ] } },
{ "type": "Feature", "properties": { "lat": 5.38, "lon": 6.66, "crs": 0.5457, "crs_lower": 0.5601, "crs_upper": 0.6803, "risk_tier": "high", "colour": "#FF6D00" }, "geometry": { "type": "Point", "coordinates": [ 6.66, 5.38 ] } },
{ "type": "Feature", "properties": { "lat": 5.38, "lon": 6.67, "crs": 0.5457, "crs_lower": 0.5601, "crs_upper": 0.6803, "risk_tier": "high", "colour": "#FF6D00" }, "geometry": { "type": "Point", "coordinates": [ 6.67, 5.38 ] } },
{ "type": "Feature", "properties": { "lat": 5.38, "lon": 6.68, "crs": 0.5457, "crs_lower": 0.5601, "crs_upper": 0.6803, "risk_tier": "high", "colour": "#FF6D00" }, "geometry": { "type": "Point", "coordinates": [ 6.68, 5.38 ] } },
{ "type": "Feature", "properties": { "lat": 5.38, "lon": 6.69, "crs": 0.5347, "crs_lower": 0.5531, "crs_upper": 0.6803, "risk_tier": "high", "colour": "#FF6D00" }, "geometry": { "type": "Point", "coordinates": [ 6.69, 5.38 ] } },
{ "type": "Feature", "properties": { "lat": 5.38, "lon": 6.7, "crs": 0.5457, "crs_lower": 0.5601, "crs_upper": 0.6803, "risk_tier": "high", "colour": "#FF6D00" }, "geometry": { "type": "Point", "coordinates": [ 6.7, 5.38 ] } },
{ "type": "Feature", "properties": { "lat": 5.38, "lon": 6.71, "crs": 0.5457, "crs_lower": 0.5601, "crs_upper": 0.6803, "risk_tier": "high", "colour": "#FF6D00" }, "geometry": { "type": "Point", "coordinates": [ 6.71, 5.38 ] } },
{ "type": "Feature", "properties": { "lat": 5.38, "lon": 6.72, "crs": 0.5283, "crs_lower": 0.5603, "crs_upper": 0.6803, "risk_tier": "high", "colour": "#FF6D00" }, "geometry": { "type": "Point", "coordinates": [ 6.72, 5.38 ] } },
{ "type": "Feature", "properties": { "lat": 5.38, "lon": 6.73, "crs": 0.5283, "crs_lower": 0.5466, "crs_upper": 0.6803, "risk_tier": "high", "colour": "#FF6D00" }, "geometry": { "type": "Point", "coordinates": [ 6.73, 5.38 ] } },
{ "type": "Feature", "properties": { "lat": 5.38, "lon": 6.74, "crs": 0.5283, "crs_lower": 0.5601, "crs_upper": 0.6803, "risk_tier": "high", "colour": "#FF6D00" }, "geometry": { "type": "Point", "coordinates": [ 6.74, 5.38 ] } },
{ "type": "Feature", "properties": { "lat": 5.38, "lon": 6.75, "crs": 0.5283, "crs_lower": 0.5602, "crs_upper": 0.6803, "risk_tier": "high", "colour": "#FF6D00" }, "geometry": { "type": "Point", "coordinates": [ 6.75, 5.38 ] } },
{ "type": "Feature", "properties": { "lat": 5.39, "lon": 6.63, "crs": 0.5457, "crs_lower": 0.5532, "crs_upper": 0.6803, "risk_tier": "high", "colour": "#FF6D00" }, "geometry": { "type": "Point", "coordinates": [ 6.63, 5.39 ] } },
{ "type": "Feature", "properties": { "lat": 5.39, "lon": 6.64, "crs": 0.5457, "crs_lower": 0.5505, "crs_upper": 0.6803, "risk_tier": "high", "colour": "#FF6D00" }, "geometry": { "type": "Point", "coordinates": [ 6.64, 5.39 ] } },
{ "type": "Feature", "properties": { "lat": 5.39, "lon": 6.65, "crs": 0.5457, "crs_lower": 0.5532, "crs_upper": 0.6803, "risk_tier": "high", "colour": "#FF6D00" }, "geometry": { "type": "Point", "coordinates": [ 6.65, 5.39 ] } },
{ "type": "Feature", "properties": { "lat": 5.39, "lon": 6.66, "crs": 0.5457, "crs_lower": 0.5466, "crs_upper": 0.6803, "risk_tier": "high", "colour": "#FF6D00" }, "geometry": { "type": "Point", "coordinates": [ 6.66, 5.39 ] } },
{ "type": "Feature", "properties": { "lat": 5.39, "lon": 6.67, "crs": 0.5457, "crs_lower": 0.5601, "crs_upper": 0.6803, "risk_tier": "high", "colour": "#FF6D00" }, "geometry": { "type": "Point", "coordinates": [ 6.67, 5.39 ] } },
{ "type": "Feature", "properties": { "lat": 5.39, "lon": 6.68, "crs": 0.5457, "crs_lower": 0.5601, "crs_upper": 0.6803, "risk_tier": "high", "colour": "#FF6D00" }, "geometry": { "type": "Point", "coordinates": [ 6.68, 5.39 ] } },
{ "type": "Feature", "properties": { "lat": 5.39, "lon": 6.69, "crs": 0.5457, "crs_lower": 0.5601, "crs_upper": 0.6803, "risk_tier": "high", "colour": "#FF6D00" }, "geometry": { "type": "Point", "coordinates": [ 6.69, 5.39 ] } },
{ "type": "Feature", "properties": { "lat": 5.39, "lon": 6.7, "crs": 0.5283, "crs_lower": 0.5573, "crs_upper": 0.6803, "risk_tier": "high", "colour": "#FF6D00" }, "geometry": { "type": "Point", "coordinates": [ 6.7, 5.39 ] } },
{ "type": "Feature", "properties": { "lat": 5.39, "lon": 6.71, "crs": 0.5457, "crs_lower": 0.5745, "crs_upper": 0.6803, "risk_tier": "high", "colour": "#FF6D00" }, "geometry": { "type": "Point", "coordinates": [ 6.71, 5.39 ] } },
{ "type": "Feature", "properties": { "lat": 5.39, "lon": 6.72, "crs": 0.5283, "crs_lower": 0.5466, "crs_upper": 0.6803, "risk_tier": "high", "colour": "#FF6D00" }, "geometry": { "type": "Point", "coordinates": [ 6.72, 5.39 ] } },
{ "type": "Feature", "properties": { "lat": 5.39, "lon": 6.73, "crs": 0.5457, "crs_lower": 0.5601, "crs_upper": 0.6803, "risk_tier": "high", "colour": "#FF6D00" }, "geometry": { "type": "Point", "coordinates": [ 6.73, 5.39 ] } },
{ "type": "Feature", "properties": { "lat": 5.39, "lon": 6.74, "crs": 0.5457, "crs_lower": 0.5601, "crs_upper": 0.6803, "risk_tier": "high", "colour": "#FF6D00" }, "geometry": { "type": "Point", "coordinates": [ 6.74, 5.39 ] } },
{ "type": "Feature", "properties": { "lat": 5.39, "lon": 6.75, "crs": 0.5283, "crs_lower": 0.5469, "crs_upper": 0.6803, "risk_tier": "high", "colour": "#FF6D00" }, "geometry": { "type": "Point", "coordinates": [ 6.75, 5.39 ] } },
{ "type": "Feature", "properties": { "lat": 5.4, "lon": 6.62, "crs": 0.5457, "crs_lower": 0.5466, "crs_upper": 0.6803, "risk_tier": "high", "colour": "#FF6D00" }, "geometry": { "type": "Point", "coordinates": [ 6.62, 5.4 ] } },
{ "type": "Feature", "properties": { "lat": 5.4, "lon": 6.63, "crs": 0.5457, "crs_lower": 0.553, "crs_upper": 0.6803, "risk_tier": "high", "colour": "#FF6D00" }, "geometry": { "type": "Point", "coordinates": [ 6.63, 5.4 ] } },
{ "type": "Feature", "properties": { "lat": 5.4, "lon": 6.64, "crs": 0.5457, "crs_lower": 0.5466, "crs_upper": 0.6803, "risk_tier": "high", "colour": "#FF6D00" }, "geometry": { "type": "Point", "coordinates": [ 6.64, 5.4 ] } },
{ "type": "Feature", "properties": { "lat": 5.4, "lon": 6.65, "crs": 0.5457, "crs_lower": 0.5601, "crs_upper": 0.6803, "risk_tier": "high", "colour": "#FF6D00" }, "geometry": { "type": "Point", "coordinates": [ 6.65, 5.4 ] } },
{ "type": "Feature", "properties": { "lat": 5.4, "lon": 6.66, "crs": 0.5457, "crs_lower": 0.5601, "crs_upper": 0.6803, "risk_tier": "high", "colour": "#FF6D00" }, "geometry": { "type": "Point", "coordinates": [ 6.66, 5.4 ] } },
{ "type": "Feature", "properties": { "lat": 5.4, "lon": 6.67, "crs": 0.5457, "crs_lower": 0.5601, "crs_upper": 0.6803, "risk_tier": "high", "colour": "#FF6D00" }, "geometry": { "type": "Point", "coordinates": [ 6.67, 5.4 ] } },
{ "type": "Feature", "properties": { "lat": 5.4, "lon": 6.68, "crs": 0.5283, "crs_lower": 0.5504, "crs_upper": 0.6803, "risk_tier": "high", "colour": "#FF6D00" }, "geometry": { "type": "Point", "coordinates": [ 6.68, 5.4 ] } },
{ "type": "Feature", "properties": { "lat": 5.4, "lon": 6.69, "crs": 0.5457, "crs_lower": 0.5467, "crs_upper": 0.6803, "risk_tier": "high", "colour": "#FF6D00" }, "geometry": { "type": "Point", "coordinates": [ 6.69, 5.4 ] } },
{ "type": "Feature", "properties": { "lat": 5.4, "lon": 6.7, "crs": 0.5347, "crs_lower": 0.5467, "crs_upper": 0.6803, "risk_tier": "high", "colour": "#FF6D00" }, "geometry": { "type": "Point", "coordinates": [ 6.7, 5.4 ] } },
{ "type": "Feature", "properties": { "lat": 5.4, "lon": 6.71, "crs": 0.5283, "crs_lower": 0.5575, "crs_upper": 0.6803, "risk_tier": "high", "colour": "#FF6D00" }, "geometry": { "type": "Point", "coordinates": [ 6.71, 5.4 ] } },
{ "type": "Feature", "properties": { "lat": 5.4, "lon": 6.72, "crs": 0.5347, "crs_lower": 0.5532, "crs_upper": 0.6803, "risk_tier": "high", "colour": "#FF6D00" }, "geometry": { "type": "Point", "coordinates": [ 6.72, 5.4 ] } },
{ "type": "Feature", "properties": { "lat": 5.4, "lon": 6.73, "crs": 0.5283, "crs_lower": 0.5601, "crs_upper": 0.6803, "risk_tier": "high", "colour": "#FF6D00" }, "geometry": { "type": "Point", "coordinates": [ 6.73, 5.4 ] } },
{ "type": "Feature", "properties": { "lat": 5.4, "lon": 6.74, "crs": 0.5283, "crs_lower": 0.5469, "crs_upper": 0.6803, "risk_tier": "high", "colour": "#FF6D00" }, "geometry": { "type": "Point", "coordinates": [ 6.74, 5.4 ] } },
{ "type": "Feature", "properties": { "lat": 5.4, "lon": 6.75, "crs": 0.5283, "crs_lower": 0.5466, "crs_upper": 0.6803, "risk_tier": "high", "colour": "#FF6D00" }, "geometry": { "type": "Point", "coordinates": [ 6.75, 5.4 ] } },
{ "type": "Feature", "properties": { "lat": 5.4, "lon": 6.76, "crs": 0.5283, "crs_lower": 0.5603, "crs_upper": 0.6803, "risk_tier": "high", "colour": "#FF6D00" }, "geometry": { "type": "Point", "coordinates": [ 6.76, 5.4 ] } },
{ "type": "Feature", "properties": { "lat": 5.41, "lon": 6.62, "crs": 0.5457, "crs_lower": 0.5469, "crs_upper": 0.68, "risk_tier": "high", "colour": "#FF6D00" }, "geometry": { "type": "Point", "coordinates": [ 6.62, 5.41 ] } },
{ "type": "Feature", "properties": { "lat": 5.41, "lon": 6.63, "crs": 0.5457, "crs_lower": 0.5601, "crs_upper": 0.6803, "risk_tier": "high", "colour": "#FF6D00" }, "geometry": { "type": "Point", "coordinates": [ 6.63, 5.41 ] } },
{ "type": "Feature", "properties": { "lat": 5.41, "lon": 6.64, "crs": 0.5457, "crs_lower": 0.5573, "crs_upper": 0.6803, "risk_tier": "high", "colour": "#FF6D00" }, "geometry": { "type": "Point", "coordinates": [ 6.64, 5.41 ] } },
{ "type": "Feature", "properties": { "lat": 5.41, "lon": 6.65, "crs": 0.5457, "crs_lower": 0.5466, "crs_upper": 0.6803, "risk_tier": "high", "colour": "#FF6D00" }, "geometry": { "type": "Point", "coordinates": [ 6.65, 5.41 ] } },
{ "type": "Feature", "properties": { "lat": 5.41, "lon": 6.66, "crs": 0.5347, "crs_lower": 0.5532, "crs_upper": 0.6803, "risk_tier": "high", "colour": "#FF6D00" }, "geometry": { "type": "Point", "coordinates": [ 6.66, 5.41 ] } },
{ "type": "Feature", "properties": { "lat": 5.41, "lon": 6.67, "crs": 0.5457, "crs_lower": 0.5506, "crs_upper": 0.6803, "risk_tier": "high", "colour": "#FF6D00" }, "geometry": { "type": "Point", "coordinates": [ 6.67, 5.41 ] } },
{ "type": "Feature", "properties": { "lat": 5.41, "lon": 6.68, "crs": 0.5283, "crs_lower": 0.5603, "crs_upper": 0.6803, "risk_tier": "high", "colour": "#FF6D00" }, "geometry": { "type": "Point", "coordinates": [ 6.68, 5.41 ] } },
{ "type": "Feature", "properties": { "lat": 5.41, "lon": 6.69, "crs": 0.5457, "crs_lower": 0.5601, "crs_upper": 0.6803, "risk_tier": "high", "colour": "#FF6D00" }, "geometry": { "type": "Point", "coordinates": [ 6.69, 5.41 ] } },
{ "type": "Feature", "properties": { "lat": 5.41, "lon": 6.7, "crs": 0.5457, "crs_lower": 0.5601, "crs_upper": 0.6803, "risk_tier": "high", "colour": "#FF6D00" }, "geometry": { "type": "Point", "coordinates": [ 6.7, 5.41 ] } },
{ "type": "Feature", "properties": { "lat": 5.41, "lon": 6.71, "crs": 0.5457, "crs_lower": 0.5467, "crs_upper": 0.6806, "risk_tier": "high", "colour": "#FF6D00" }, "geometry": { "type": "Point", "coordinates": [ 6.71, 5.41 ] } },
{ "type": "Feature", "properties": { "lat": 5.41, "lon": 6.72, "crs": 0.5122, "crs_lower": 0.5008, "crs_upper": 0.6384, "risk_tier": "high", "colour": "#FF6D00" }, "geometry": { "type": "Point", "coordinates": [ 6.72, 5.41 ] } },
{ "type": "Feature", "properties": { "lat": 5.41, "lon": 6.73, "crs": 0.5457, "crs_lower": 0.5601, "crs_upper": 0.6803, "risk_tier": "high", "colour": "#FF6D00" }, "geometry": { "type": "Point", "coordinates": [ 6.73, 5.41 ] } },
{ "type": "Feature", "properties": { "lat": 5.41, "lon": 6.74, "crs": 0.5283, "crs_lower": 0.5601, "crs_upper": 0.6806, "risk_tier": "high", "colour": "#FF6D00" }, "geometry": { "type": "Point", "coordinates": [ 6.74, 5.41 ] } },
{ "type": "Feature", "properties": { "lat": 5.41, "lon": 6.75, "crs": 0.5283, "crs_lower": 0.5533, "crs_upper": 0.6803, "risk_tier": "high", "colour": "#FF6D00" }, "geometry": { "type": "Point", "coordinates": [ 6.75, 5.41 ] } },
{ "type": "Feature", "properties": { "lat": 5.41, "lon": 6.76, "crs": 0.5283, "crs_lower": 0.5534, "crs_upper": 0.6803, "risk_tier": "high", "colour": "#FF6D00" }, "geometry": { "type": "Point", "coordinates": [ 6.76, 5.41 ] } },
{ "type": "Feature", "properties": { "lat": 5.41, "lon": 6.78, "crs": 0.5175, "crs_lower": 0.5194, "crs_upper": 0.645, "risk_tier": "high", "colour": "#FF6D00" }, "geometry": { "type": "Point", "coordinates": [ 6.78, 5.41 ] } },
{ "type": "Feature", "properties": { "lat": 5.42, "lon": 6.61, "crs": 0.5457, "crs_lower": 0.5467, "crs_upper": 0.6803, "risk_tier": "high", "colour": "#FF6D00" }, "geometry": { "type": "Point", "coordinates": [ 6.61, 5.42 ] } },
{ "type": "Feature", "properties": { "lat": 5.42, "lon": 6.62, "crs": 0.5457, "crs_lower": 0.553, "crs_upper": 0.6803, "risk_tier": "high", "colour": "#FF6D00" }, "geometry": { "type": "Point", "coordinates": [ 6.62, 5.42 ] } },
{ "type": "Feature", "properties": { "lat": 5.42, "lon": 6.63, "crs": 0.5282, "crs_lower": 0.5601, "crs_upper": 0.6803, "risk_tier": "high", "colour": "#FF6D00" }, "geometry": { "type": "Point", "coordinates": [ 6.63, 5.42 ] } },
{ "type": "Feature", "properties": { "lat": 5.42, "lon": 6.64, "crs": 0.5283, "crs_lower": 0.5601, "crs_upper": 0.6803, "risk_tier": "high", "colour": "#FF6D00" }, "geometry": { "type": "Point", "coordinates": [ 6.64, 5.42 ] } },
{ "type": "Feature", "properties": { "lat": 5.42, "lon": 6.65, "crs": 0.5283, "crs_lower": 0.5467, "crs_upper": 0.6803, "risk_tier": "high", "colour": "#FF6D00" }, "geometry": { "type": "Point", "coordinates": [ 6.65, 5.42 ] } },
{ "type": "Feature", "properties": { "lat": 5.42, "lon": 6.66, "crs": 0.5283, "crs_lower": 0.5531, "crs_upper": 0.6803, "risk_tier": "high", "colour": "#FF6D00" }, "geometry": { "type": "Point", "coordinates": [ 6.66, 5.42 ] } },
{ "type": "Feature", "properties": { "lat": 5.42, "lon": 6.67, "crs": 0.5283, "crs_lower": 0.5532, "crs_upper": 0.6803, "risk_tier": "high", "colour": "#FF6D00" }, "geometry": { "type": "Point", "coordinates": [ 6.67, 5.42 ] } },
{ "type": "Feature", "properties": { "lat": 5.42, "lon": 6.68, "crs": 0.5283, "crs_lower": 0.5712, "crs_upper": 0.6803, "risk_tier": "high", "colour": "#FF6D00" }, "geometry": { "type": "Point", "coordinates": [ 6.68, 5.42 ] } },
{ "type": "Feature", "properties": { "lat": 5.42, "lon": 6.69, "crs": 0.5457, "crs_lower": 0.5601, "crs_upper": 0.6803, "risk_tier": "high", "colour": "#FF6D00" }, "geometry": { "type": "Point", "coordinates": [ 6.69, 5.42 ] } },
{ "type": "Feature", "properties": { "lat": 5.42, "lon": 6.7, "crs": 0.5347, "crs_lower": 0.5531, "crs_upper": 0.6803, "risk_tier": "high", "colour": "#FF6D00" }, "geometry": { "type": "Point", "coordinates": [ 6.7, 5.42 ] } },
{ "type": "Feature", "properties": { "lat": 5.42, "lon": 6.71, "crs": 0.5282, "crs_lower": 0.5504, "crs_upper": 0.6803, "risk_tier": "high", "colour": "#FF6D00" }, "geometry": { "type": "Point", "coordinates": [ 6.71, 5.42 ] } },
{ "type": "Feature", "properties": { "lat": 5.42, "lon": 6.72, "crs": 0.5283, "crs_lower": 0.547, "crs_upper": 0.6803, "risk_tier": "high", "colour": "#FF6D00" }, "geometry": { "type": "Point", "coordinates": [ 6.72, 5.42 ] } },
{ "type": "Feature", "properties": { "lat": 5.42, "lon": 6.73, "crs": 0.5347, "crs_lower": 0.5601, "crs_upper": 0.6803, "risk_tier": "high", "colour": "#FF6D00" }, "geometry": { "type": "Point", "coordinates": [ 6.73, 5.42 ] } },
{ "type": "Feature", "properties": { "lat": 5.42, "lon": 6.74, "crs": 0.5283, "crs_lower": 0.5671, "crs_upper": 0.6803, "risk_tier": "high", "colour": "#FF6D00" }, "geometry": { "type": "Point", "coordinates": [ 6.74, 5.42 ] } },
{ "type": "Feature", "properties": { "lat": 5.42, "lon": 6.75, "crs": 0.5283, "crs_lower": 0.5466, "crs_upper": 0.6803, "risk_tier": "high", "colour": "#FF6D00" }, "geometry": { "type": "Point", "coordinates": [ 6.75, 5.42 ] } },
{ "type": "Feature", "properties": { "lat": 5.42, "lon": 6.76, "crs": 0.5283, "crs_lower": 0.5601, "crs_upper": 0.6803, "risk_tier": "high", "colour": "#FF6D00" }, "geometry": { "type": "Point", "coordinates": [ 6.76, 5.42 ] } },
{ "type": "Feature", "properties": { "lat": 5.42, "lon": 6.78, "crs": 0.5175, "crs_lower": 0.5197, "crs_upper": 0.645, "risk_tier": "high", "colour": "#FF6D00" }, "geometry": { "type": "Point", "coordinates": [ 6.78, 5.42 ] } },
{ "type": "Feature", "properties": { "lat": 5.43, "lon": 6.61, "crs": 0.5457, "crs_lower": 0.5467, "crs_upper": 0.6803, "risk_tier": "high", "colour": "#FF6D00" }, "geometry": { "type": "Point", "coordinates": [ 6.61, 5.43 ] } },
{ "type": "Feature", "properties": { "lat": 5.43, "lon": 6.62, "crs": 0.5347, "crs_lower": 0.5611, "crs_upper": 0.6803, "risk_tier": "high", "colour": "#FF6D00" }, "geometry": { "type": "Point", "coordinates": [ 6.62, 5.43 ] } },
{ "type": "Feature", "properties": { "lat": 5.43, "lon": 6.63, "crs": 0.5457, "crs_lower": 0.5467, "crs_upper": 0.6803, "risk_tier": "high", "colour": "#FF6D00" }, "geometry": { "type": "Point", "coordinates": [ 6.63, 5.43 ] } },
{ "type": "Feature", "properties": { "lat": 5.43, "lon": 6.64, "crs": 0.5282, "crs_lower": 0.5467, "crs_upper": 0.6803, "risk_tier": "high", "colour": "#FF6D00" }, "geometry": { "type": "Point", "coordinates": [ 6.64, 5.43 ] } },
{ "type": "Feature", "properties": { "lat": 5.43, "lon": 6.65, "crs": 0.5283, "crs_lower": 0.5601, "crs_upper": 0.6803, "risk_tier": "high", "colour": "#FF6D00" }, "geometry": { "type": "Point", "coordinates": [ 6.65, 5.43 ] } },
{ "type": "Feature", "properties": { "lat": 5.43, "lon": 6.66, "crs": 0.5283, "crs_lower": 0.553, "crs_upper": 0.6803, "risk_tier": "high", "colour": "#FF6D00" }, "geometry": { "type": "Point", "coordinates": [ 6.66, 5.43 ] } },
{ "type": "Feature", "properties": { "lat": 5.43, "lon": 6.67, "crs": 0.5347, "crs_lower": 0.5601, "crs_upper": 0.6803, "risk_tier": "high", "colour": "#FF6D00" }, "geometry": { "type": "Point", "coordinates": [ 6.67, 5.43 ] } },
{ "type": "Feature", "properties": { "lat": 5.43, "lon": 6.68, "crs": 0.5283, "crs_lower": 0.5601, "crs_upper": 0.6803, "risk_tier": "high", "colour": "#FF6D00" }, "geometry": { "type": "Point", "coordinates": [ 6.68, 5.43 ] } },
{ "type": "Feature", "properties": { "lat": 5.43, "lon": 6.69, "crs": 0.5457, "crs_lower": 0.5572, "crs_upper": 0.6803, "risk_tier": "high", "colour": "#FF6D00" }, "geometry": { "type": "Point", "coordinates": [ 6.69, 5.43 ] } },
{ "type": "Feature", "properties": { "lat": 5.43, "lon": 6.7, "crs": 0.5457, "crs_lower": 0.5469, "crs_upper": 0.6803, "risk_tier": "high", "colour": "#FF6D00" }, "geometry": { "type": "Point", "coordinates": [ 6.7, 5.43 ] } },
{ "type": "Feature", "properties": { "lat": 5.43, "lon": 6.71, "crs": 0.5283, "crs_lower": 0.5601, "crs_upper": 0.6803, "risk_tier": "high", "colour": "#FF6D00" }, "geometry": { "type": "Point", "coordinates": [ 6.71, 5.43 ] } },
{ "type": "Feature", "properties": { "lat": 5.43, "lon": 6.72, "crs": 0.5282, "crs_lower": 0.5466, "crs_upper": 0.6803, "risk_tier": "high", "colour": "#FF6D00" }, "geometry": { "type": "Point", "coordinates": [ 6.72, 5.43 ] } },
{ "type": "Feature", "properties": { "lat": 5.43, "lon": 6.73, "crs": 0.5282, "crs_lower": 0.5601, "crs_upper": 0.6803, "risk_tier": "high", "colour": "#FF6D00" }, "geometry": { "type": "Point", "coordinates": [ 6.73, 5.43 ] } },
{ "type": "Feature", "properties": { "lat": 5.43, "lon": 6.74, "crs": 0.5282, "crs_lower": 0.5601, "crs_upper": 0.6803, "risk_tier": "high", "colour": "#FF6D00" }, "geometry": { "type": "Point", "coordinates": [ 6.74, 5.43 ] } },
{ "type": "Feature", "properties": { "lat": 5.43, "lon": 6.75, "crs": 0.5282, "crs_lower": 0.5602, "crs_upper": 0.6803, "risk_tier": "high", "colour": "#FF6D00" }, "geometry": { "type": "Point", "coordinates": [ 6.75, 5.43 ] } },
{ "type": "Feature", "properties": { "lat": 5.43, "lon": 6.76, "crs": 0.5283, "crs_lower": 0.547, "crs_upper": 0.6803, "risk_tier": "high", "colour": "#FF6D00" }, "geometry": { "type": "Point", "coordinates": [ 6.76, 5.43 ] } },
{ "type": "Feature", "properties": { "lat": 5.43, "lon": 6.77, "crs": 0.5175, "crs_lower": 0.5164, "crs_upper": 0.645, "risk_tier": "high", "colour": "#FF6D00" }, "geometry": { "type": "Point", "coordinates": [ 6.77, 5.43 ] } },
{ "type": "Feature", "properties": { "lat": 5.43, "lon": 6.78, "crs": 0.5175, "crs_lower": 0.5122, "crs_upper": 0.645, "risk_tier": "high", "colour": "#FF6D00" }, "geometry": { "type": "Point", "coordinates": [ 6.78, 5.43 ] } },
{ "type": "Feature", "properties": { "lat": 5.44, "lon": 6.6, "crs": 0.5457, "crs_lower": 0.5467, "crs_upper": 0.6803, "risk_tier": "high", "colour": "#FF6D00" }, "geometry": { "type": "Point", "coordinates": [ 6.6, 5.44 ] } },
{ "type": "Feature", "properties": { "lat": 5.44, "lon": 6.61, "crs": 0.5457, "crs_lower": 0.5675, "crs_upper": 0.6803, "risk_tier": "high", "colour": "#FF6D00" }, "geometry": { "type": "Point", "coordinates": [ 6.61, 5.44 ] } },
{ "type": "Feature", "properties": { "lat": 5.44, "lon": 6.62, "crs": 0.5457, "crs_lower": 0.5531, "crs_upper": 0.6803, "risk_tier": "high", "colour": "#FF6D00" }, "geometry": { "type": "Point", "coordinates": [ 6.62, 5.44 ] } },
{ "type": "Feature", "properties": { "lat": 5.44, "lon": 6.63, "crs": 0.5347, "crs_lower": 0.5711, "crs_upper": 0.6803, "risk_tier": "high", "colour": "#FF6D00" }, "geometry": { "type": "Point", "coordinates": [ 6.63, 5.44 ] } },
{ "type": "Feature", "properties": { "lat": 5.44, "lon": 6.64, "crs": 0.5347, "crs_lower": 0.5469, "crs_upper": 0.6803, "risk_tier": "high", "colour": "#FF6D00" }, "geometry": { "type": "Point", "coordinates": [ 6.64, 5.44 ] } },
{ "type": "Feature", "properties": { "lat": 5.44, "lon": 6.65, "crs": 0.5347, "crs_lower": 0.5601, "crs_upper": 0.6803, "risk_tier": "high", "colour": "#FF6D00" }, "geometry": { "type": "Point", "coordinates": [ 6.65, 5.44 ] } },
{ "type": "Feature", "properties": { "lat": 5.44, "lon": 6.66, "crs": 0.5457, "crs_lower": 0.5601, "crs_upper": 0.6803, "risk_tier": "high", "colour": "#FF6D00" }, "geometry": { "type": "Point", "coordinates": [ 6.66, 5.44 ] } },
{ "type": "Feature", "properties": { "lat": 5.44, "lon": 6.67, "crs": 0.5457, "crs_lower": 0.5467, "crs_upper": 0.6803, "risk_tier": "high", "colour": "#FF6D00" }, "geometry": { "type": "Point", "coordinates": [ 6.67, 5.44 ] } },
{ "type": "Feature", "properties": { "lat": 5.44, "lon": 6.68, "crs": 0.5457, "crs_lower": 0.5602, "crs_upper": 0.6803, "risk_tier": "high", "colour": "#FF6D00" }, "geometry": { "type": "Point", "coordinates": [ 6.68, 5.44 ] } },
{ "type": "Feature", "properties": { "lat": 5.44, "lon": 6.69, "crs": 0.5457, "crs_lower": 0.5573, "crs_upper": 0.6803, "risk_tier": "high", "colour": "#FF6D00" }, "geometry": { "type": "Point", "coordinates": [ 6.69, 5.44 ] } },
{ "type": "Feature", "properties": { "lat": 5.44, "lon": 6.7, "crs": 0.5457, "crs_lower": 0.5531, "crs_upper": 0.6803, "risk_tier": "high", "colour": "#FF6D00" }, "geometry": { "type": "Point", "coordinates": [ 6.7, 5.44 ] } },
{ "type": "Feature", "properties": { "lat": 5.44, "lon": 6.71, "crs": 0.5282, "crs_lower": 0.5602, "crs_upper": 0.6806, "risk_tier": "high", "colour": "#FF6D00" }, "geometry": { "type": "Point", "coordinates": [ 6.71, 5.44 ] } },
{ "type": "Feature", "properties": { "lat": 5.44, "lon": 6.72, "crs": 0.5282, "crs_lower": 0.5601, "crs_upper": 0.6803, "risk_tier": "high", "colour": "#FF6D00" }, "geometry": { "type": "Point", "coordinates": [ 6.72, 5.44 ] } },
{ "type": "Feature", "properties": { "lat": 5.44, "lon": 6.73, "crs": 0.5282, "crs_lower": 0.5601, "crs_upper": 0.6803, "risk_tier": "high", "colour": "#FF6D00" }, "geometry": { "type": "Point", "coordinates": [ 6.73, 5.44 ] } },
{ "type": "Feature", "properties": { "lat": 5.44, "lon": 6.77, "crs": 0.5175, "crs_lower": 0.5194, "crs_upper": 0.645, "risk_tier": "high", "colour": "#FF6D00" }, "geometry": { "type": "Point", "coordinates": [ 6.77, 5.44 ] } },
{ "type": "Feature", "properties": { "lat": 5.44, "lon": 6.78, "crs": 0.5057, "crs_lower": 0.5194, "crs_upper": 0.645, "risk_tier": "high", "colour": "#FF6D00" }, "geometry": { "type": "Point", "coordinates": [ 6.78, 5.44 ] } },
{ "type": "Feature", "properties": { "lat": 5.45, "lon": 6.6, "crs": 0.5457, "crs_lower": 0.5601, "crs_upper": 0.6803, "risk_tier": "high", "colour": "#FF6D00" }, "geometry": { "type": "Point", "coordinates": [ 6.6, 5.45 ] } },
{ "type": "Feature", "properties": { "lat": 5.45, "lon": 6.61, "crs": 0.5457, "crs_lower": 0.5607, "crs_upper": 0.6803, "risk_tier": "high", "colour": "#FF6D00" }, "geometry": { "type": "Point", "coordinates": [ 6.61, 5.45 ] } },
{ "type": "Feature", "properties": { "lat": 5.45, "lon": 6.62, "crs": 0.5457, "crs_lower": 0.5469, "crs_upper": 0.6803, "risk_tier": "high", "colour": "#FF6D00" }, "geometry": { "type": "Point", "coordinates": [ 6.62, 5.45 ] } },
{ "type": "Feature", "properties": { "lat": 5.45, "lon": 6.63, "crs": 0.5457, "crs_lower": 0.5601, "crs_upper": 0.6803, "risk_tier": "high", "colour": "#FF6D00" }, "geometry": { "type": "Point", "coordinates": [ 6.63, 5.45 ] } },
{ "type": "Feature", "properties": { "lat": 5.45, "lon": 6.64, "crs": 0.5457, "crs_lower": 0.5601, "crs_upper": 0.6803, "risk_tier": "high", "colour": "#FF6D00" }, "geometry": { "type": "Point", "coordinates": [ 6.64, 5.45 ] } },
{ "type": "Feature", "properties": { "lat": 5.45, "lon": 6.65, "crs": 0.5457, "crs_lower": 0.5601, "crs_upper": 0.6803, "risk_tier": "high", "colour": "#FF6D00" }, "geometry": { "type": "Point", "coordinates": [ 6.65, 5.45 ] } },
{ "type": "Feature", "properties": { "lat": 5.45, "lon": 6.66, "crs": 0.5457, "crs_lower": 0.5652, "crs_upper": 0.6803, "risk_tier": "high", "colour": "#FF6D00" }, "geometry": { "type": "Point", "coordinates": [ 6.66, 5.45 ] } },
{ "type": "Feature", "properties": { "lat": 5.45, "lon": 6.67, "crs": 0.5457, "crs_lower": 0.5601, "crs_upper": 0.6803, "risk_tier": "high", "colour": "#FF6D00" }, "geometry": { "type": "Point", "coordinates": [ 6.67, 5.45 ] } },
{ "type": "Feature", "properties": { "lat": 5.45, "lon": 6.68, "crs": 0.5457, "crs_lower": 0.5602, "crs_upper": 0.6803, "risk_tier": "high", "colour": "#FF6D00" }, "geometry": { "type": "Point", "coordinates": [ 6.68, 5.45 ] } },
{ "type": "Feature", "properties": { "lat": 5.45, "lon": 6.69, "crs": 0.5457, "crs_lower": 0.5601, "crs_upper": 0.6803, "risk_tier": "high", "colour": "#FF6D00" }, "geometry": { "type": "Point", "coordinates": [ 6.69, 5.45 ] } },
{ "type": "Feature", "properties": { "lat": 5.45, "lon": 6.7, "crs": 0.5457, "crs_lower": 0.5603, "crs_upper": 0.6803, "risk_tier": "high", "colour": "#FF6D00" }, "geometry": { "type": "Point", "coordinates": [ 6.7, 5.45 ] } },
{ "type": "Feature", "properties": { "lat": 5.45, "lon": 6.71, "crs": 0.5457, "crs_lower": 0.5603, "crs_upper": 0.6803, "risk_tier": "high", "colour": "#FF6D00" }, "geometry": { "type": "Point", "coordinates": [ 6.71, 5.45 ] } },
{ "type": "Feature", "properties": { "lat": 5.45, "lon": 6.72, "crs": 0.5457, "crs_lower": 0.5679, "crs_upper": 0.6803, "risk_tier": "high", "colour": "#FF6D00" }, "geometry": { "type": "Point", "coordinates": [ 6.72, 5.45 ] } },
{ "type": "Feature", "properties": { "lat": 5.45, "lon": 6.73, "crs": 0.5457, "crs_lower": 0.5601, "crs_upper": 0.6803, "risk_tier": "high", "colour": "#FF6D00" }, "geometry": { "type": "Point", "coordinates": [ 6.73, 5.45 ] } },
{ "type": "Feature", "properties": { "lat": 5.45, "lon": 6.74, "crs": 0.5457, "crs_lower": 0.553, "crs_upper": 0.6803, "risk_tier": "high", "colour": "#FF6D00" }, "geometry": { "type": "Point", "coordinates": [ 6.74, 5.45 ] } },
{ "type": "Feature", "properties": { "lat": 5.45, "lon": 6.76, "crs": 0.5175, "crs_lower": 0.5097, "crs_upper": 0.645, "risk_tier": "high", "colour": "#FF6D00" }, "geometry": { "type": "Point", "coordinates": [ 6.76, 5.45 ] } },
{ "type": "Feature", "properties": { "lat": 5.45, "lon": 6.77, "crs": 0.5175, "crs_lower": 0.5198, "crs_upper": 0.645, "risk_tier": "high", "colour": "#FF6D00" }, "geometry": { "type": "Point", "coordinates": [ 6.77, 5.45 ] } },
{ "type": "Feature", "properties": { "lat": 5.45, "lon": 6.78, "crs": 0.5001, "crs_lower": 0.5082, "crs_upper": 0.6465, "risk_tier": "high", "colour": "#FF6D00" }, "geometry": { "type": "Point", "coordinates": [ 6.78, 5.45 ] } },
{ "type": "Feature", "properties": { "lat": 5.45, "lon": 6.79, "crs": 0.507, "crs_lower": 0.502, "crs_upper": 0.6465, "risk_tier": "high", "colour": "#FF6D00" }, "geometry": { "type": "Point", "coordinates": [ 6.79, 5.45 ] } },
{ "type": "Feature", "properties": { "lat": 5.46, "lon": 6.6, "crs": 0.5175, "crs_lower": 0.5057, "crs_upper": 0.645, "risk_tier": "high", "colour": "#FF6D00" }, "geometry": { "type": "Point", "coordinates": [ 6.6, 5.46 ] } },
{ "type": "Feature", "properties": { "lat": 5.46, "lon": 6.61, "crs": 0.5457, "crs_lower": 0.5677, "crs_upper": 0.6803, "risk_tier": "high", "colour": "#FF6D00" }, "geometry": { "type": "Point", "coordinates": [ 6.61, 5.46 ] } },
{ "type": "Feature", "properties": { "lat": 5.46, "lon": 6.62, "crs": 0.5457, "crs_lower": 0.5466, "crs_upper": 0.6803, "risk_tier": "high", "colour": "#FF6D00" }, "geometry": { "type": "Point", "coordinates": [ 6.62, 5.46 ] } },
{ "type": "Feature", "properties": { "lat": 5.46, "lon": 6.63, "crs": 0.5347, "crs_lower": 0.5601, "crs_upper": 0.6803, "risk_tier": "high", "colour": "#FF6D00" }, "geometry": { "type": "Point", "coordinates": [ 6.63, 5.46 ] } },
{ "type": "Feature", "properties": { "lat": 5.46, "lon": 6.64, "crs": 0.5457, "crs_lower": 0.5601, "crs_upper": 0.6803, "risk_tier": "high", "colour": "#FF6D00" }, "geometry": { "type": "Point", "coordinates": [ 6.64, 5.46 ] } },
{ "type": "Feature", "properties": { "lat": 5.46, "lon": 6.65, "crs": 0.5457, "crs_lower": 0.553, "crs_upper": 0.6803, "risk_tier": "high", "colour": "#FF6D00" }, "geometry": { "type": "Point", "coordinates": [ 6.65, 5.46 ] } },
{ "type": "Feature", "properties": { "lat": 5.46, "lon": 6.66, "crs": 0.5457, "crs_lower": 0.564, "crs_upper": 0.6803, "risk_tier": "high", "colour": "#FF6D00" }, "geometry": { "type": "Point", "coordinates": [ 6.66, 5.46 ] } },
{ "type": "Feature", "properties": { "lat": 5.46, "lon": 6.67, "crs": 0.5457, "crs_lower": 0.5832, "crs_upper": 0.6803, "risk_tier": "high", "colour": "#FF6D00" }, "geometry": { "type": "Point", "coordinates": [ 6.67, 5.46 ] } },
{ "type": "Feature", "properties": { "lat": 5.46, "lon": 6.68, "crs": 0.5457, "crs_lower": 0.5712, "crs_upper": 0.6803, "risk_tier": "high", "colour": "#FF6D00" }, "geometry": { "type": "Point", "coordinates": [ 6.68, 5.46 ] } },
{ "type": "Feature", "properties": { "lat": 5.46, "lon": 6.69, "crs": 0.5457, "crs_lower": 0.5603, "crs_upper": 0.6803, "risk_tier": "high", "colour": "#FF6D00" }, "geometry": { "type": "Point", "coordinates": [ 6.69, 5.46 ] } },
{ "type": "Feature", "properties": { "lat": 5.46, "lon": 6.7, "crs": 0.5457, "crs_lower": 0.547, "crs_upper": 0.6803, "risk_tier": "high", "colour": "#FF6D00" }, "geometry": { "type": "Point", "coordinates": [ 6.7, 5.46 ] } },
{ "type": "Feature", "properties": { "lat": 5.46, "lon": 6.71, "crs": 0.5457, "crs_lower": 0.5604, "crs_upper": 0.6803, "risk_tier": "high", "colour": "#FF6D00" }, "geometry": { "type": "Point", "coordinates": [ 6.71, 5.46 ] } },
{ "type": "Feature", "properties": { "lat": 5.46, "lon": 6.72, "crs": 0.5457, "crs_lower": 0.5601, "crs_upper": 0.6803, "risk_tier": "high", "colour": "#FF6D00" }, "geometry": { "type": "Point", "coordinates": [ 6.72, 5.46 ] } },
{ "type": "Feature", "properties": { "lat": 5.46, "lon": 6.73, "crs": 0.5457, "crs_lower": 0.5532, "crs_upper": 0.6803, "risk_tier": "high", "colour": "#FF6D00" }, "geometry": { "type": "Point", "coordinates": [ 6.73, 5.46 ] } },
{ "type": "Feature", "properties": { "lat": 5.46, "lon": 6.74, "crs": 0.5457, "crs_lower": 0.5603, "crs_upper": 0.6803, "risk_tier": "high", "colour": "#FF6D00" }, "geometry": { "type": "Point", "coordinates": [ 6.74, 5.46 ] } },
{ "type": "Feature", "properties": { "lat": 5.46, "lon": 6.75, "crs": 0.5174, "crs_lower": 0.5122, "crs_upper": 0.645, "risk_tier": "high", "colour": "#FF6D00" }, "geometry": { "type": "Point", "coordinates": [ 6.75, 5.46 ] } },
{ "type": "Feature", "properties": { "lat": 5.46, "lon": 6.76, "crs": 0.5174, "crs_lower": 0.5164, "crs_upper": 0.645, "risk_tier": "high", "colour": "#FF6D00" }, "geometry": { "type": "Point", "coordinates": [ 6.76, 5.46 ] } },
{ "type": "Feature", "properties": { "lat": 5.46, "lon": 6.77, "crs": 0.5057, "crs_lower": 0.5194, "crs_upper": 0.645, "risk_tier": "high", "colour": "#FF6D00" }, "geometry": { "type": "Point", "coordinates": [ 6.77, 5.46 ] } },
{ "type": "Feature", "properties": { "lat": 5.46, "lon": 6.78, "crs": 0.5001, "crs_lower": 0.5021, "crs_upper": 0.6468, "risk_tier": "high", "colour": "#FF6D00" }, "geometry": { "type": "Point", "coordinates": [ 6.78, 5.46 ] } },
{ "type": "Feature", "properties": { "lat": 5.46, "lon": 6.79, "crs": 0.5187, "crs_lower": 0.5017, "crs_upper": 0.6465, "risk_tier": "high", "colour": "#FF6D00" }, "geometry": { "type": "Point", "coordinates": [ 6.79, 5.46 ] } },
{ "type": "Feature", "properties": { "lat": 5.47, "lon": 6.61, "crs": 0.5058, "crs_lower": 0.5194, "crs_upper": 0.645, "risk_tier": "high", "colour": "#FF6D00" }, "geometry": { "type": "Point", "coordinates": [ 6.61, 5.47 ] } },
{ "type": "Feature", "properties": { "lat": 5.47, "lon": 6.62, "crs": 0.5282, "crs_lower": 0.5602, "crs_upper": 0.6803, "risk_tier": "high", "colour": "#FF6D00" }, "geometry": { "type": "Point", "coordinates": [ 6.62, 5.47 ] } },
{ "type": "Feature", "properties": { "lat": 5.47, "lon": 6.63, "crs": 0.5282, "crs_lower": 0.5601, "crs_upper": 0.6803, "risk_tier": "high", "colour": "#FF6D00" }, "geometry": { "type": "Point", "coordinates": [ 6.63, 5.47 ] } },
{ "type": "Feature", "properties": { "lat": 5.47, "lon": 6.64, "crs": 0.5457, "crs_lower": 0.5466, "crs_upper": 0.6803, "risk_tier": "high", "colour": "#FF6D00" }, "geometry": { "type": "Point", "coordinates": [ 6.64, 5.47 ] } },
{ "type": "Feature", "properties": { "lat": 5.47, "lon": 6.65, "crs": 0.5347, "crs_lower": 0.5601, "crs_upper": 0.6803, "risk_tier": "high", "colour": "#FF6D00" }, "geometry": { "type": "Point", "coordinates": [ 6.65, 5.47 ] } },
{ "type": "Feature", "properties": { "lat": 5.47, "lon": 6.66, "crs": 0.5282, "crs_lower": 0.5467, "crs_upper": 0.6803, "risk_tier": "high", "colour": "#FF6D00" }, "geometry": { "type": "Point", "coordinates": [ 6.66, 5.47 ] } },
{ "type": "Feature", "properties": { "lat": 5.47, "lon": 6.67, "crs": 0.5457, "crs_lower": 0.5671, "crs_upper": 0.6803, "risk_tier": "high", "colour": "#FF6D00" }, "geometry": { "type": "Point", "coordinates": [ 6.67, 5.47 ] } },
{ "type": "Feature", "properties": { "lat": 5.47, "lon": 6.68, "crs": 0.5282, "crs_lower": 0.5466, "crs_upper": 0.6803, "risk_tier": "high", "colour": "#FF6D00" }, "geometry": { "type": "Point", "coordinates": [ 6.68, 5.47 ] } },
{ "type": "Feature", "properties": { "lat": 5.47, "lon": 6.69, "crs": 0.5457, "crs_lower": 0.5607, "crs_upper": 0.6803, "risk_tier": "high", "colour": "#FF6D00" }, "geometry": { "type": "Point", "coordinates": [ 6.69, 5.47 ] } },
{ "type": "Feature", "properties": { "lat": 5.47, "lon": 6.7, "crs": 0.5457, "crs_lower": 0.5532, "crs_upper": 0.6803, "risk_tier": "high", "colour": "#FF6D00" }, "geometry": { "type": "Point", "coordinates": [ 6.7, 5.47 ] } },
{ "type": "Feature", "properties": { "lat": 5.47, "lon": 6.71, "crs": 0.5457, "crs_lower": 0.5534, "crs_upper": 0.6803, "risk_tier": "high", "colour": "#FF6D00" }, "geometry": { "type": "Point", "coordinates": [ 6.71, 5.47 ] } },
{ "type": "Feature", "properties": { "lat": 5.47, "lon": 6.72, "crs": 0.5457, "crs_lower": 0.5601, "crs_upper": 0.6803, "risk_tier": "high", "colour": "#FF6D00" }, "geometry": { "type": "Point", "coordinates": [ 6.72, 5.47 ] } },
{ "type": "Feature", "properties": { "lat": 5.47, "lon": 6.73, "crs": 0.5457, "crs_lower": 0.5601, "crs_upper": 0.6803, "risk_tier": "high", "colour": "#FF6D00" }, "geometry": { "type": "Point", "coordinates": [ 6.73, 5.47 ] } },
{ "type": "Feature", "properties": { "lat": 5.47, "lon": 6.74, "crs": 0.5457, "crs_lower": 0.5601, "crs_upper": 0.6806, "risk_tier": "high", "colour": "#FF6D00" }, "geometry": { "type": "Point", "coordinates": [ 6.74, 5.47 ] } },
{ "type": "Feature", "properties": { "lat": 5.47, "lon": 6.75, "crs": 0.5174, "crs_lower": 0.5194, "crs_upper": 0.645, "risk_tier": "high", "colour": "#FF6D00" }, "geometry": { "type": "Point", "coordinates": [ 6.75, 5.47 ] } },
{ "type": "Feature", "properties": { "lat": 5.47, "lon": 6.76, "crs": 0.5174, "crs_lower": 0.5194, "crs_upper": 0.645, "risk_tier": "high", "colour": "#FF6D00" }, "geometry": { "type": "Point", "coordinates": [ 6.76, 5.47 ] } },
{ "type": "Feature", "properties": { "lat": 5.47, "lon": 6.78, "crs": 0.5001, "crs_lower": 0.5018, "crs_upper": 0.6468, "risk_tier": "high", "colour": "#FF6D00" }, "geometry": { "type": "Point", "coordinates": [ 6.78, 5.47 ] } },
{ "type": "Feature", "properties": { "lat": 5.47, "lon": 6.79, "crs": 0.5001, "crs_lower": 0.5153, "crs_upper": 0.6465, "risk_tier": "high", "colour": "#FF6D00" }, "geometry": { "type": "Point", "coordinates": [ 6.79, 5.47 ] } },
{ "type": "Feature", "properties": { "lat": 5.48, "lon": 6.6, "crs": 0.5001, "crs_lower": 0.5152, "crs_upper": 0.6465, "risk_tier": "high", "colour": "#FF6D00" }, "geometry": { "type": "Point", "coordinates": [ 6.6, 5.48 ] } },
{ "type": "Feature", "properties": { "lat": 5.48, "lon": 6.63, "crs": 0.5057, "crs_lower": 0.5196, "crs_upper": 0.645, "risk_tier": "high", "colour": "#FF6D00" }, "geometry": { "type": "Point", "coordinates": [ 6.63, 5.48 ] } },
{ "type": "Feature", "properties": { "lat": 5.48, "lon": 6.64, "crs": 0.5457, "crs_lower": 0.553, "crs_upper": 0.6803, "risk_tier": "high", "colour": "#FF6D00" }, "geometry": { "type": "Point", "coordinates": [ 6.64, 5.48 ] } },
{ "type": "Feature", "properties": { "lat": 5.48, "lon": 6.65, "crs": 0.5457, "crs_lower": 0.5604, "crs_upper": 0.6803, "risk_tier": "high", "colour": "#FF6D00" }, "geometry": { "type": "Point", "coordinates": [ 6.65, 5.48 ] } },
{ "type": "Feature", "properties": { "lat": 5.48, "lon": 6.66, "crs": 0.5347, "crs_lower": 0.5884, "crs_upper": 0.6803, "risk_tier": "high", "colour": "#FF6D00" }, "geometry": { "type": "Point", "coordinates": [ 6.66, 5.48 ] } },
{ "type": "Feature", "properties": { "lat": 5.48, "lon": 6.67, "crs": 0.5457, "crs_lower": 0.5883, "crs_upper": 0.6803, "risk_tier": "high", "colour": "#FF6D00" }, "geometry": { "type": "Point", "coordinates": [ 6.67, 5.48 ] } },
{ "type": "Feature", "properties": { "lat": 5.48, "lon": 6.68, "crs": 0.5282, "crs_lower": 0.5604, "crs_upper": 0.6803, "risk_tier": "high", "colour": "#FF6D00" }, "geometry": { "type": "Point", "coordinates": [ 6.68, 5.48 ] } },
{ "type": "Feature", "properties": { "lat": 5.48, "lon": 6.69, "crs": 0.5347, "crs_lower": 0.5682, "crs_upper": 0.6803, "risk_tier": "high", "colour": "#FF6D00" }, "geometry": { "type": "Point", "coordinates": [ 6.69, 5.48 ] } },
{ "type": "Feature", "properties": { "lat": 5.48, "lon": 6.7, "crs": 0.5457, "crs_lower": 0.5602, "crs_upper": 0.6803, "risk_tier": "high", "colour": "#FF6D00" }, "geometry": { "type": "Point", "coordinates": [ 6.7, 5.48 ] } },
{ "type": "Feature", "properties": { "lat": 5.48, "lon": 6.71, "crs": 0.5457, "crs_lower": 0.5601, "crs_upper": 0.6803, "risk_tier": "high", "colour": "#FF6D00" }, "geometry": { "type": "Point", "coordinates": [ 6.71, 5.48 ] } },
{ "type": "Feature", "properties": { "lat": 5.48, "lon": 6.72, "crs": 0.5457, "crs_lower": 0.5603, "crs_upper": 0.6803, "risk_tier": "high", "colour": "#FF6D00" }, "geometry": { "type": "Point", "coordinates": [ 6.72, 5.48 ] } },
{ "type": "Feature", "properties": { "lat": 5.48, "lon": 6.73, "crs": 0.5457, "crs_lower": 0.5601, "crs_upper": 0.6803, "risk_tier": "high", "colour": "#FF6D00" }, "geometry": { "type": "Point", "coordinates": [ 6.73, 5.48 ] } },
{ "type": "Feature", "properties": { "lat": 5.48, "lon": 6.74, "crs": 0.5347, "crs_lower": 0.5601, "crs_upper": 0.6803, "risk_tier": "high", "colour": "#FF6D00" }, "geometry": { "type": "Point", "coordinates": [ 6.74, 5.48 ] } },
{ "type": "Feature", "properties": { "lat": 5.48, "lon": 6.75, "crs": 0.5457, "crs_lower": 0.5546, "crs_upper": 0.6803, "risk_tier": "high", "colour": "#FF6D00" }, "geometry": { "type": "Point", "coordinates": [ 6.75, 5.48 ] } },
{ "type": "Feature", "properties": { "lat": 5.48, "lon": 6.76, "crs": 0.5457, "crs_lower": 0.5604, "crs_upper": 0.6803, "risk_tier": "high", "colour": "#FF6D00" }, "geometry": { "type": "Point", "coordinates": [ 6.76, 5.48 ] } },
{ "type": "Feature", "properties": { "lat": 5.48, "lon": 6.77, "crs": 0.5457, "crs_lower": 0.5601, "crs_upper": 0.6803, "risk_tier": "high", "colour": "#FF6D00" }, "geometry": { "type": "Point", "coordinates": [ 6.77, 5.48 ] } },
{ "type": "Feature", "properties": { "lat": 5.48, "lon": 6.78, "crs": 0.5282, "crs_lower": 0.5466, "crs_upper": 0.6803, "risk_tier": "high", "colour": "#FF6D00" }, "geometry": { "type": "Point", "coordinates": [ 6.78, 5.48 ] } },
{ "type": "Feature", "properties": { "lat": 5.49, "lon": 6.61, "crs": 0.5174, "crs_lower": 0.5057, "crs_upper": 0.645, "risk_tier": "high", "colour": "#FF6D00" }, "geometry": { "type": "Point", "coordinates": [ 6.61, 5.49 ] } },
{ "type": "Feature", "properties": { "lat": 5.49, "lon": 6.63, "crs": 0.5057, "crs_lower": 0.5272, "crs_upper": 0.645, "risk_tier": "high", "colour": "#FF6D00" }, "geometry": { "type": "Point", "coordinates": [ 6.63, 5.49 ] } },
{ "type": "Feature", "properties": { "lat": 5.49, "lon": 6.64, "crs": 0.5174, "crs_lower": 0.5196, "crs_upper": 0.645, "risk_tier": "high", "colour": "#FF6D00" }, "geometry": { "type": "Point", "coordinates": [ 6.64, 5.49 ] } },
{ "type": "Feature", "properties": { "lat": 5.49, "lon": 6.65, "crs": 0.5057, "crs_lower": 0.5194, "crs_upper": 0.645, "risk_tier": "high", "colour": "#FF6D00" }, "geometry": { "type": "Point", "coordinates": [ 6.65, 5.49 ] } },
{ "type": "Feature", "properties": { "lat": 5.49, "lon": 6.66, "crs": 0.5282, "crs_lower": 0.553, "crs_upper": 0.6803, "risk_tier": "high", "colour": "#FF6D00" }, "geometry": { "type": "Point", "coordinates": [ 6.66, 5.49 ] } },
{ "type": "Feature", "properties": { "lat": 5.49, "lon": 6.67, "crs": 0.5347, "crs_lower": 0.5678, "crs_upper": 0.6803, "risk_tier": "high", "colour": "#FF6D00" }, "geometry": { "type": "Point", "coordinates": [ 6.67, 5.49 ] } },
{ "type": "Feature", "properties": { "lat": 5.49, "lon": 6.68, "crs": 0.5282, "crs_lower": 0.5467, "crs_upper": 0.6803, "risk_tier": "high", "colour": "#FF6D00" }, "geometry": { "type": "Point", "coordinates": [ 6.68, 5.49 ] } },
{ "type": "Feature", "properties": { "lat": 5.49, "lon": 6.69, "crs": 0.5282, "crs_lower": 0.5601, "crs_upper": 0.6803, "risk_tier": "high", "colour": "#FF6D00" }, "geometry": { "type": "Point", "coordinates": [ 6.69, 5.49 ] } },
{ "type": "Feature", "properties": { "lat": 5.49, "lon": 6.7, "crs": 0.5457, "crs_lower": 0.5602, "crs_upper": 0.6803, "risk_tier": "high", "colour": "#FF6D00" }, "geometry": { "type": "Point", "coordinates": [ 6.7, 5.49 ] } },
{ "type": "Feature", "properties": { "lat": 5.49, "lon": 6.71, "crs": 0.5457, "crs_lower": 0.5601, "crs_upper": 0.6803, "risk_tier": "high", "colour": "#FF6D00" }, "geometry": { "type": "Point", "coordinates": [ 6.71, 5.49 ] } },
{ "type": "Feature", "properties": { "lat": 5.49, "lon": 6.72, "crs": 0.5457, "crs_lower": 0.5601, "crs_upper": 0.6803, "risk_tier": "high", "colour": "#FF6D00" }, "geometry": { "type": "Point", "coordinates": [ 6.72, 5.49 ] } },
{ "type": "Feature", "properties": { "lat": 5.49, "lon": 6.73, "crs": 0.5457, "crs_lower": 0.5603, "crs_upper": 0.6803, "risk_tier": "high", "colour": "#FF6D00" }, "geometry": { "type": "Point", "coordinates": [ 6.73, 5.49 ] } },
{ "type": "Feature", "properties": { "lat": 5.49, "lon": 6.74, "crs": 0.5282, "crs_lower": 0.5466, "crs_upper": 0.6803, "risk_tier": "high", "colour": "#FF6D00" }, "geometry": { "type": "Point", "coordinates": [ 6.74, 5.49 ] } },
{ "type": "Feature", "properties": { "lat": 5.49, "lon": 6.75, "crs": 0.5457, "crs_lower": 0.5601, "crs_upper": 0.6803, "risk_tier": "high", "colour": "#FF6D00" }, "geometry": { "type": "Point", "coordinates": [ 6.75, 5.49 ] } },
{ "type": "Feature", "properties": { "lat": 5.49, "lon": 6.76, "crs": 0.5457, "crs_lower": 0.553, "crs_upper": 0.6803, "risk_tier": "high", "colour": "#FF6D00" }, "geometry": { "type": "Point", "coordinates": [ 6.76, 5.49 ] } },
{ "type": "Feature", "properties": { "lat": 5.49, "lon": 6.77, "crs": 0.5457, "crs_lower": 0.5603, "crs_upper": 0.6806, "risk_tier": "high", "colour": "#FF6D00" }, "geometry": { "type": "Point", "coordinates": [ 6.77, 5.49 ] } },
{ "type": "Feature", "properties": { "lat": 5.49, "lon": 6.78, "crs": 0.5174, "crs_lower": 0.5059, "crs_upper": 0.645, "risk_tier": "high", "colour": "#FF6D00" }, "geometry": { "type": "Point", "coordinates": [ 6.78, 5.49 ] } },
{ "type": "Feature", "properties": { "lat": 5.5, "lon": 6.61, "crs": 0.5001, "crs_lower": 0.5153, "crs_upper": 0.6465, "risk_tier": "high", "colour": "#FF6D00" }, "geometry": { "type": "Point", "coordinates": [ 6.61, 5.5 ] } },
{ "type": "Feature", "properties": { "lat": 5.5, "lon": 6.67, "crs": 0.5282, "crs_lower": 0.5469, "crs_upper": 0.6803, "risk_tier": "high", "colour": "#FF6D00" }, "geometry": { "type": "Point", "coordinates": [ 6.67, 5.5 ] } },
{ "type": "Feature", "properties": { "lat": 5.5, "lon": 6.68, "crs": 0.5347, "crs_lower": 0.5603, "crs_upper": 0.6803, "risk_tier": "high", "colour": "#FF6D00" }, "geometry": { "type": "Point", "coordinates": [ 6.68, 5.5 ] } },
{ "type": "Feature", "properties": { "lat": 5.5, "lon": 6.69, "crs": 0.5457, "crs_lower": 0.5601, "crs_upper": 0.6803, "risk_tier": "high", "colour": "#FF6D00" }, "geometry": { "type": "Point", "coordinates": [ 6.69, 5.5 ] } },
{ "type": "Feature", "properties": { "lat": 5.5, "lon": 6.7, "crs": 0.5457, "crs_lower": 0.5601, "crs_upper": 0.6803, "risk_tier": "high", "colour": "#FF6D00" }, "geometry": { "type": "Point", "coordinates": [ 6.7, 5.5 ] } },
{ "type": "Feature", "properties": { "lat": 5.5, "lon": 6.71, "crs": 0.5457, "crs_lower": 0.5532, "crs_upper": 0.6803, "risk_tier": "high", "colour": "#FF6D00" }, "geometry": { "type": "Point", "coordinates": [ 6.71, 5.5 ] } },
{ "type": "Feature", "properties": { "lat": 5.5, "lon": 6.72, "crs": 0.5457, "crs_lower": 0.5601, "crs_upper": 0.6803, "risk_tier": "high", "colour": "#FF6D00" }, "geometry": { "type": "Point", "coordinates": [ 6.72, 5.5 ] } },
{ "type": "Feature", "properties": { "lat": 5.5, "lon": 6.73, "crs": 0.5282, "crs_lower": 0.5467, "crs_upper": 0.6803, "risk_tier": "high", "colour": "#FF6D00" }, "geometry": { "type": "Point", "coordinates": [ 6.73, 5.5 ] } },
{ "type": "Feature", "properties": { "lat": 5.5, "lon": 6.74, "crs": 0.5282, "crs_lower": 0.5604, "crs_upper": 0.6803, "risk_tier": "high", "colour": "#FF6D00" }, "geometry": { "type": "Point", "coordinates": [ 6.74, 5.5 ] } },
{ "type": "Feature", "properties": { "lat": 5.5, "lon": 6.75, "crs": 0.5457, "crs_lower": 0.5467, "crs_upper": 0.6803, "risk_tier": "high", "colour": "#FF6D00" }, "geometry": { "type": "Point", "coordinates": [ 6.75, 5.5 ] } },
{ "type": "Feature", "properties": { "lat": 5.5, "lon": 6.76, "crs": 0.5457, "crs_lower": 0.5601, "crs_upper": 0.6803, "risk_tier": "high", "colour": "#FF6D00" }, "geometry": { "type": "Point", "coordinates": [ 6.76, 5.5 ] } },
{ "type": "Feature", "properties": { "lat": 5.51, "lon": 6.67, "crs": 0.5282, "crs_lower": 0.5573, "crs_upper": 0.6803, "risk_tier": "high", "colour": "#FF6D00" }, "geometry": { "type": "Point", "coordinates": [ 6.67, 5.51 ] } },
{ "type": "Feature", "properties": { "lat": 5.51, "lon": 6.68, "crs": 0.5282, "crs_lower": 0.5601, "crs_upper": 0.6803, "risk_tier": "high", "colour": "#FF6D00" }, "geometry": { "type": "Point", "coordinates": [ 6.68, 5.51 ] } },
{ "type": "Feature", "properties": { "lat": 5.51, "lon": 6.69, "crs": 0.5347, "crs_lower": 0.5601, "crs_upper": 0.6803, "risk_tier": "high", "colour": "#FF6D00" }, "geometry": { "type": "Point", "coordinates": [ 6.69, 5.51 ] } },
{ "type": "Feature", "properties": { "lat": 5.51, "lon": 6.7, "crs": 0.5347, "crs_lower": 0.5601, "crs_upper": 0.6803, "risk_tier": "high", "colour": "#FF6D00" }, "geometry": { "type": "Point", "coordinates": [ 6.7, 5.51 ] } },
{ "type": "Feature", "properties": { "lat": 5.51, "lon": 6.71, "crs": 0.5457, "crs_lower": 0.5601, "crs_upper": 0.6803, "risk_tier": "high", "colour": "#FF6D00" }, "geometry": { "type": "Point", "coordinates": [ 6.71, 5.51 ] } },
{ "type": "Feature", "properties": { "lat": 5.51, "lon": 6.72, "crs": 0.5347, "crs_lower": 0.5601, "crs_upper": 0.6803, "risk_tier": "high", "colour": "#FF6D00" }, "geometry": { "type": "Point", "coordinates": [ 6.72, 5.51 ] } },
{ "type": "Feature", "properties": { "lat": 5.51, "lon": 6.73, "crs": 0.5282, "crs_lower": 0.5712, "crs_upper": 0.6803, "risk_tier": "high", "colour": "#FF6D00" }, "geometry": { "type": "Point", "coordinates": [ 6.73, 5.51 ] } },
{ "type": "Feature", "properties": { "lat": 5.51, "lon": 6.74, "crs": 0.5282, "crs_lower": 0.5601, "crs_upper": 0.6803, "risk_tier": "high", "colour": "#FF6D00" }, "geometry": { "type": "Point", "coordinates": [ 6.74, 5.51 ] } },
{ "type": "Feature", "properties": { "lat": 5.51, "lon": 6.75, "crs": 0.5282, "crs_lower": 0.5601, "crs_upper": 0.6803, "risk_tier": "high", "colour": "#FF6D00" }, "geometry": { "type": "Point", "coordinates": [ 6.75, 5.51 ] } },
{ "type": "Feature", "properties": { "lat": 5.51, "lon": 6.76, "crs": 0.5282, "crs_lower": 0.553, "crs_upper": 0.6803, "risk_tier": "high", "colour": "#FF6D00" }, "geometry": { "type": "Point", "coordinates": [ 6.76, 5.51 ] } },
{ "type": "Feature", "properties": { "lat": 5.51, "lon": 6.78, "crs": 0.5057, "crs_lower": 0.5194, "crs_upper": 0.645, "risk_tier": "high", "colour": "#FF6D00" }, "geometry": { "type": "Point", "coordinates": [ 6.78, 5.51 ] } },
{ "type": "Feature", "properties": { "lat": 5.52, "lon": 6.67, "crs": 0.5282, "crs_lower": 0.5601, "crs_upper": 0.6803, "risk_tier": "high", "colour": "#FF6D00" }, "geometry": { "type": "Point", "coordinates": [ 6.67, 5.52 ] } },
{ "type": "Feature", "properties": { "lat": 5.52, "lon": 6.68, "crs": 0.5282, "crs_lower": 0.553, "crs_upper": 0.6803, "risk_tier": "high", "colour": "#FF6D00" }, "geometry": { "type": "Point", "coordinates": [ 6.68, 5.52 ] } },
{ "type": "Feature", "properties": { "lat": 5.52, "lon": 6.69, "crs": 0.5282, "crs_lower": 0.5601, "crs_upper": 0.6803, "risk_tier": "high", "colour": "#FF6D00" }, "geometry": { "type": "Point", "coordinates": [ 6.69, 5.52 ] } },
{ "type": "Feature", "properties": { "lat": 5.52, "lon": 6.7, "crs": 0.5457, "crs_lower": 0.5467, "crs_upper": 0.6803, "risk_tier": "high", "colour": "#FF6D00" }, "geometry": { "type": "Point", "coordinates": [ 6.7, 5.52 ] } },
{ "type": "Feature", "properties": { "lat": 5.52, "lon": 6.71, "crs": 0.5457, "crs_lower": 0.5533, "crs_upper": 0.6803, "risk_tier": "high", "colour": "#FF6D00" }, "geometry": { "type": "Point", "coordinates": [ 6.71, 5.52 ] } },
{ "type": "Feature", "properties": { "lat": 5.52, "lon": 6.72, "crs": 0.5457, "crs_lower": 0.553, "crs_upper": 0.6803, "risk_tier": "high", "colour": "#FF6D00" }, "geometry": { "type": "Point", "coordinates": [ 6.72, 5.52 ] } },
{ "type": "Feature", "properties": { "lat": 5.52, "lon": 6.73, "crs": 0.5457, "crs_lower": 0.5466, "crs_upper": 0.6803, "risk_tier": "high", "colour": "#FF6D00" }, "geometry": { "type": "Point", "coordinates": [ 6.73, 5.52 ] } },
{ "type": "Feature", "properties": { "lat": 5.52, "lon": 6.74, "crs": 0.5282, "crs_lower": 0.5573, "crs_upper": 0.6803, "risk_tier": "high", "colour": "#FF6D00" }, "geometry": { "type": "Point", "coordinates": [ 6.74, 5.52 ] } },
{ "type": "Feature", "properties": { "lat": 5.52, "lon": 6.75, "crs": 0.5282, "crs_lower": 0.5607, "crs_upper": 0.6803, "risk_tier": "high", "colour": "#FF6D00" }, "geometry": { "type": "Point", "coordinates": [ 6.75, 5.52 ] } },
{ "type": "Feature", "properties": { "lat": 5.52, "lon": 6.76, "crs": 0.5174, "crs_lower": 0.5196, "crs_upper": 0.645, "risk_tier": "high", "colour": "#FF6D00" }, "geometry": { "type": "Point", "coordinates": [ 6.76, 5.52 ] } },
{ "type": "Feature", "properties": { "lat": 5.53, "lon": 6.68, "crs": 0.5282, "crs_lower": 0.547, "crs_upper": 0.6803, "risk_tier": "high", "colour": "#FF6D00" }, "geometry": { "type": "Point", "coordinates": [ 6.68, 5.53 ] } },
{ "type": "Feature", "properties": { "lat": 5.53, "lon": 6.69, "crs": 0.5282, "crs_lower": 0.5746, "crs_upper": 0.6803, "risk_tier": "high", "colour": "#FF6D00" }, "geometry": { "type": "Point", "coordinates": [ 6.69, 5.53 ] } },
{ "type": "Feature", "properties": { "lat": 5.53, "lon": 6.7, "crs": 0.5347, "crs_lower": 0.5573, "crs_upper": 0.6803, "risk_tier": "high", "colour": "#FF6D00" }, "geometry": { "type": "Point", "coordinates": [ 6.7, 5.53 ] } },
{ "type": "Feature", "properties": { "lat": 5.53, "lon": 6.71, "crs": 0.5347, "crs_lower": 0.5601, "crs_upper": 0.6803, "risk_tier": "high", "colour": "#FF6D00" }, "geometry": { "type": "Point", "coordinates": [ 6.71, 5.53 ] } },
{ "type": "Feature", "properties": { "lat": 5.53, "lon": 6.72, "crs": 0.5456, "crs_lower": 0.5601, "crs_upper": 0.6803, "risk_tier": "high", "colour": "#FF6D00" }, "geometry": { "type": "Point", "coordinates": [ 6.72, 5.53 ] } },
{ "type": "Feature", "properties": { "lat": 5.53, "lon": 6.73, "crs": 0.5456, "crs_lower": 0.5601, "crs_upper": 0.6803, "risk_tier": "high", "colour": "#FF6D00" }, "geometry": { "type": "Point", "coordinates": [ 6.73, 5.53 ] } },
{ "type": "Feature", "properties": { "lat": 5.53, "lon": 6.74, "crs": 0.5282, "crs_lower": 0.5601, "crs_upper": 0.6803, "risk_tier": "high", "colour": "#FF6D00" }, "geometry": { "type": "Point", "coordinates": [ 6.74, 5.53 ] } },
{ "type": "Feature", "properties": { "lat": 5.53, "lon": 6.75, "crs": 0.5282, "crs_lower": 0.5535, "crs_upper": 0.6809, "risk_tier": "high", "colour": "#FF6D00" }, "geometry": { "type": "Point", "coordinates": [ 6.75, 5.53 ] } },
{ "type": "Feature", "properties": { "lat": 5.53, "lon": 6.76, "crs": 0.5456, "crs_lower": 0.5601, "crs_upper": 0.6803, "risk_tier": "high", "colour": "#FF6D00" }, "geometry": { "type": "Point", "coordinates": [ 6.76, 5.53 ] } },
{ "type": "Feature", "properties": { "lat": 5.54, "lon": 6.64, "crs": 0.5282, "crs_lower": 0.553, "crs_upper": 0.6803, "risk_tier": "high", "colour": "#FF6D00" }, "geometry": { "type": "Point", "coordinates": [ 6.64, 5.54 ] } },
{ "type": "Feature", "properties": { "lat": 5.54, "lon": 6.65, "crs": 0.5456, "crs_lower": 0.5467, "crs_upper": 0.6803, "risk_tier": "high", "colour": "#FF6D00" }, "geometry": { "type": "Point", "coordinates": [ 6.65, 5.54 ] } },
{ "type": "Feature", "properties": { "lat": 5.54, "lon": 6.66, "crs": 0.5057, "crs_lower": 0.517, "crs_upper": 0.645, "risk_tier": "high", "colour": "#FF6D00" }, "geometry": { "type": "Point", "coordinates": [ 6.66, 5.54 ] } },
{ "type": "Feature", "properties": { "lat": 5.54, "lon": 6.67, "crs": 0.5282, "crs_lower": 0.5603, "crs_upper": 0.6803, "risk_tier": "high", "colour": "#FF6D00" }, "geometry": { "type": "Point", "coordinates": [ 6.67, 5.54 ] } },
{ "type": "Feature", "properties": { "lat": 5.54, "lon": 6.68, "crs": 0.5282, "crs_lower": 0.5601, "crs_upper": 0.6803, "risk_tier": "high", "colour": "#FF6D00" }, "geometry": { "type": "Point", "coordinates": [ 6.68, 5.54 ] } },
{ "type": "Feature", "properties": { "lat": 5.54, "lon": 6.69, "crs": 0.5282, "crs_lower": 0.5601, "crs_upper": 0.6803, "risk_tier": "high", "colour": "#FF6D00" }, "geometry": { "type": "Point", "coordinates": [ 6.69, 5.54 ] } },
{ "type": "Feature", "properties": { "lat": 5.54, "lon": 6.7, "crs": 0.5282, "crs_lower": 0.5468, "crs_upper": 0.6803, "risk_tier": "high", "colour": "#FF6D00" }, "geometry": { "type": "Point", "coordinates": [ 6.7, 5.54 ] } },
{ "type": "Feature", "properties": { "lat": 5.54, "lon": 6.71, "crs": 0.5456, "crs_lower": 0.553, "crs_upper": 0.6803, "risk_tier": "high", "colour": "#FF6D00" }, "geometry": { "type": "Point", "coordinates": [ 6.71, 5.54 ] } },
{ "type": "Feature", "properties": { "lat": 5.54, "lon": 6.72, "crs": 0.5456, "crs_lower": 0.5601, "crs_upper": 0.6803, "risk_tier": "high", "colour": "#FF6D00" }, "geometry": { "type": "Point", "coordinates": [ 6.72, 5.54 ] } },
{ "type": "Feature", "properties": { "lat": 5.54, "lon": 6.73, "crs": 0.5456, "crs_lower": 0.5467, "crs_upper": 0.6803, "risk_tier": "high", "colour": "#FF6D00" }, "geometry": { "type": "Point", "coordinates": [ 6.73, 5.54 ] } },
{ "type": "Feature", "properties": { "lat": 5.54, "lon": 6.74, "crs": 0.5282, "crs_lower": 0.5601, "crs_upper": 0.6803, "risk_tier": "high", "colour": "#FF6D00" }, "geometry": { "type": "Point", "coordinates": [ 6.74, 5.54 ] } },
{ "type": "Feature", "properties": { "lat": 5.54, "lon": 6.75, "crs": 0.5282, "crs_lower": 0.5602, "crs_upper": 0.6803, "risk_tier": "high", "colour": "#FF6D00" }, "geometry": { "type": "Point", "coordinates": [ 6.75, 5.54 ] } },
{ "type": "Feature", "properties": { "lat": 5.55, "lon": 6.67, "crs": 0.5282, "crs_lower": 0.5601, "crs_upper": 0.6803, "risk_tier": "high", "colour": "#FF6D00" }, "geometry": { "type": "Point", "coordinates": [ 6.67, 5.55 ] } },
{ "type": "Feature", "properties": { "lat": 5.55, "lon": 6.68, "crs": 0.5282, "crs_lower": 0.5466, "crs_upper": 0.6803, "risk_tier": "high", "colour": "#FF6D00" }, "geometry": { "type": "Point", "coordinates": [ 6.68, 5.55 ] } },
{ "type": "Feature", "properties": { "lat": 5.55, "lon": 6.69, "crs": 0.5282, "crs_lower": 0.5601, "crs_upper": 0.6803, "risk_tier": "high", "colour": "#FF6D00" }, "geometry": { "type": "Point", "coordinates": [ 6.69, 5.55 ] } },
{ "type": "Feature", "properties": { "lat": 5.55, "lon": 6.7, "crs": 0.5282, "crs_lower": 0.5601, "crs_upper": 0.6803, "risk_tier": "high", "colour": "#FF6D00" }, "geometry": { "type": "Point", "coordinates": [ 6.7, 5.55 ] } },
{ "type": "Feature", "properties": { "lat": 5.55, "lon": 6.71, "crs": 0.5456, "crs_lower": 0.5601, "crs_upper": 0.6803, "risk_tier": "high", "colour": "#FF6D00" }, "geometry": { "type": "Point", "coordinates": [ 6.71, 5.55 ] } },
{ "type": "Feature", "properties": { "lat": 5.55, "lon": 6.72, "crs": 0.5346, "crs_lower": 0.5505, "crs_upper": 0.6803, "risk_tier": "high", "colour": "#FF6D00" }, "geometry": { "type": "Point", "coordinates": [ 6.72, 5.55 ] } },
{ "type": "Feature", "properties": { "lat": 5.55, "lon": 6.73, "crs": 0.5282, "crs_lower": 0.5601, "crs_upper": 0.6803, "risk_tier": "high", "colour": "#FF6D00" }, "geometry": { "type": "Point", "coordinates": [ 6.73, 5.55 ] } }
]
}
