{
"type": "FeatureCollection",
"name": "risk_grid",
"crs": { "type": "name", "properties": { "name": "urn:ogc:def:crs:OGC:1.3:CRS84" } },
"features": [
{ "type": "Feature", "properties": { "crs": 0.1849, "risk_tier": "low", "colour": "#69F0AE" }, "geometry": { "type": "Point", "coordinates": [ 6.16, 4.36 ] } },
{ "type": "Feature", "properties": { "crs": 0.2145, "risk_tier": "low", "colour": "#69F0AE" }, "geometry": { "type": "Point", "coordinates": [ 6.17, 4.36 ] } },
{ "type": "Feature", "properties": { "crs": 0.2146, "risk_tier": "low", "colour": "#69F0AE" }, "geometry": { "type": "Point", "coordinates": [ 6.18, 4.36 ] } },
{ "type": "Feature", "properties": { "crs": 0.2191, "risk_tier": "low", "colour": "#69F0AE" }, "geometry": { "type": "Point", "coordinates": [ 6.19, 4.36 ] } },
{ "type": "Feature", "properties": { "crs": 0.2191, "risk_tier": "low", "colour": "#69F0AE" }, "geometry": { "type": "Point", "coordinates": [ 6.2, 4.36 ] } },
{ "type": "Feature", "properties": { "crs": 0.1879, "risk_tier": "low", "colour": "#69F0AE" }, "geometry": { "type": "Point", "coordinates": [ 6.21, 4.36 ] } },
{ "type": "Feature", "properties": { "crs": 0.1762, "risk_tier": "low", "colour": "#69F0AE" }, "geometry": { "type": "Point", "coordinates": [ 6.13, 4.37 ] } },
{ "type": "Feature", "properties": { "crs": 0.2149, "risk_tier": "low", "colour": "#69F0AE" }, "geometry": { "type": "Point", "coordinates": [ 6.14, 4.37 ] } },
{ "type": "Feature", "properties": { "crs": 0.2251, "risk_tier": "low", "colour": "#69F0AE" }, "geometry": { "type": "Point", "coordinates": [ 6.15, 4.37 ] } },
{ "type": "Feature", "properties": { "crs": 0.219, "risk_tier": "low", "colour": "#69F0AE" }, "geometry": { "type": "Point", "coordinates": [ 6.16, 4.37 ] } },
{ "type": "Feature", "properties": { "crs": 0.2191, "risk_tier": "low", "colour": "#69F0AE" }, "geometry": { "type": "Point", "coordinates": [ 6.17, 4.37 ] } },
{ "type": "Feature", "properties": { "crs": 0.2191, "risk_tier": "low", "colour": "#69F0AE" }, "geometry": { "type": "Point", "coordinates": [ 6.18, 4.37 ] } },
{ "type": "Feature", "properties": { "crs": 0.219, "risk_tier": "low", "colour": "#69F0AE" }, "geometry": { "type": "Point", "coordinates": [ 6.19, 4.37 ] } },
{ "type": "Feature", "properties": { "crs": 0.219, "risk_tier": "low", "colour": "#69F0AE" }, "geometry": { "type": "Point", "coordinates": [ 6.2, 4.37 ] } },
{ "type": "Feature", "properties": { "crs": 0.2252, "risk_tier": "low", "colour": "#69F0AE" }, "geometry": { "type": "Point", "coordinates": [ 6.21, 4.37 ] } },
{ "type": "Feature", "properties": { "crs": 0.2199, "risk_tier": "low", "colour": "#69F0AE" }, "geometry": { "type": "Point", "coordinates": [ 6.22, 4.37 ] } },
{ "type": "Feature", "properties": { "crs": 0.2249, "risk_tier": "low", "colour": "#69F0AE" }, "geometry": { "type": "Point", "coordinates": [ 6.1, 4.38 ] } },
{ "type": "Feature", "properties": { "crs": 0.2393, "risk_tier": "low", "colour": "#69F0AE" }, "geometry": { "type": "Point", "coordinates": [ 6.11, 4.38 ] } },
{ "type": "Feature", "properties": { "crs": 0.2321, "risk_tier": "low", "colour": "#69F0AE" }, "geometry": { "type": "Point", "coordinates": [ 6.12, 4.38 ] } },
{ "type": "Feature", "properties": { "crs": 0.2321, "risk_tier": "low", "colour": "#69F0AE" }, "geometry": { "type": "Point", "coordinates": [ 6.13, 4.38 ] } },
{ "type": "Feature", "properties": { "crs": 0.2321, "risk_tier": "low", "colour": "#69F0AE" }, "geometry": { "type": "Point", "coordinates": [ 6.14, 4.38 ] } },
{ "type": "Feature", "properties": { "crs": 0.2323, "risk_tier": "low", "colour": "#69F0AE" }, "geometry": { "type": "Point", "coordinates": [ 6.15, 4.38 ] } },
{ "type": "Feature", "properties": { "crs": 0.2383, "risk_tier": "low", "colour": "#69F0AE" }, "geometry": { "type": "Point", "coordinates": [ 6.16, 4.38 ] } },
{ "type": "Feature", "properties": { "crs": 0.2449, "risk_tier": "low", "colour": "#69F0AE" }, "geometry": { "type": "Point", "coordinates": [ 6.17, 4.38 ] } },
{ "type": "Feature", "properties": { "crs": 0.2251, "risk_tier": "low", "colour": "#69F0AE" }, "geometry": { "type": "Point", "coordinates": [ 6.18, 4.38 ] } },
{ "type": "Feature", "properties": { "crs": 0.2251, "risk_tier": "low", "colour": "#69F0AE" }, "geometry": { "type": "Point", "coordinates": [ 6.19, 4.38 ] } },
{ "type": "Feature", "properties": { "crs": 0.2394, "risk_tier": "low", "colour": "#69F0AE" }, "geometry": { "type": "Point", "coordinates": [ 6.2, 4.38 ] } },
{ "type": "Feature", "properties": { "crs": 0.2396, "risk_tier": "low", "colour": "#69F0AE" }, "geometry": { "type": "Point", "coordinates": [ 6.21, 4.38 ] } },
{ "type": "Feature", "properties": { "crs": 0.2452, "risk_tier": "low", "colour": "#69F0AE" }, "geometry": { "type": "Point", "coordinates": [ 6.22, 4.38 ] } },
{ "type": "Feature", "properties": { "crs": 0.2388, "risk_tier": "low", "colour": "#69F0AE" }, "geometry": { "type": "Point", "coordinates": [ 6.23, 4.38 ] } },
{ "type": "Feature", "properties": { "crs": 0.2187, "risk_tier": "low", "colour": "#69F0AE" }, "geometry": { "type": "Point", "coordinates": [ 6.07, 4.39 ] } },
{ "type": "Feature", "properties": { "crs": 0.2384, "risk_tier": "low", "colour": "#69F0AE" }, "geometry": { "type": "Point", "coordinates": [ 6.08, 4.39 ] } },
{ "type": "Feature", "properties": { "crs": 0.2312, "risk_tier": "low", "colour": "#69F0AE" }, "geometry": { "type": "Point", "coordinates": [ 6.09, 4.39 ] } },
{ "type": "Feature", "properties": { "crs": 0.3053, "risk_tier": "medium", "colour": "#FFD600" }, "geometry": { "type": "Point", "coordinates": [ 6.1, 4.39 ] } },
{ "type": "Feature", "properties": { "crs": 0.3041, "risk_tier": "medium", "colour": "#FFD600" }, "geometry": { "type": "Point", "coordinates": [ 6.11, 4.39 ] } },
{ "type": "Feature", "properties": { "crs": 0.3012, "risk_tier": "medium", "colour": "#FFD600" }, "geometry": { "type": "Point", "coordinates": [ 6.12, 4.39 ] } },
{ "type": "Feature", "properties": { "crs": 0.3013, "risk_tier": "medium", "colour": "#FFD600" }, "geometry": { "type": "Point", "coordinates": [ 6.13, 4.39 ] } },
{ "type": "Feature", "properties": { "crs": 0.3053, "risk_tier": "medium", "colour": "#FFD600" }, "geometry": { "type": "Point", "coordinates": [ 6.14, 4.39 ] } },
{ "type": "Feature", "properties": { "crs": 0.3082, "risk_tier": "medium", "colour": "#FFD600" }, "geometry": { "type": "Point", "coordinates": [ 6.15, 4.39 ] } },
{ "type": "Feature", "properties": { "crs": 0.245, "risk_tier": "low", "colour": "#69F0AE" }, "geometry": { "type": "Point", "coordinates": [ 6.16, 4.39 ] } },
{ "type": "Feature", "properties": { "crs": 0.2271, "risk_tier": "low", "colour": "#69F0AE" }, "geometry": { "type": "Point", "coordinates": [ 6.17, 4.39 ] } },
{ "type": "Feature", "properties": { "crs": 0.2271, "risk_tier": "low", "colour": "#69F0AE" }, "geometry": { "type": "Point", "coordinates": [ 6.18, 4.39 ] } },
{ "type": "Feature", "properties": { "crs": 0.2342, "risk_tier": "low", "colour": "#69F0AE" }, "geometry": { "type": "Point", "coordinates": [ 6.19, 4.39 ] } },
{ "type": "Feature", "properties": { "crs": 0.2393, "risk_tier": "low", "colour": "#69F0AE" }, "geometry": { "type": "Point", "coordinates": [ 6.2, 4.39 ] } },
{ "type": "Feature", "properties": { "crs": 0.2449, "risk_tier": "low", "colour": "#69F0AE" }, "geometry": { "type": "Point", "coordinates": [ 6.21, 4.39 ] } },
{ "type": "Feature", "properties": { "crs": 0.2571, "risk_tier": "medium", "colour": "#FFD600" }, "geometry": { "type": "Point", "coordinates": [ 6.22, 4.39 ] } },
{ "type": "Feature", "properties": { "crs": 0.2572, "risk_tier": "medium", "colour": "#FFD600" }, "geometry": { "type": "Point", "coordinates": [ 6.23, 4.39 ] } },
{ "type": "Feature", "properties": { "crs": 0.2388, "risk_tier": "low", "colour": "#69F0AE" }, "geometry": { "type": "Point", "coordinates": [ 6.24, 4.39 ] } },
{ "type": "Feature", "properties": { "crs": 0.2386, "risk_tier": "low", "colour": "#69F0AE" }, "geometry": { "type": "Point", "coordinates": [ 6.05, 4.4 ] } },
{ "type": "Feature", "properties": { "crs": 0.2312, "risk_tier": "low", "colour": "#69F0AE" }, "geometry": { "type": "Point", "coordinates": [ 6.06, 4.4 ] } },
{ "type": "Feature", "properties": { "crs": 0.3012, "risk_tier": "medium", "colour": "#FFD600" }, "geometry": { "type": "Point", "coordinates": [ 6.07, 4.4 ] } },
{ "type": "Feature", "properties": { "crs": 0.3013, "risk_tier": "medium", "colour": "#FFD600" }, "geometry": { "type": "Point", "coordinates": [ 6.08, 4.4 ] } },
{ "type": "Feature", "properties": { "crs": 0.3013, "risk_tier": "medium", "colour": "#FFD600" }, "geometry": { "type": "Point", "coordinates": [ 6.09, 4.4 ] } },
{ "type": "Feature", "properties": { "crs": 0.3013, "risk_tier": "medium", "colour": "#FFD600" }, "geometry": { "type": "Point", "coordinates": [ 6.1, 4.4 ] } },
{ "type": "Feature", "properties": { "crs": 0.3012, "risk_tier": "medium", "colour": "#FFD600" }, "geometry": { "type": "Point", "coordinates": [ 6.11, 4.4 ] } },
{ "type": "Feature", "properties": { "crs": 0.3013, "risk_tier": "medium", "colour": "#FFD600" }, "geometry": { "type": "Point", "coordinates": [ 6.12, 4.4 ] } },
{ "type": "Feature", "properties": { "crs": 0.3013, "risk_tier": "medium", "colour": "#FFD600" }, "geometry": { "type": "Point", "coordinates": [ 6.13, 4.4 ] } },
{ "type": "Feature", "properties": { "crs": 0.3013, "risk_tier": "medium", "colour": "#FFD600" }, "geometry": { "type": "Point", "coordinates": [ 6.14, 4.4 ] } },
{ "type": "Feature", "properties": { "crs": 0.3013, "risk_tier": "medium", "colour": "#FFD600" }, "geometry": { "type": "Point", "coordinates": [ 6.15, 4.4 ] } },
{ "type": "Feature", "properties": { "crs": 0.3082, "risk_tier": "medium", "colour": "#FFD600" }, "geometry": { "type": "Point", "coordinates": [ 6.16, 4.4 ] } },
{ "type": "Feature", "properties": { "crs": 0.3082, "risk_tier": "medium", "colour": "#FFD600" }, "geometry": { "type": "Point", "coordinates": [ 6.17, 4.4 ] } },
{ "type": "Feature", "properties": { "crs": 0.2321, "risk_tier": "low", "colour": "#69F0AE" }, "geometry": { "type": "Point", "coordinates": [ 6.18, 4.4 ] } },
{ "type": "Feature", "properties": { "crs": 0.2376, "risk_tier": "low", "colour": "#69F0AE" }, "geometry": { "type": "Point", "coordinates": [ 6.19, 4.4 ] } },
{ "type": "Feature", "properties": { "crs": 0.2385, "risk_tier": "low", "colour": "#69F0AE" }, "geometry": { "type": "Point", "coordinates": [ 6.2, 4.4 ] } },
{ "type": "Feature", "properties": { "crs": 0.2385, "risk_tier": "low", "colour": "#69F0AE" }, "geometry": { "type": "Point", "coordinates": [ 6.21, 4.4 ] } },
{ "type": "Feature", "properties": { "crs": 0.2386, "risk_tier": "low", "colour": "#69F0AE" }, "geometry": { "type": "Point", "coordinates": [ 6.22, 4.4 ] } },
{ "type": "Feature", "properties": { "crs": 0.257, "risk_tier": "medium", "colour": "#FFD600" }, "geometry": { "type": "Point", "coordinates": [ 6.23, 4.4 ] } },
{ "type": "Feature", "properties": { "crs": 0.2572, "risk_tier": "medium", "colour": "#FFD600" }, "geometry": { "type": "Point", "coordinates": [ 6.24, 4.4 ] } },
{ "type": "Feature", "properties": { "crs": 0.2572, "risk_tier": "medium", "colour": "#FFD600" }, "geometry": { "type": "Point", "coordinates": [ 6.25, 4.4 ] } },
{ "type": "Feature", "properties": { "crs": 0.3169, "risk_tier": "medium", "colour": "#FFD600" }, "geometry": { "type": "Point", "coordinates": [ 6.03, 4.41 ] } },
{ "type": "Feature", "properties": { "crs": 0.3169, "risk_tier": "medium", "colour": "#FFD600" }, "geometry": { "type": "Point", "coordinates": [ 6.04, 4.41 ] } },
{ "type": "Feature", "properties": { "crs": 0.3013, "risk_tier": "medium", "colour": "#FFD600" }, "geometry": { "type": "Point", "coordinates": [ 6.05, 4.41 ] } },
{ "type": "Feature", "properties": { "crs": 0.3013, "risk_tier": "medium", "colour": "#FFD600" }, "geometry": { "type": "Point", "coordinates": [ 6.06, 4.41 ] } },
{ "type": "Feature", "properties": { "crs": 0.3013, "risk_tier": "medium", "colour": "#FFD600" }, "geometry": { "type": "Point", "coordinates": [ 6.07, 4.41 ] } },
{ "type": "Feature", "properties": { "crs": 0.3013, "risk_tier": "medium", "colour": "#FFD600" }, "geometry": { "type": "Point", "coordinates": [ 6.08, 4.41 ] } },
{ "type": "Feature", "properties": { "crs": 0.3013, "risk_tier": "medium", "colour": "#FFD600" }, "geometry": { "type": "Point", "coordinates": [ 6.09, 4.41 ] } },
{ "type": "Feature", "properties": { "crs": 0.3013, "risk_tier": "medium", "colour": "#FFD600" }, "geometry": { "type": "Point", "coordinates": [ 6.1, 4.41 ] } },
{ "type": "Feature", "properties": { "crs": 0.3013, "risk_tier": "medium", "colour": "#FFD600" }, "geometry": { "type": "Point", "coordinates": [ 6.11, 4.41 ] } },
{ "type": "Feature", "properties": { "crs": 0.3013, "risk_tier": "medium", "colour": "#FFD600" }, "geometry": { "type": "Point", "coordinates": [ 6.12, 4.41 ] } },
{ "type": "Feature", "properties": { "crs": 0.3013, "risk_tier": "medium", "colour": "#FFD600" }, "geometry": { "type": "Point", "coordinates": [ 6.13, 4.41 ] } },
{ "type": "Feature", "properties": { "crs": 0.3013, "risk_tier": "medium", "colour": "#FFD600" }, "geometry": { "type": "Point", "coordinates": [ 6.14, 4.41 ] } },
{ "type": "Feature", "properties": { "crs": 0.3013, "risk_tier": "medium", "colour": "#FFD600" }, "geometry": { "type": "Point", "coordinates": [ 6.15, 4.41 ] } },
{ "type": "Feature", "properties": { "crs": 0.3012, "risk_tier": "medium", "colour": "#FFD600" }, "geometry": { "type": "Point", "coordinates": [ 6.16, 4.41 ] } },
{ "type": "Feature", "properties": { "crs": 0.3012, "risk_tier": "medium", "colour": "#FFD600" }, "geometry": { "type": "Point", "coordinates": [ 6.17, 4.41 ] } },
{ "type": "Feature", "properties": { "crs": 0.3012, "risk_tier": "medium", "colour": "#FFD600" }, "geometry": { "type": "Point", "coordinates": [ 6.18, 4.41 ] } },
{ "type": "Feature", "properties": { "crs": 0.3053, "risk_tier": "medium", "colour": "#FFD600" }, "geometry": { "type": "Point", "coordinates": [ 6.19, 4.41 ] } },
{ "type": "Feature", "properties": { "crs": 0.2313, "risk_tier": "low", "colour": "#69F0AE" }, "geometry": { "type": "Point", "coordinates": [ 6.2, 4.41 ] } },
{ "type": "Feature", "properties": { "crs": 0.2386, "risk_tier": "low", "colour": "#69F0AE" }, "geometry": { "type": "Point", "coordinates": [ 6.21, 4.41 ] } },
{ "type": "Feature", "properties": { "crs": 0.2386, "risk_tier": "low", "colour": "#69F0AE" }, "geometry": { "type": "Point", "coordinates": [ 6.22, 4.41 ] } },
{ "type": "Feature", "properties": { "crs": 0.2559, "risk_tier": "medium", "colour": "#FFD600" }, "geometry": { "type": "Point", "coordinates": [ 6.23, 4.41 ] } },
{ "type": "Feature", "properties": { "crs": 0.267, "risk_tier": "medium", "colour": "#FFD600" }, "geometry": { "type": "Point", "coordinates": [ 6.24, 4.41 ] } },
{ "type": "Feature", "properties": { "crs": 0.267, "risk_tier": "medium", "colour": "#FFD600" }, "geometry": { "type": "Point", "coordinates": [ 6.25, 4.41 ] } },
{ "type": "Feature", "properties": { "crs": 0.1682, "risk_tier": "low", "colour": "#69F0AE" }, "geometry": { "type": "Point", "coordinates": [ 6.26, 4.41 ] } },
{ "type": "Feature", "properties": { "crs": 0.2386, "risk_tier": "low", "colour": "#69F0AE" }, "geometry": { "type": "Point", "coordinates": [ 6.0, 4.42 ] } },
{ "type": "Feature", "properties": { "crs": 0.3014, "risk_tier": "medium", "colour": "#FFD600" }, "geometry": { "type": "Point", "coordinates": [ 6.01, 4.42 ] } },
{ "type": "Feature", "properties": { "crs": 0.3014, "risk_tier": "medium", "colour": "#FFD600" }, "geometry": { "type": "Point", "coordinates": [ 6.02, 4.42 ] } },
{ "type": "Feature", "properties": { "crs": 0.3014, "risk_tier": "medium", "colour": "#FFD600" }, "geometry": { "type": "Point", "coordinates": [ 6.03, 4.42 ] } },
{ "type": "Feature", "properties": { "crs": 0.3014, "risk_tier": "medium", "colour": "#FFD600" }, "geometry": { "type": "Point", "coordinates": [ 6.04, 4.42 ] } },
{ "type": "Feature", "properties": { "crs": 0.3012, "risk_tier": "medium", "colour": "#FFD600" }, "geometry": { "type": "Point", "coordinates": [ 6.05, 4.42 ] } },
{ "type": "Feature", "properties": { "crs": 0.3012, "risk_tier": "medium", "colour": "#FFD600" }, "geometry": { "type": "Point", "coordinates": [ 6.06, 4.42 ] } },
{ "type": "Feature", "properties": { "crs": 0.3012, "risk_tier": "medium", "colour": "#FFD600" }, "geometry": { "type": "Point", "coordinates": [ 6.07, 4.42 ] } },
{ "type": "Feature", "properties": { "crs": 0.305, "risk_tier": "medium", "colour": "#FFD600" }, "geometry": { "type": "Point", "coordinates": [ 6.08, 4.42 ] } },
{ "type": "Feature", "properties": { "crs": 0.3166, "risk_tier": "medium", "colour": "#FFD600" }, "geometry": { "type": "Point", "coordinates": [ 6.09, 4.42 ] } },
{ "type": "Feature", "properties": { "crs": 0.3012, "risk_tier": "medium", "colour": "#FFD600" }, "geometry": { "type": "Point", "coordinates": [ 6.1, 4.42 ] } },
{ "type": "Feature", "properties": { "crs": 0.3012, "risk_tier": "medium", "colour": "#FFD600" }, "geometry": { "type": "Point", "coordinates": [ 6.11, 4.42 ] } },
{ "type": "Feature", "properties": { "crs": 0.3012, "risk_tier": "medium", "colour": "#FFD600" }, "geometry": { "type": "Point", "coordinates": [ 6.12, 4.42 ] } },
{ "type": "Feature", "properties": { "crs": 0.3166, "risk_tier": "medium", "colour": "#FFD600" }, "geometry": { "type": "Point", "coordinates": [ 6.13, 4.42 ] } },
{ "type": "Feature", "properties": { "crs": 0.3158, "risk_tier": "medium", "colour": "#FFD600" }, "geometry": { "type": "Point", "coordinates": [ 6.14, 4.42 ] } },
{ "type": "Feature", "properties": { "crs": 0.3013, "risk_tier": "medium", "colour": "#FFD600" }, "geometry": { "type": "Point", "coordinates": [ 6.15, 4.42 ] } },
{ "type": "Feature", "properties": { "crs": 0.3013, "risk_tier": "medium", "colour": "#FFD600" }, "geometry": { "type": "Point", "coordinates": [ 6.16, 4.42 ] } },
{ "type": "Feature", "properties": { "crs": 0.3013, "risk_tier": "medium", "colour": "#FFD600" }, "geometry": { "type": "Point", "coordinates": [ 6.17, 4.42 ] } },
{ "type": "Feature", "properties": { "crs": 0.3013, "risk_tier": "medium", "colour": "#FFD600" }, "geometry": { "type": "Point", "coordinates": [ 6.18, 4.42 ] } },
{ "type": "Feature", "properties": { "crs": 0.3013, "risk_tier": "medium", "colour": "#FFD600" }, "geometry": { "type": "Point", "coordinates": [ 6.19, 4.42 ] } },
{ "type": "Feature", "properties": { "crs": 0.3013, "risk_tier": "medium", "colour": "#FFD600" }, "geometry": { "type": "Point", "coordinates": [ 6.2, 4.42 ] } },
{ "type": "Feature", "properties": { "crs": 0.3054, "risk_tier": "medium", "colour": "#FFD600" }, "geometry": { "type": "Point", "coordinates": [ 6.21, 4.42 ] } },
{ "type": "Feature", "properties": { "crs": 0.2376, "risk_tier": "low", "colour": "#69F0AE" }, "geometry": { "type": "Point", "coordinates": [ 6.22, 4.42 ] } },
{ "type": "Feature", "properties": { "crs": 0.2529, "risk_tier": "medium", "colour": "#FFD600" }, "geometry": { "type": "Point", "coordinates": [ 6.23, 4.42 ] } },
{ "type": "Feature", "properties": { "crs": 0.2668, "risk_tier": "medium", "colour": "#FFD600" }, "geometry": { "type": "Point", "coordinates": [ 6.24, 4.42 ] } },
{ "type": "Feature", "properties": { "crs": 0.2574, "risk_tier": "medium", "colour": "#FFD600" }, "geometry": { "type": "Point", "coordinates": [ 6.25, 4.42 ] } },
{ "type": "Feature", "properties": { "crs": 0.2562, "risk_tier": "medium", "colour": "#FFD600" }, "geometry": { "type": "Point", "coordinates": [ 6.26, 4.42 ] } },
{ "type": "Feature", "properties": { "crs": 0.2217, "risk_tier": "low", "colour": "#69F0AE" }, "geometry": { "type": "Point", "coordinates": [ 5.98, 4.43 ] } },
{ "type": "Feature", "properties": { "crs": 0.3123, "risk_tier": "medium", "colour": "#FFD600" }, "geometry": { "type": "Point", "coordinates": [ 5.99, 4.43 ] } },
{ "type": "Feature", "properties": { "crs": 0.3273, "risk_tier": "medium", "colour": "#FFD600" }, "geometry": { "type": "Point", "coordinates": [ 6.0, 4.43 ] } },
{ "type": "Feature", "properties": { "crs": 0.3242, "risk_tier": "medium", "colour": "#FFD600" }, "geometry": { "type": "Point", "coordinates": [ 6.01, 4.43 ] } },
{ "type": "Feature", "properties": { "crs": 0.3243, "risk_tier": "medium", "colour": "#FFD600" }, "geometry": { "type": "Point", "coordinates": [ 6.02, 4.43 ] } },
{ "type": "Feature", "properties": { "crs": 0.3243, "risk_tier": "medium", "colour": "#FFD600" }, "geometry": { "type": "Point", "coordinates": [ 6.03, 4.43 ] } },
{ "type": "Feature", "properties": { "crs": 0.3241, "risk_tier": "medium", "colour": "#FFD600" }, "geometry": { "type": "Point", "coordinates": [ 6.04, 4.43 ] } },
{ "type": "Feature", "properties": { "crs": 0.3241, "risk_tier": "medium", "colour": "#FFD600" }, "geometry": { "type": "Point", "coordinates": [ 6.05, 4.43 ] } },
{ "type": "Feature", "properties": { "crs": 0.3241, "risk_tier": "medium", "colour": "#FFD600" }, "geometry": { "type": "Point", "coordinates": [ 6.06, 4.43 ] } },
{ "type": "Feature", "properties": { "crs": 0.3012, "risk_tier": "medium", "colour": "#FFD600" }, "geometry": { "type": "Point", "coordinates": [ 6.07, 4.43 ] } },
{ "type": "Feature", "properties": { "crs": 0.3012, "risk_tier": "medium", "colour": "#FFD600" }, "geometry": { "type": "Point", "coordinates": [ 6.08, 4.43 ] } },
{ "type": "Feature", "properties": { "crs": 0.3049, "risk_tier": "medium", "colour": "#FFD600" }, "geometry": { "type": "Point", "coordinates": [ 6.09, 4.43 ] } },
{ "type": "Feature", "properties": { "crs": 0.3012, "risk_tier": "medium", "colour": "#FFD600" }, "geometry": { "type": "Point", "coordinates": [ 6.1, 4.43 ] } },
{ "type": "Feature", "properties": { "crs": 0.3012, "risk_tier": "medium", "colour": "#FFD600" }, "geometry": { "type": "Point", "coordinates": [ 6.11, 4.43 ] } },
{ "type": "Feature", "properties": { "crs": 0.3133, "risk_tier": "medium", "colour": "#FFD600" }, "geometry": { "type": "Point", "coordinates": [ 6.12, 4.43 ] } },
{ "type": "Feature", "properties": { "crs": 0.3272, "risk_tier": "medium", "colour": "#FFD600" }, "geometry": { "type": "Point", "coordinates": [ 6.13, 4.43 ] } },
{ "type": "Feature", "properties": { "crs": 0.3158, "risk_tier": "medium", "colour": "#FFD600" }, "geometry": { "type": "Point", "coordinates": [ 6.14, 4.43 ] } },
{ "type": "Feature", "properties": { "crs": 0.3158, "risk_tier": "medium", "colour": "#FFD600" }, "geometry": { "type": "Point", "coordinates": [ 6.15, 4.43 ] } },
{ "type": "Feature", "properties": { "crs": 0.3158, "risk_tier": "medium", "colour": "#FFD600" }, "geometry": { "type": "Point", "coordinates": [ 6.16, 4.43 ] } },
{ "type": "Feature", "properties": { "crs": 0.3158, "risk_tier": "medium", "colour": "#FFD600" }, "geometry": { "type": "Point", "coordinates": [ 6.17, 4.43 ] } },
{ "type": "Feature", "properties": { "crs": 0.3013, "risk_tier": "medium", "colour": "#FFD600" }, "geometry": { "type": "Point", "coordinates": [ 6.18, 4.43 ] } },
{ "type": "Feature", "properties": { "crs": 0.3013, "risk_tier": "medium", "colour": "#FFD600" }, "geometry": { "type": "Point", "coordinates": [ 6.19, 4.43 ] } },
{ "type": "Feature", "properties": { "crs": 0.3013, "risk_tier": "medium", "colour": "#FFD600" }, "geometry": { "type": "Point", "coordinates": [ 6.2, 4.43 ] } },
{ "type": "Feature", "properties": { "crs": 0.3013, "risk_tier": "medium", "colour": "#FFD600" }, "geometry": { "type": "Point", "coordinates": [ 6.21, 4.43 ] } },
{ "type": "Feature", "properties": { "crs": 0.2453, "risk_tier": "low", "colour": "#69F0AE" }, "geometry": { "type": "Point", "coordinates": [ 6.22, 4.43 ] } },
{ "type": "Feature", "properties": { "crs": 0.2518, "risk_tier": "medium", "colour": "#FFD600" }, "geometry": { "type": "Point", "coordinates": [ 6.23, 4.43 ] } },
{ "type": "Feature", "properties": { "crs": 0.2595, "risk_tier": "medium", "colour": "#FFD600" }, "geometry": { "type": "Point", "coordinates": [ 6.24, 4.43 ] } },
{ "type": "Feature", "properties": { "crs": 0.2562, "risk_tier": "medium", "colour": "#FFD600" }, "geometry": { "type": "Point", "coordinates": [ 6.25, 4.43 ] } },
{ "type": "Feature", "properties": { "crs": 0.2562, "risk_tier": "medium", "colour": "#FFD600" }, "geometry": { "type": "Point", "coordinates": [ 6.26, 4.43 ] } },
{ "type": "Feature", "properties": { "crs": 0.2343, "risk_tier": "low", "colour": "#69F0AE" }, "geometry": { "type": "Point", "coordinates": [ 5.96, 4.44 ] } },
{ "type": "Feature", "properties": { "crs": 0.3123, "risk_tier": "medium", "colour": "#FFD600" }, "geometry": { "type": "Point", "coordinates": [ 5.97, 4.44 ] } },
{ "type": "Feature", "properties": { "crs": 0.3179, "risk_tier": "medium", "colour": "#FFD600" }, "geometry": { "type": "Point", "coordinates": [ 5.98, 4.44 ] } },
{ "type": "Feature", "properties": { "crs": 0.3705, "risk_tier": "medium", "colour": "#FFD600" }, "geometry": { "type": "Point", "coordinates": [ 5.99, 4.44 ] } },
{ "type": "Feature", "properties": { "crs": 0.3705, "risk_tier": "medium", "colour": "#FFD600" }, "geometry": { "type": "Point", "coordinates": [ 6.0, 4.44 ] } },
{ "type": "Feature", "properties": { "crs": 0.3705, "risk_tier": "medium", "colour": "#FFD600" }, "geometry": { "type": "Point", "coordinates": [ 6.01, 4.44 ] } },
{ "type": "Feature", "properties": { "crs": 0.3677, "risk_tier": "medium", "colour": "#FFD600" }, "geometry": { "type": "Point", "coordinates": [ 6.02, 4.44 ] } },
{ "type": "Feature", "properties": { "crs": 0.3675, "risk_tier": "medium", "colour": "#FFD600" }, "geometry": { "type": "Point", "coordinates": [ 6.03, 4.44 ] } },
{ "type": "Feature", "properties": { "crs": 0.3675, "risk_tier": "medium", "colour": "#FFD600" }, "geometry": { "type": "Point", "coordinates": [ 6.04, 4.44 ] } },
{ "type": "Feature", "properties": { "crs": 0.3673, "risk_tier": "medium", "colour": "#FFD600" }, "geometry": { "type": "Point", "coordinates": [ 6.05, 4.44 ] } },
{ "type": "Feature", "properties": { "crs": 0.3241, "risk_tier": "medium", "colour": "#FFD600" }, "geometry": { "type": "Point", "coordinates": [ 6.06, 4.44 ] } },
{ "type": "Feature", "properties": { "crs": 0.3241, "risk_tier": "medium", "colour": "#FFD600" }, "geometry": { "type": "Point", "coordinates": [ 6.07, 4.44 ] } },
{ "type": "Feature", "properties": { "crs": 0.3241, "risk_tier": "medium", "colour": "#FFD600" }, "geometry": { "type": "Point", "coordinates": [ 6.08, 4.44 ] } },
{ "type": "Feature", "properties": { "crs": 0.3047, "risk_tier": "medium", "colour": "#FFD600" }, "geometry": { "type": "Point", "coordinates": [ 6.09, 4.44 ] } },
{ "type": "Feature", "properties": { "crs": 0.3012, "risk_tier": "medium", "colour": "#FFD600" }, "geometry": { "type": "Point", "coordinates": [ 6.1, 4.44 ] } },
{ "type": "Feature", "properties": { "crs": 0.3133, "risk_tier": "medium", "colour": "#FFD600" }, "geometry": { "type": "Point", "coordinates": [ 6.11, 4.44 ] } },
{ "type": "Feature", "properties": { "crs": 0.3133, "risk_tier": "medium", "colour": "#FFD600" }, "geometry": { "type": "Point", "coordinates": [ 6.12, 4.44 ] } },
{ "type": "Feature", "properties": { "crs": 0.3133, "risk_tier": "medium", "colour": "#FFD600" }, "geometry": { "type": "Point", "coordinates": [ 6.13, 4.44 ] } },
{ "type": "Feature", "properties": { "crs": 0.3133, "risk_tier": "medium", "colour": "#FFD600" }, "geometry": { "type": "Point", "coordinates": [ 6.14, 4.44 ] } },
{ "type": "Feature", "properties": { "crs": 0.3157, "risk_tier": "medium", "colour": "#FFD600" }, "geometry": { "type": "Point", "coordinates": [ 6.15, 4.44 ] } },
{ "type": "Feature", "properties": { "crs": 0.3157, "risk_tier": "medium", "colour": "#FFD600" }, "geometry": { "type": "Point", "coordinates": [ 6.16, 4.44 ] } },
{ "type": "Feature", "properties": { "crs": 0.3272, "risk_tier": "medium", "colour": "#FFD600" }, "geometry": { "type": "Point", "coordinates": [ 6.17, 4.44 ] } },
{ "type": "Feature", "properties": { "crs": 0.3012, "risk_tier": "medium", "colour": "#FFD600" }, "geometry": { "type": "Point", "coordinates": [ 6.18, 4.44 ] } },
{ "type": "Feature", "properties": { "crs": 0.3158, "risk_tier": "medium", "colour": "#FFD600" }, "geometry": { "type": "Point", "coordinates": [ 6.19, 4.44 ] } },
{ "type": "Feature", "properties": { "crs": 0.3166, "risk_tier": "medium", "colour": "#FFD600" }, "geometry": { "type": "Point", "coordinates": [ 6.2, 4.44 ] } },
{ "type": "Feature", "properties": { "crs": 0.3166, "risk_tier": "medium", "colour": "#FFD600" }, "geometry": { "type": "Point", "coordinates": [ 6.21, 4.44 ] } },
{ "type": "Feature", "properties": { "crs": 0.3013, "risk_tier": "medium", "colour": "#FFD600" }, "geometry": { "type": "Point", "coordinates": [ 6.22, 4.44 ] } },
{ "type": "Feature", "properties": { "crs": 0.2313, "risk_tier": "low", "colour": "#69F0AE" }, "geometry": { "type": "Point", "coordinates": [ 6.23, 4.44 ] } },
{ "type": "Feature", "properties": { "crs": 0.2313, "risk_tier": "low", "colour": "#69F0AE" }, "geometry": { "type": "Point", "coordinates": [ 6.24, 4.44 ] } },
{ "type": "Feature", "properties": { "crs": 0.2497, "risk_tier": "low", "colour": "#69F0AE" }, "geometry": { "type": "Point", "coordinates": [ 6.25, 4.44 ] } },
{ "type": "Feature", "properties": { "crs": 0.2532, "risk_tier": "medium", "colour": "#FFD600" }, "geometry": { "type": "Point", "coordinates": [ 6.26, 4.44 ] } },
{ "type": "Feature", "properties": { "crs": 0.2605, "risk_tier": "medium", "colour": "#FFD600" }, "geometry": { "type": "Point", "coordinates": [ 6.27, 4.44 ] } },
{ "type": "Feature", "properties": { "crs": 0.2251, "risk_tier": "low", "colour": "#69F0AE" }, "geometry": { "type": "Point", "coordinates": [ 5.93, 4.45 ] } },
{ "type": "Feature", "properties": { "crs": 0.2323, "risk_tier": "low", "colour": "#69F0AE" }, "geometry": { "type": "Point", "coordinates": [ 5.94, 4.45 ] } },
{ "type": "Feature", "properties": { "crs": 0.2991, "risk_tier": "medium", "colour": "#FFD600" }, "geometry": { "type": "Point", "coordinates": [ 5.95, 4.45 ] } },
{ "type": "Feature", "properties": { "crs": 0.3497, "risk_tier": "medium", "colour": "#FFD600" }, "geometry": { "type": "Point", "coordinates": [ 5.96, 4.45 ] } },
{ "type": "Feature", "properties": { "crs": 0.3705, "risk_tier": "medium", "colour": "#FFD600" }, "geometry": { "type": "Point", "coordinates": [ 5.97, 4.45 ] } },
{ "type": "Feature", "properties": { "crs": 0.3863, "risk_tier": "medium", "colour": "#FFD600" }, "geometry": { "type": "Point", "coordinates": [ 5.98, 4.45 ] } },
{ "type": "Feature", "properties": { "crs": 0.3863, "risk_tier": "medium", "colour": "#FFD600" }, "geometry": { "type": "Point", "coordinates": [ 5.99, 4.45 ] } },
{ "type": "Feature", "properties": { "crs": 0.3677, "risk_tier": "medium", "colour": "#FFD600" }, "geometry": { "type": "Point", "coordinates": [ 6.0, 4.45 ] } },
{ "type": "Feature", "properties": { "crs": 0.3676, "risk_tier": "medium", "colour": "#FFD600" }, "geometry": { "type": "Point", "coordinates": [ 6.01, 4.45 ] } },
{ "type": "Feature", "properties": { "crs": 0.3676, "risk_tier": "medium", "colour": "#FFD600" }, "geometry": { "type": "Point", "coordinates": [ 6.02, 4.45 ] } },
{ "type": "Feature", "properties": { "crs": 0.3705, "risk_tier": "medium", "colour": "#FFD600" }, "geometry": { "type": "Point", "coordinates": [ 6.03, 4.45 ] } },
{ "type": "Feature", "properties": { "crs": 0.3676, "risk_tier": "medium", "colour": "#FFD600" }, "geometry": { "type": "Point", "coordinates": [ 6.04, 4.45 ] } },
{ "type": "Feature", "properties": { "crs": 0.3673, "risk_tier": "medium", "colour": "#FFD600" }, "geometry": { "type": "Point", "coordinates": [ 6.05, 4.45 ] } },
{ "type": "Feature", "properties": { "crs": 0.3673, "risk_tier": "medium", "colour": "#FFD600" }, "geometry": { "type": "Point", "coordinates": [ 6.06, 4.45 ] } },
{ "type": "Feature", "properties": { "crs": 0.3673, "risk_tier": "medium", "colour": "#FFD600" }, "geometry": { "type": "Point", "coordinates": [ 6.07, 4.45 ] } },
{ "type": "Feature", "properties": { "crs": 0.3724, "risk_tier": "medium", "colour": "#FFD600" }, "geometry": { "type": "Point", "coordinates": [ 6.08, 4.45 ] } },
{ "type": "Feature", "properties": { "crs": 0.3396, "risk_tier": "medium", "colour": "#FFD600" }, "geometry": { "type": "Point", "coordinates": [ 6.09, 4.45 ] } },
{ "type": "Feature", "properties": { "crs": 0.313, "risk_tier": "medium", "colour": "#FFD600" }, "geometry": { "type": "Point", "coordinates": [ 6.1, 4.45 ] } },
{ "type": "Feature", "properties": { "crs": 0.3132, "risk_tier": "medium", "colour": "#FFD600" }, "geometry": { "type": "Point", "coordinates": [ 6.11, 4.45 ] } },
{ "type": "Feature", "properties": { "crs": 0.3132, "risk_tier": "medium", "colour": "#FFD600" }, "geometry": { "type": "Point", "coordinates": [ 6.12, 4.45 ] } },
{ "type": "Feature", "properties": { "crs": 0.3132, "risk_tier": "medium", "colour": "#FFD600" }, "geometry": { "type": "Point", "coordinates": [ 6.13, 4.45 ] } },
{ "type": "Feature", "properties": { "crs": 0.3132, "risk_tier": "medium", "colour": "#FFD600" }, "geometry": { "type": "Point", "coordinates": [ 6.14, 4.45 ] } },
{ "type": "Feature", "properties": { "crs": 0.3157, "risk_tier": "medium", "colour": "#FFD600" }, "geometry": { "type": "Point", "coordinates": [ 6.15, 4.45 ] } },
{ "type": "Feature", "properties": { "crs": 0.3157, "risk_tier": "medium", "colour": "#FFD600" }, "geometry": { "type": "Point", "coordinates": [ 6.16, 4.45 ] } },
{ "type": "Feature", "properties": { "crs": 0.3272, "risk_tier": "medium", "colour": "#FFD600" }, "geometry": { "type": "Point", "coordinates": [ 6.17, 4.45 ] } },
{ "type": "Feature", "properties": { "crs": 0.3272, "risk_tier": "medium", "colour": "#FFD600" }, "geometry": { "type": "Point", "coordinates": [ 6.18, 4.45 ] } },
{ "type": "Feature", "properties": { "crs": 0.3272, "risk_tier": "medium", "colour": "#FFD600" }, "geometry": { "type": "Point", "coordinates": [ 6.19, 4.45 ] } },
{ "type": "Feature", "properties": { "crs": 0.3166, "risk_tier": "medium", "colour": "#FFD600" }, "geometry": { "type": "Point", "coordinates": [ 6.2, 4.45 ] } },
{ "type": "Feature", "properties": { "crs": 0.3012, "risk_tier": "medium", "colour": "#FFD600" }, "geometry": { "type": "Point", "coordinates": [ 6.21, 4.45 ] } },
{ "type": "Feature", "properties": { "crs": 0.3012, "risk_tier": "medium", "colour": "#FFD600" }, "geometry": { "type": "Point", "coordinates": [ 6.22, 4.45 ] } },
{ "type": "Feature", "properties": { "crs": 0.3053, "risk_tier": "medium", "colour": "#FFD600" }, "geometry": { "type": "Point", "coordinates": [ 6.23, 4.45 ] } },
{ "type": "Feature", "properties": { "crs": 0.2312, "risk_tier": "low", "colour": "#69F0AE" }, "geometry": { "type": "Point", "coordinates": [ 6.24, 4.45 ] } },
{ "type": "Feature", "properties": { "crs": 0.2494, "risk_tier": "low", "colour": "#69F0AE" }, "geometry": { "type": "Point", "coordinates": [ 6.25, 4.45 ] } },
{ "type": "Feature", "properties": { "crs": 0.2604, "risk_tier": "medium", "colour": "#FFD600" }, "geometry": { "type": "Point", "coordinates": [ 6.26, 4.45 ] } },
{ "type": "Feature", "properties": { "crs": 0.2604, "risk_tier": "medium", "colour": "#FFD600" }, "geometry": { "type": "Point", "coordinates": [ 6.27, 4.45 ] } },
{ "type": "Feature", "properties": { "crs": 0.1849, "risk_tier": "low", "colour": "#69F0AE" }, "geometry": { "type": "Point", "coordinates": [ 5.9, 4.46 ] } },
{ "type": "Feature", "properties": { "crs": 0.2387, "risk_tier": "low", "colour": "#69F0AE" }, "geometry": { "type": "Point", "coordinates": [ 5.91, 4.46 ] } },
{ "type": "Feature", "properties": { "crs": 0.2377, "risk_tier": "low", "colour": "#69F0AE" }, "geometry": { "type": "Point", "coordinates": [ 5.92, 4.46 ] } },
{ "type": "Feature", "properties": { "crs": 0.2315, "risk_tier": "low", "colour": "#69F0AE" }, "geometry": { "type": "Point", "coordinates": [ 5.93, 4.46 ] } },
{ "type": "Feature", "properties": { "crs": 0.3015, "risk_tier": "medium", "colour": "#FFD600" }, "geometry": { "type": "Point", "coordinates": [ 5.94, 4.46 ] } },
{ "type": "Feature", "properties": { "crs": 0.3705, "risk_tier": "medium", "colour": "#FFD600" }, "geometry": { "type": "Point", "coordinates": [ 5.95, 4.46 ] } },
{ "type": "Feature", "properties": { "crs": 0.3553, "risk_tier": "medium", "colour": "#FFD600" }, "geometry": { "type": "Point", "coordinates": [ 5.96, 4.46 ] } },
{ "type": "Feature", "properties": { "crs": 0.3863, "risk_tier": "medium", "colour": "#FFD600" }, "geometry": { "type": "Point", "coordinates": [ 5.97, 4.46 ] } },
{ "type": "Feature", "properties": { "crs": 0.3863, "risk_tier": "medium", "colour": "#FFD600" }, "geometry": { "type": "Point", "coordinates": [ 5.98, 4.46 ] } },
{ "type": "Feature", "properties": { "crs": 0.3864, "risk_tier": "medium", "colour": "#FFD600" }, "geometry": { "type": "Point", "coordinates": [ 5.99, 4.46 ] } },
{ "type": "Feature", "properties": { "crs": 0.3863, "risk_tier": "medium", "colour": "#FFD600" }, "geometry": { "type": "Point", "coordinates": [ 6.0, 4.46 ] } },
{ "type": "Feature", "properties": { "crs": 0.3863, "risk_tier": "medium", "colour": "#FFD600" }, "geometry": { "type": "Point", "coordinates": [ 6.01, 4.46 ] } },
{ "type": "Feature", "properties": { "crs": 0.3676, "risk_tier": "medium", "colour": "#FFD600" }, "geometry": { "type": "Point", "coordinates": [ 6.02, 4.46 ] } },
{ "type": "Feature", "properties": { "crs": 0.3676, "risk_tier": "medium", "colour": "#FFD600" }, "geometry": { "type": "Point", "coordinates": [ 6.03, 4.46 ] } },
{ "type": "Feature", "properties": { "crs": 0.3863, "risk_tier": "medium", "colour": "#FFD600" }, "geometry": { "type": "Point", "coordinates": [ 6.04, 4.46 ] } },
{ "type": "Feature", "properties": { "crs": 0.376, "risk_tier": "medium", "colour": "#FFD600" }, "geometry": { "type": "Point", "coordinates": [ 6.05, 4.46 ] } },
{ "type": "Feature", "properties": { "crs": 0.3675, "risk_tier": "medium", "colour": "#FFD600" }, "geometry": { "type": "Point", "coordinates": [ 6.06, 4.46 ] } },
{ "type": "Feature", "properties": { "crs": 0.3673, "risk_tier": "medium", "colour": "#FFD600" }, "geometry": { "type": "Point", "coordinates": [ 6.07, 4.46 ] } },
{ "type": "Feature", "properties": { "crs": 0.3859, "risk_tier": "medium", "colour": "#FFD600" }, "geometry": { "type": "Point", "coordinates": [ 6.08, 4.46 ] } },
{ "type": "Feature", "properties": { "crs": 0.3944, "risk_tier": "medium", "colour": "#FFD600" }, "geometry": { "type": "Point", "coordinates": [ 6.09, 4.46 ] } },
{ "type": "Feature", "properties": { "crs": 0.3502, "risk_tier": "medium", "colour": "#FFD600" }, "geometry": { "type": "Point", "coordinates": [ 6.1, 4.46 ] } },
{ "type": "Feature", "properties": { "crs": 0.3132, "risk_tier": "medium", "colour": "#FFD600" }, "geometry": { "type": "Point", "coordinates": [ 6.11, 4.46 ] } },
{ "type": "Feature", "properties": { "crs": 0.3132, "risk_tier": "medium", "colour": "#FFD600" }, "geometry": { "type": "Point", "coordinates": [ 6.12, 4.46 ] } },
{ "type": "Feature", "properties": { "crs": 0.3132, "risk_tier": "medium", "colour": "#FFD600" }, "geometry": { "type": "Point", "coordinates": [ 6.13, 4.46 ] } },
{ "type": "Feature", "properties": { "crs": 0.3132, "risk_tier": "medium", "colour": "#FFD600" }, "geometry": { "type": "Point", "coordinates": [ 6.14, 4.46 ] } },
{ "type": "Feature", "properties": { "crs": 0.3169, "risk_tier": "medium", "colour": "#FFD600" }, "geometry": { "type": "Point", "coordinates": [ 6.15, 4.46 ] } },
{ "type": "Feature", "properties": { "crs": 0.3271, "risk_tier": "medium", "colour": "#FFD600" }, "geometry": { "type": "Point", "coordinates": [ 6.16, 4.46 ] } },
{ "type": "Feature", "properties": { "crs": 0.3271, "risk_tier": "medium", "colour": "#FFD600" }, "geometry": { "type": "Point", "coordinates": [ 6.17, 4.46 ] } },
{ "type": "Feature", "properties": { "crs": 0.3272, "risk_tier": "medium", "colour": "#FFD600" }, "geometry": { "type": "Point", "coordinates": [ 6.18, 4.46 ] } },
{ "type": "Feature", "properties": { "crs": 0.3165, "risk_tier": "medium", "colour": "#FFD600" }, "geometry": { "type": "Point", "coordinates": [ 6.19, 4.46 ] } },
{ "type": "Feature", "properties": { "crs": 0.3195, "risk_tier": "medium", "colour": "#FFD600" }, "geometry": { "type": "Point", "coordinates": [ 6.2, 4.46 ] } },
{ "type": "Feature", "properties": { "crs": 0.3012, "risk_tier": "medium", "colour": "#FFD600" }, "geometry": { "type": "Point", "coordinates": [ 6.21, 4.46 ] } },
{ "type": "Feature", "properties": { "crs": 0.3157, "risk_tier": "medium", "colour": "#FFD600" }, "geometry": { "type": "Point", "coordinates": [ 6.22, 4.46 ] } },
{ "type": "Feature", "properties": { "crs": 0.3012, "risk_tier": "medium", "colour": "#FFD600" }, "geometry": { "type": "Point", "coordinates": [ 6.23, 4.46 ] } },
{ "type": "Feature", "properties": { "crs": 0.2312, "risk_tier": "low", "colour": "#69F0AE" }, "geometry": { "type": "Point", "coordinates": [ 6.24, 4.46 ] } },
{ "type": "Feature", "properties": { "crs": 0.2494, "risk_tier": "low", "colour": "#69F0AE" }, "geometry": { "type": "Point", "coordinates": [ 6.25, 4.46 ] } },
{ "type": "Feature", "properties": { "crs": 0.2601, "risk_tier": "medium", "colour": "#FFD600" }, "geometry": { "type": "Point", "coordinates": [ 6.26, 4.46 ] } },
{ "type": "Feature", "properties": { "crs": 0.2531, "risk_tier": "medium", "colour": "#FFD600" }, "geometry": { "type": "Point", "coordinates": [ 6.27, 4.46 ] } },
{ "type": "Feature", "properties": { "crs": 0.2205, "risk_tier": "low", "colour": "#69F0AE" }, "geometry": { "type": "Point", "coordinates": [ 5.88, 4.47 ] } },
{ "type": "Feature", "properties": { "crs": 0.219, "risk_tier": "low", "colour": "#69F0AE" }, "geometry": { "type": "Point", "coordinates": [ 5.89, 4.47 ] } },
{ "type": "Feature", "properties": { "crs": 0.2387, "risk_tier": "low", "colour": "#69F0AE" }, "geometry": { "type": "Point", "coordinates": [ 5.9, 4.47 ] } },
{ "type": "Feature", "properties": { "crs": 0.2315, "risk_tier": "low", "colour": "#69F0AE" }, "geometry": { "type": "Point", "coordinates": [ 5.91, 4.47 ] } },
{ "type": "Feature", "properties": { "crs": 0.3056, "risk_tier": "medium", "colour": "#FFD600" }, "geometry": { "type": "Point", "coordinates": [ 5.92, 4.47 ] } },
{ "type": "Feature", "properties": { "crs": 0.3013, "risk_tier": "medium", "colour": "#FFD600" }, "geometry": { "type": "Point", "coordinates": [ 5.93, 4.47 ] } },
{ "type": "Feature", "properties": { "crs": 0.3675, "risk_tier": "medium", "colour": "#FFD600" }, "geometry": { "type": "Point", "coordinates": [ 5.94, 4.47 ] } },
{ "type": "Feature", "properties": { "crs": 0.3674, "risk_tier": "medium", "colour": "#FFD600" }, "geometry": { "type": "Point", "coordinates": [ 5.95, 4.47 ] } },
{ "type": "Feature", "properties": { "crs": 0.3889, "risk_tier": "medium", "colour": "#FFD600" }, "geometry": { "type": "Point", "coordinates": [ 5.96, 4.47 ] } },
{ "type": "Feature", "properties": { "crs": 0.3861, "risk_tier": "medium", "colour": "#FFD600" }, "geometry": { "type": "Point", "coordinates": [ 5.97, 4.47 ] } },
{ "type": "Feature", "properties": { "crs": 0.3861, "risk_tier": "medium", "colour": "#FFD600" }, "geometry": { "type": "Point", "coordinates": [ 5.98, 4.47 ] } },
{ "type": "Feature", "properties": { "crs": 0.3861, "risk_tier": "medium", "colour": "#FFD600" }, "geometry": { "type": "Point", "coordinates": [ 5.99, 4.47 ] } },
{ "type": "Feature", "properties": { "crs": 0.3861, "risk_tier": "medium", "colour": "#FFD600" }, "geometry": { "type": "Point", "coordinates": [ 6.0, 4.47 ] } },
{ "type": "Feature", "properties": { "crs": 0.3861, "risk_tier": "medium", "colour": "#FFD600" }, "geometry": { "type": "Point", "coordinates": [ 6.01, 4.47 ] } },
{ "type": "Feature", "properties": { "crs": 0.3863, "risk_tier": "medium", "colour": "#FFD600" }, "geometry": { "type": "Point", "coordinates": [ 6.02, 4.47 ] } },
{ "type": "Feature", "properties": { "crs": 0.376, "risk_tier": "medium", "colour": "#FFD600" }, "geometry": { "type": "Point", "coordinates": [ 6.03, 4.47 ] } },
{ "type": "Feature", "properties": { "crs": 0.3862, "risk_tier": "medium", "colour": "#FFD600" }, "geometry": { "type": "Point", "coordinates": [ 6.04, 4.47 ] } },
{ "type": "Feature", "properties": { "crs": 0.3861, "risk_tier": "medium", "colour": "#FFD600" }, "geometry": { "type": "Point", "coordinates": [ 6.05, 4.47 ] } },
{ "type": "Feature", "properties": { "crs": 0.3825, "risk_tier": "medium", "colour": "#FFD600" }, "geometry": { "type": "Point", "coordinates": [ 6.06, 4.47 ] } },
{ "type": "Feature", "properties": { "crs": 0.3841, "risk_tier": "medium", "colour": "#FFD600" }, "geometry": { "type": "Point", "coordinates": [ 6.07, 4.47 ] } },
{ "type": "Feature", "properties": { "crs": 0.4068, "risk_tier": "medium", "colour": "#FFD600" }, "geometry": { "type": "Point", "coordinates": [ 6.08, 4.47 ] } },
{ "type": "Feature", "properties": { "crs": 0.4042, "risk_tier": "medium", "colour": "#FFD600" }, "geometry": { "type": "Point", "coordinates": [ 6.09, 4.47 ] } },
{ "type": "Feature", "properties": { "crs": 0.3844, "risk_tier": "medium", "colour": "#FFD600" }, "geometry": { "type": "Point", "coordinates": [ 6.1, 4.47 ] } },
{ "type": "Feature", "properties": { "crs": 0.3268, "risk_tier": "medium", "colour": "#FFD600" }, "geometry": { "type": "Point", "coordinates": [ 6.11, 4.47 ] } },
{ "type": "Feature", "properties": { "crs": 0.3271, "risk_tier": "medium", "colour": "#FFD600" }, "geometry": { "type": "Point", "coordinates": [ 6.12, 4.47 ] } },
{ "type": "Feature", "properties": { "crs": 0.3271, "risk_tier": "medium", "colour": "#FFD600" }, "geometry": { "type": "Point", "coordinates": [ 6.13, 4.47 ] } },
{ "type": "Feature", "properties": { "crs": 0.3271, "risk_tier": "medium", "colour": "#FFD600" }, "geometry": { "type": "Point", "coordinates": [ 6.14, 4.47 ] } },
{ "type": "Feature", "properties": { "crs": 0.3271, "risk_tier": "medium", "colour": "#FFD600" }, "geometry": { "type": "Point", "coordinates": [ 6.15, 4.47 ] } },
{ "type": "Feature", "properties": { "crs": 0.3271, "risk_tier": "medium", "colour": "#FFD600" }, "geometry": { "type": "Point", "coordinates": [ 6.16, 4.47 ] } },
{ "type": "Feature", "properties": { "crs": 0.3194, "risk_tier": "medium", "colour": "#FFD600" }, "geometry": { "type": "Point", "coordinates": [ 6.17, 4.47 ] } },
{ "type": "Feature", "properties": { "crs": 0.3271, "risk_tier": "medium", "colour": "#FFD600" }, "geometry": { "type": "Point", "coordinates": [ 6.18, 4.47 ] } },
{ "type": "Feature", "properties": { "crs": 0.3194, "risk_tier": "medium", "colour": "#FFD600" }, "geometry": { "type": "Point", "coordinates": [ 6.19, 4.47 ] } },
{ "type": "Feature", "properties": { "crs": 0.3157, "risk_tier": "medium", "colour": "#FFD600" }, "geometry": { "type": "Point", "coordinates": [ 6.2, 4.47 ] } },
{ "type": "Feature", "properties": { "crs": 0.3011, "risk_tier": "medium", "colour": "#FFD600" }, "geometry": { "type": "Point", "coordinates": [ 6.21, 4.47 ] } },
{ "type": "Feature", "properties": { "crs": 0.3012, "risk_tier": "medium", "colour": "#FFD600" }, "geometry": { "type": "Point", "coordinates": [ 6.22, 4.47 ] } },
{ "type": "Feature", "properties": { "crs": 0.3157, "risk_tier": "medium", "colour": "#FFD600" }, "geometry": { "type": "Point", "coordinates": [ 6.23, 4.47 ] } },
{ "type": "Feature", "properties": { "crs": 0.26, "risk_tier": "medium", "colour": "#FFD600" }, "geometry": { "type": "Point", "coordinates": [ 6.24, 4.47 ] } },
{ "type": "Feature", "properties": { "crs": 0.2601, "risk_tier": "medium", "colour": "#FFD600" }, "geometry": { "type": "Point", "coordinates": [ 6.25, 4.47 ] } },
{ "type": "Feature", "properties": { "crs": 0.2601, "risk_tier": "medium", "colour": "#FFD600" }, "geometry": { "type": "Point", "coordinates": [ 6.26, 4.47 ] } },
{ "type": "Feature", "properties": { "crs": 0.2561, "risk_tier": "medium", "colour": "#FFD600" }, "geometry": { "type": "Point", "coordinates": [ 6.27, 4.47 ] } },
{ "type": "Feature", "properties": { "crs": 0.2104, "risk_tier": "low", "colour": "#69F0AE" }, "geometry": { "type": "Point", "coordinates": [ 5.87, 4.48 ] } },
{ "type": "Feature", "properties": { "crs": 0.2251, "risk_tier": "low", "colour": "#69F0AE" }, "geometry": { "type": "Point", "coordinates": [ 5.88, 4.48 ] } },
{ "type": "Feature", "properties": { "crs": 0.2387, "risk_tier": "low", "colour": "#69F0AE" }, "geometry": { "type": "Point", "coordinates": [ 5.89, 4.48 ] } },
{ "type": "Feature", "properties": { "crs": 0.2315, "risk_tier": "low", "colour": "#69F0AE" }, "geometry": { "type": "Point", "coordinates": [ 5.9, 4.48 ] } },
{ "type": "Feature", "properties": { "crs": 0.2315, "risk_tier": "low", "colour": "#69F0AE" }, "geometry": { "type": "Point", "coordinates": [ 5.91, 4.48 ] } },
{ "type": "Feature", "properties": { "crs": 0.3015, "risk_tier": "medium", "colour": "#FFD600" }, "geometry": { "type": "Point", "coordinates": [ 5.92, 4.48 ] } },
{ "type": "Feature", "properties": { "crs": 0.3242, "risk_tier": "medium", "colour": "#FFD600" }, "geometry": { "type": "Point", "coordinates": [ 5.93, 4.48 ] } },
{ "type": "Feature", "properties": { "crs": 0.3675, "risk_tier": "medium", "colour": "#FFD600" }, "geometry": { "type": "Point", "coordinates": [ 5.94, 4.48 ] } },
{ "type": "Feature", "properties": { "crs": 0.3675, "risk_tier": "medium", "colour": "#FFD600" }, "geometry": { "type": "Point", "coordinates": [ 5.95, 4.48 ] } },
{ "type": "Feature", "properties": { "crs": 0.386, "risk_tier": "medium", "colour": "#FFD600" }, "geometry": { "type": "Point", "coordinates": [ 5.96, 4.48 ] } },
{ "type": "Feature", "properties": { "crs": 0.3861, "risk_tier": "medium", "colour": "#FFD600" }, "geometry": { "type": "Point", "coordinates": [ 5.97, 4.48 ] } },
{ "type": "Feature", "properties": { "crs": 0.3861, "risk_tier": "medium", "colour": "#FFD600" }, "geometry": { "type": "Point", "coordinates": [ 5.98, 4.48 ] } },
{ "type": "Feature", "properties": { "crs": 0.3861, "risk_tier": "medium", "colour": "#FFD600" }, "geometry": { "type": "Point", "coordinates": [ 5.99, 4.48 ] } },
{ "type": "Feature", "properties": { "crs": 0.404, "risk_tier": "medium", "colour": "#FFD600" }, "geometry": { "type": "Point", "coordinates": [ 6.0, 4.48 ] } },
{ "type": "Feature", "properties": { "crs": 0.3861, "risk_tier": "medium", "colour": "#FFD600" }, "geometry": { "type": "Point", "coordinates": [ 6.01, 4.48 ] } },
{ "type": "Feature", "properties": { "crs": 0.3861, "risk_tier": "medium", "colour": "#FFD600" }, "geometry": { "type": "Point", "coordinates": [ 6.02, 4.48 ] } },
{ "type": "Feature", "properties": { "crs": 0.3853, "risk_tier": "medium", "colour": "#FFD600" }, "geometry": { "type": "Point", "coordinates": [ 6.03, 4.48 ] } },
{ "type": "Feature", "properties": { "crs": 0.3861, "risk_tier": "medium", "colour": "#FFD600" }, "geometry": { "type": "Point", "coordinates": [ 6.04, 4.48 ] } },
{ "type": "Feature", "properties": { "crs": 0.3861, "risk_tier": "medium", "colour": "#FFD600" }, "geometry": { "type": "Point", "coordinates": [ 6.05, 4.48 ] } },
{ "type": "Feature", "properties": { "crs": 0.404, "risk_tier": "medium", "colour": "#FFD600" }, "geometry": { "type": "Point", "coordinates": [ 6.06, 4.48 ] } },
{ "type": "Feature", "properties": { "crs": 0.394, "risk_tier": "medium", "colour": "#FFD600" }, "geometry": { "type": "Point", "coordinates": [ 6.07, 4.48 ] } },
{ "type": "Feature", "properties": { "crs": 0.3945, "risk_tier": "medium", "colour": "#FFD600" }, "geometry": { "type": "Point", "coordinates": [ 6.08, 4.48 ] } },
{ "type": "Feature", "properties": { "crs": 0.4142, "risk_tier": "medium", "colour": "#FFD600" }, "geometry": { "type": "Point", "coordinates": [ 6.09, 4.48 ] } },
{ "type": "Feature", "properties": { "crs": 0.3945, "risk_tier": "medium", "colour": "#FFD600" }, "geometry": { "type": "Point", "coordinates": [ 6.1, 4.48 ] } },
{ "type": "Feature", "properties": { "crs": 0.3501, "risk_tier": "medium", "colour": "#FFD600" }, "geometry": { "type": "Point", "coordinates": [ 6.11, 4.48 ] } },
{ "type": "Feature", "properties": { "crs": 0.327, "risk_tier": "medium", "colour": "#FFD600" }, "geometry": { "type": "Point", "coordinates": [ 6.12, 4.48 ] } },
{ "type": "Feature", "properties": { "crs": 0.327, "risk_tier": "medium", "colour": "#FFD600" }, "geometry": { "type": "Point", "coordinates": [ 6.13, 4.48 ] } },
{ "type": "Feature", "properties": { "crs": 0.3169, "risk_tier": "medium", "colour": "#FFD600" }, "geometry": { "type": "Point", "coordinates": [ 6.14, 4.48 ] } },
{ "type": "Feature", "properties": { "crs": 0.3131, "risk_tier": "medium", "colour": "#FFD600" }, "geometry": { "type": "Point", "coordinates": [ 6.15, 4.48 ] } },
{ "type": "Feature", "properties": { "crs": 0.3271, "risk_tier": "medium", "colour": "#FFD600" }, "geometry": { "type": "Point", "coordinates": [ 6.16, 4.48 ] } },
{ "type": "Feature", "properties": { "crs": 0.3193, "risk_tier": "medium", "colour": "#FFD600" }, "geometry": { "type": "Point", "coordinates": [ 6.17, 4.48 ] } },
{ "type": "Feature", "properties": { "crs": 0.3156, "risk_tier": "medium", "colour": "#FFD600" }, "geometry": { "type": "Point", "coordinates": [ 6.18, 4.48 ] } },
{ "type": "Feature", "properties": { "crs": 0.3132, "risk_tier": "medium", "colour": "#FFD600" }, "geometry": { "type": "Point", "coordinates": [ 6.19, 4.48 ] } },
{ "type": "Feature", "properties": { "crs": 0.3156, "risk_tier": "medium", "colour": "#FFD600" }, "geometry": { "type": "Point", "coordinates": [ 6.2, 4.48 ] } },
{ "type": "Feature", "properties": { "crs": 0.3011, "risk_tier": "medium", "colour": "#FFD600" }, "geometry": { "type": "Point", "coordinates": [ 6.21, 4.48 ] } },
{ "type": "Feature", "properties": { "crs": 0.3011, "risk_tier": "medium", "colour": "#FFD600" }, "geometry": { "type": "Point", "coordinates": [ 6.22, 4.48 ] } },
{ "type": "Feature", "properties": { "crs": 0.3011, "risk_tier": "medium", "colour": "#FFD600" }, "geometry": { "type": "Point", "coordinates": [ 6.23, 4.48 ] } },
{ "type": "Feature", "properties": { "crs": 0.2493, "risk_tier": "low", "colour": "#69F0AE" }, "geometry": { "type": "Point", "coordinates": [ 6.24, 4.48 ] } },
{ "type": "Feature", "properties": { "crs": 0.2528, "risk_tier": "medium", "colour": "#FFD600" }, "geometry": { "type": "Point", "coordinates": [ 6.25, 4.48 ] } },
{ "type": "Feature", "properties": { "crs": 0.2601, "risk_tier": "medium", "colour": "#FFD600" }, "geometry": { "type": "Point", "coordinates": [ 6.26, 4.48 ] } },
{ "type": "Feature", "properties": { "crs": 0.256, "risk_tier": "medium", "colour": "#FFD600" }, "geometry": { "type": "Point", "coordinates": [ 6.27, 4.48 ] } },
{ "type": "Feature", "properties": { "crs": 0.2247, "risk_tier": "low", "colour": "#69F0AE" }, "geometry": { "type": "Point", "coordinates": [ 6.28, 4.48 ] } },
{ "type": "Feature", "properties": { "crs": 0.1763, "risk_tier": "low", "colour": "#69F0AE" }, "geometry": { "type": "Point", "coordinates": [ 5.86, 4.49 ] } },
{ "type": "Feature", "properties": { "crs": 0.2197, "risk_tier": "low", "colour": "#69F0AE" }, "geometry": { "type": "Point", "coordinates": [ 5.87, 4.49 ] } },
{ "type": "Feature", "properties": { "crs": 0.245, "risk_tier": "low", "colour": "#69F0AE" }, "geometry": { "type": "Point", "coordinates": [ 5.88, 4.49 ] } },
{ "type": "Feature", "properties": { "crs": 0.2386, "risk_tier": "low", "colour": "#69F0AE" }, "geometry": { "type": "Point", "coordinates": [ 5.89, 4.49 ] } },
{ "type": "Feature", "properties": { "crs": 0.2313, "risk_tier": "low", "colour": "#69F0AE" }, "geometry": { "type": "Point", "coordinates": [ 5.9, 4.49 ] } },
{ "type": "Feature", "properties": { "crs": 0.305, "risk_tier": "medium", "colour": "#FFD600" }, "geometry": { "type": "Point", "coordinates": [ 5.91, 4.49 ] } },
{ "type": "Feature", "properties": { "crs": 0.3167, "risk_tier": "medium", "colour": "#FFD600" }, "geometry": { "type": "Point", "coordinates": [ 5.92, 4.49 ] } },
{ "type": "Feature", "properties": { "crs": 0.3842, "risk_tier": "medium", "colour": "#FFD600" }, "geometry": { "type": "Point", "coordinates": [ 5.93, 4.49 ] } },
{ "type": "Feature", "properties": { "crs": 0.3675, "risk_tier": "medium", "colour": "#FFD600" }, "geometry": { "type": "Point", "coordinates": [ 5.94, 4.49 ] } },
{ "type": "Feature", "properties": { "crs": 0.3861, "risk_tier": "medium", "colour": "#FFD600" }, "geometry": { "type": "Point", "coordinates": [ 5.95, 4.49 ] } },
{ "type": "Feature", "properties": { "crs": 0.386, "risk_tier": "medium", "colour": "#FFD600" }, "geometry": { "type": "Point", "coordinates": [ 5.96, 4.49 ] } },
{ "type": "Feature", "properties": { "crs": 0.386, "risk_tier": "medium", "colour": "#FFD600" }, "geometry": { "type": "Point", "coordinates": [ 5.97, 4.49 ] } },
{ "type": "Feature", "properties": { "crs": 0.3861, "risk_tier": "medium", "colour": "#FFD600" }, "geometry": { "type": "Point", "coordinates": [ 5.98, 4.49 ] } },
{ "type": "Feature", "properties": { "crs": 0.3853, "risk_tier": "medium", "colour": "#FFD600" }, "geometry": { "type": "Point", "coordinates": [ 5.99, 4.49 ] } },
{ "type": "Feature", "properties": { "crs": 0.3918, "risk_tier": "medium", "colour": "#FFD600" }, "geometry": { "type": "Point", "coordinates": [ 6.0, 4.49 ] } },
{ "type": "Feature", "properties": { "crs": 0.3861, "risk_tier": "medium", "colour": "#FFD600" }, "geometry": { "type": "Point", "coordinates": [ 6.01, 4.49 ] } },
{ "type": "Feature", "properties": { "crs": 0.386, "risk_tier": "medium", "colour": "#FFD600" }, "geometry": { "type": "Point", "coordinates": [ 6.02, 4.49 ] } },
{ "type": "Feature", "properties": { "crs": 0.386, "risk_tier": "medium", "colour": "#FFD600" }, "geometry": { "type": "Point", "coordinates": [ 6.03, 4.49 ] } },
{ "type": "Feature", "properties": { "crs": 0.3853, "risk_tier": "medium", "colour": "#FFD600" }, "geometry": { "type": "Point", "coordinates": [ 6.04, 4.49 ] } },
{ "type": "Feature", "properties": { "crs": 0.386, "risk_tier": "medium", "colour": "#FFD600" }, "geometry": { "type": "Point", "coordinates": [ 6.05, 4.49 ] } },
{ "type": "Feature", "properties": { "crs": 0.3925, "risk_tier": "medium", "colour": "#FFD600" }, "geometry": { "type": "Point", "coordinates": [ 6.06, 4.49 ] } },
{ "type": "Feature", "properties": { "crs": 0.394, "risk_tier": "medium", "colour": "#FFD600" }, "geometry": { "type": "Point", "coordinates": [ 6.07, 4.49 ] } },
{ "type": "Feature", "properties": { "crs": 0.3945, "risk_tier": "medium", "colour": "#FFD600" }, "geometry": { "type": "Point", "coordinates": [ 6.08, 4.49 ] } },
{ "type": "Feature", "properties": { "crs": 0.4141, "risk_tier": "medium", "colour": "#FFD600" }, "geometry": { "type": "Point", "coordinates": [ 6.09, 4.49 ] } },
{ "type": "Feature", "properties": { "crs": 0.4141, "risk_tier": "medium", "colour": "#FFD600" }, "geometry": { "type": "Point", "coordinates": [ 6.1, 4.49 ] } },
{ "type": "Feature", "properties": { "crs": 0.3945, "risk_tier": "medium", "colour": "#FFD600" }, "geometry": { "type": "Point", "coordinates": [ 6.11, 4.49 ] } },
{ "type": "Feature", "properties": { "crs": 0.327, "risk_tier": "medium", "colour": "#FFD600" }, "geometry": { "type": "Point", "coordinates": [ 6.12, 4.49 ] } },
{ "type": "Feature", "properties": { "crs": 0.3131, "risk_tier": "medium", "colour": "#FFD600" }, "geometry": { "type": "Point", "coordinates": [ 6.13, 4.49 ] } },
{ "type": "Feature", "properties": { "crs": 0.3131, "risk_tier": "medium", "colour": "#FFD600" }, "geometry": { "type": "Point", "coordinates": [ 6.14, 4.49 ] } },
{ "type": "Feature", "properties": { "crs": 0.3131, "risk_tier": "medium", "colour": "#FFD600" }, "geometry": { "type": "Point", "coordinates": [ 6.15, 4.49 ] } },
{ "type": "Feature", "properties": { "crs": 0.3131, "risk_tier": "medium", "colour": "#FFD600" }, "geometry": { "type": "Point", "coordinates": [ 6.16, 4.49 ] } },
{ "type": "Feature", "properties": { "crs": 0.327, "risk_tier": "medium", "colour": "#FFD600" }, "geometry": { "type": "Point", "coordinates": [ 6.17, 4.49 ] } },
{ "type": "Feature", "properties": { "crs": 0.3169, "risk_tier": "medium", "colour": "#FFD600" }, "geometry": { "type": "Point", "coordinates": [ 6.18, 4.49 ] } },
{ "type": "Feature", "properties": { "crs": 0.3156, "risk_tier": "medium", "colour": "#FFD600" }, "geometry": { "type": "Point", "coordinates": [ 6.19, 4.49 ] } },
{ "type": "Feature", "properties": { "crs": 0.3011, "risk_tier": "medium", "colour": "#FFD600" }, "geometry": { "type": "Point", "coordinates": [ 6.2, 4.49 ] } },
{ "type": "Feature", "properties": { "crs": 0.301, "risk_tier": "medium", "colour": "#FFD600" }, "geometry": { "type": "Point", "coordinates": [ 6.21, 4.49 ] } },
{ "type": "Feature", "properties": { "crs": 0.301, "risk_tier": "medium", "colour": "#FFD600" }, "geometry": { "type": "Point", "coordinates": [ 6.22, 4.49 ] } },
{ "type": "Feature", "properties": { "crs": 0.3156, "risk_tier": "medium", "colour": "#FFD600" }, "geometry": { "type": "Point", "coordinates": [ 6.23, 4.49 ] } },
{ "type": "Feature", "properties": { "crs": 0.2492, "risk_tier": "low", "colour": "#69F0AE" }, "geometry": { "type": "Point", "coordinates": [ 6.24, 4.49 ] } },
{ "type": "Feature", "properties": { "crs": 0.26, "risk_tier": "medium", "colour": "#FFD600" }, "geometry": { "type": "Point", "coordinates": [ 6.25, 4.49 ] } },
{ "type": "Feature", "properties": { "crs": 0.2666, "risk_tier": "medium", "colour": "#FFD600" }, "geometry": { "type": "Point", "coordinates": [ 6.26, 4.49 ] } },
{ "type": "Feature", "properties": { "crs": 0.257, "risk_tier": "medium", "colour": "#FFD600" }, "geometry": { "type": "Point", "coordinates": [ 6.27, 4.49 ] } },
{ "type": "Feature", "properties": { "crs": 0.257, "risk_tier": "medium", "colour": "#FFD600" }, "geometry": { "type": "Point", "coordinates": [ 6.28, 4.49 ] } },
{ "type": "Feature", "properties": { "crs": 0.2197, "risk_tier": "low", "colour": "#69F0AE" }, "geometry": { "type": "Point", "coordinates": [ 5.86, 4.5 ] } },
{ "type": "Feature", "properties": { "crs": 0.245, "risk_tier": "low", "colour": "#69F0AE" }, "geometry": { "type": "Point", "coordinates": [ 5.87, 4.5 ] } },
{ "type": "Feature", "properties": { "crs": 0.2386, "risk_tier": "low", "colour": "#69F0AE" }, "geometry": { "type": "Point", "coordinates": [ 5.88, 4.5 ] } },
{ "type": "Feature", "properties": { "crs": 0.2312, "risk_tier": "low", "colour": "#69F0AE" }, "geometry": { "type": "Point", "coordinates": [ 5.89, 4.5 ] } },
{ "type": "Feature", "properties": { "crs": 0.2313, "risk_tier": "low", "colour": "#69F0AE" }, "geometry": { "type": "Point", "coordinates": [ 5.9, 4.5 ] } },
{ "type": "Feature", "properties": { "crs": 0.3013, "risk_tier": "medium", "colour": "#FFD600" }, "geometry": { "type": "Point", "coordinates": [ 5.91, 4.5 ] } },
{ "type": "Feature", "properties": { "crs": 0.3013, "risk_tier": "medium", "colour": "#FFD600" }, "geometry": { "type": "Point", "coordinates": [ 5.92, 4.5 ] } },
{ "type": "Feature", "properties": { "crs": 0.3674, "risk_tier": "medium", "colour": "#FFD600" }, "geometry": { "type": "Point", "coordinates": [ 5.93, 4.5 ] } },
{ "type": "Feature", "properties": { "crs": 0.3674, "risk_tier": "medium", "colour": "#FFD600" }, "geometry": { "type": "Point", "coordinates": [ 5.94, 4.5 ] } },
{ "type": "Feature", "properties": { "crs": 0.3861, "risk_tier": "medium", "colour": "#FFD600" }, "geometry": { "type": "Point", "coordinates": [ 5.95, 4.5 ] } },
{ "type": "Feature", "properties": { "crs": 0.3861, "risk_tier": "medium", "colour": "#FFD600" }, "geometry": { "type": "Point", "coordinates": [ 5.96, 4.5 ] } },
{ "type": "Feature", "properties": { "crs": 0.3861, "risk_tier": "medium", "colour": "#FFD600" }, "geometry": { "type": "Point", "coordinates": [ 5.97, 4.5 ] } },
{ "type": "Feature", "properties": { "crs": 0.386, "risk_tier": "medium", "colour": "#FFD600" }, "geometry": { "type": "Point", "coordinates": [ 5.98, 4.5 ] } },
{ "type": "Feature", "properties": { "crs": 0.3853, "risk_tier": "medium", "colour": "#FFD600" }, "geometry": { "type": "Point", "coordinates": [ 5.99, 4.5 ] } },
{ "type": "Feature", "properties": { "crs": 0.3853, "risk_tier": "medium", "colour": "#FFD600" }, "geometry": { "type": "Point", "coordinates": [ 6.0, 4.5 ] } },
{ "type": "Feature", "properties": { "crs": 0.3853, "risk_tier": "medium", "colour": "#FFD600" }, "geometry": { "type": "Point", "coordinates": [ 6.01, 4.5 ] } },
{ "type": "Feature", "properties": { "crs": 0.4039, "risk_tier": "medium", "colour": "#FFD600" }, "geometry": { "type": "Point", "coordinates": [ 6.02, 4.5 ] } },
{ "type": "Feature", "properties": { "crs": 0.4039, "risk_tier": "medium", "colour": "#FFD600" }, "geometry": { "type": "Point", "coordinates": [ 6.03, 4.5 ] } },
{ "type": "Feature", "properties": { "crs": 0.3918, "risk_tier": "medium", "colour": "#FFD600" }, "geometry": { "type": "Point", "coordinates": [ 6.04, 4.5 ] } },
{ "type": "Feature", "properties": { "crs": 0.4039, "risk_tier": "medium", "colour": "#FFD600" }, "geometry": { "type": "Point", "coordinates": [ 6.05, 4.5 ] } },
{ "type": "Feature", "properties": { "crs": 0.4039, "risk_tier": "medium", "colour": "#FFD600" }, "geometry": { "type": "Point", "coordinates": [ 6.06, 4.5 ] } },
{ "type": "Feature", "properties": { "crs": 0.4039, "risk_tier": "medium", "colour": "#FFD600" }, "geometry": { "type": "Point", "coordinates": [ 6.07, 4.5 ] } },
{ "type": "Feature", "properties": { "crs": 0.394, "risk_tier": "medium", "colour": "#FFD600" }, "geometry": { "type": "Point", "coordinates": [ 6.08, 4.5 ] } },
{ "type": "Feature", "properties": { "crs": 0.4067, "risk_tier": "medium", "colour": "#FFD600" }, "geometry": { "type": "Point", "coordinates": [ 6.09, 4.5 ] } },
{ "type": "Feature", "properties": { "crs": 0.4141, "risk_tier": "medium", "colour": "#FFD600" }, "geometry": { "type": "Point", "coordinates": [ 6.1, 4.5 ] } },
{ "type": "Feature", "properties": { "crs": 0.3944, "risk_tier": "medium", "colour": "#FFD600" }, "geometry": { "type": "Point", "coordinates": [ 6.11, 4.5 ] } },
{ "type": "Feature", "properties": { "crs": 0.34, "risk_tier": "medium", "colour": "#FFD600" }, "geometry": { "type": "Point", "coordinates": [ 6.12, 4.5 ] } },
{ "type": "Feature", "properties": { "crs": 0.3132, "risk_tier": "medium", "colour": "#FFD600" }, "geometry": { "type": "Point", "coordinates": [ 6.13, 4.5 ] } },
{ "type": "Feature", "properties": { "crs": 0.3132, "risk_tier": "medium", "colour": "#FFD600" }, "geometry": { "type": "Point", "coordinates": [ 6.14, 4.5 ] } },
{ "type": "Feature", "properties": { "crs": 0.3131, "risk_tier": "medium", "colour": "#FFD600" }, "geometry": { "type": "Point", "coordinates": [ 6.15, 4.5 ] } },
{ "type": "Feature", "properties": { "crs": 0.3131, "risk_tier": "medium", "colour": "#FFD600" }, "geometry": { "type": "Point", "coordinates": [ 6.16, 4.5 ] } },
{ "type": "Feature", "properties": { "crs": 0.3131, "risk_tier": "medium", "colour": "#FFD600" }, "geometry": { "type": "Point", "coordinates": [ 6.17, 4.5 ] } },
{ "type": "Feature", "properties": { "crs": 0.3131, "risk_tier": "medium", "colour": "#FFD600" }, "geometry": { "type": "Point", "coordinates": [ 6.18, 4.5 ] } },
{ "type": "Feature", "properties": { "crs": 0.3131, "risk_tier": "medium", "colour": "#FFD600" }, "geometry": { "type": "Point", "coordinates": [ 6.19, 4.5 ] } },
{ "type": "Feature", "properties": { "crs": 0.3155, "risk_tier": "medium", "colour": "#FFD600" }, "geometry": { "type": "Point", "coordinates": [ 6.2, 4.5 ] } },
{ "type": "Feature", "properties": { "crs": 0.3183, "risk_tier": "medium", "colour": "#FFD600" }, "geometry": { "type": "Point", "coordinates": [ 6.21, 4.5 ] } },
{ "type": "Feature", "properties": { "crs": 0.3009, "risk_tier": "medium", "colour": "#FFD600" }, "geometry": { "type": "Point", "coordinates": [ 6.22, 4.5 ] } },
{ "type": "Feature", "properties": { "crs": 0.2492, "risk_tier": "low", "colour": "#69F0AE" }, "geometry": { "type": "Point", "coordinates": [ 6.23, 4.5 ] } },
{ "type": "Feature", "properties": { "crs": 0.2492, "risk_tier": "low", "colour": "#69F0AE" }, "geometry": { "type": "Point", "coordinates": [ 6.24, 4.5 ] } },
{ "type": "Feature", "properties": { "crs": 0.2527, "risk_tier": "medium", "colour": "#FFD600" }, "geometry": { "type": "Point", "coordinates": [ 6.25, 4.5 ] } },
{ "type": "Feature", "properties": { "crs": 0.2666, "risk_tier": "medium", "colour": "#FFD600" }, "geometry": { "type": "Point", "coordinates": [ 6.26, 4.5 ] } },
{ "type": "Feature", "properties": { "crs": 0.2546, "risk_tier": "medium", "colour": "#FFD600" }, "geometry": { "type": "Point", "coordinates": [ 6.27, 4.5 ] } },
{ "type": "Feature", "properties": { "crs": 0.2569, "risk_tier": "medium", "colour": "#FFD600" }, "geometry": { "type": "Point", "coordinates": [ 6.28, 4.5 ] } },
{ "type": "Feature", "properties": { "crs": 0.1855, "risk_tier": "low", "colour": "#69F0AE" }, "geometry": { "type": "Point", "coordinates": [ 5.85, 4.51 ] } },
{ "type": "Feature", "properties": { "crs": 0.2189, "risk_tier": "low", "colour": "#69F0AE" }, "geometry": { "type": "Point", "coordinates": [ 5.86, 4.51 ] } },
{ "type": "Feature", "properties": { "crs": 0.2386, "risk_tier": "low", "colour": "#69F0AE" }, "geometry": { "type": "Point", "coordinates": [ 5.87, 4.51 ] } },
{ "type": "Feature", "properties": { "crs": 0.2387, "risk_tier": "low", "colour": "#69F0AE" }, "geometry": { "type": "Point", "coordinates": [ 5.88, 4.51 ] } },
{ "type": "Feature", "properties": { "crs": 0.2312, "risk_tier": "low", "colour": "#69F0AE" }, "geometry": { "type": "Point", "coordinates": [ 5.89, 4.51 ] } },
{ "type": "Feature", "properties": { "crs": 0.3053, "risk_tier": "medium", "colour": "#FFD600" }, "geometry": { "type": "Point", "coordinates": [ 5.9, 4.51 ] } },
{ "type": "Feature", "properties": { "crs": 0.3013, "risk_tier": "medium", "colour": "#FFD600" }, "geometry": { "type": "Point", "coordinates": [ 5.91, 4.51 ] } },
{ "type": "Feature", "properties": { "crs": 0.3012, "risk_tier": "medium", "colour": "#FFD600" }, "geometry": { "type": "Point", "coordinates": [ 5.92, 4.51 ] } },
{ "type": "Feature", "properties": { "crs": 0.3674, "risk_tier": "medium", "colour": "#FFD600" }, "geometry": { "type": "Point", "coordinates": [ 5.93, 4.51 ] } },
{ "type": "Feature", "properties": { "crs": 0.3841, "risk_tier": "medium", "colour": "#FFD600" }, "geometry": { "type": "Point", "coordinates": [ 5.94, 4.51 ] } },
{ "type": "Feature", "properties": { "crs": 0.386, "risk_tier": "medium", "colour": "#FFD600" }, "geometry": { "type": "Point", "coordinates": [ 5.95, 4.51 ] } },
{ "type": "Feature", "properties": { "crs": 0.386, "risk_tier": "medium", "colour": "#FFD600" }, "geometry": { "type": "Point", "coordinates": [ 5.96, 4.51 ] } },
{ "type": "Feature", "properties": { "crs": 0.386, "risk_tier": "medium", "colour": "#FFD600" }, "geometry": { "type": "Point", "coordinates": [ 5.97, 4.51 ] } },
{ "type": "Feature", "properties": { "crs": 0.386, "risk_tier": "medium", "colour": "#FFD600" }, "geometry": { "type": "Point", "coordinates": [ 5.98, 4.51 ] } },
{ "type": "Feature", "properties": { "crs": 0.3853, "risk_tier": "medium", "colour": "#FFD600" }, "geometry": { "type": "Point", "coordinates": [ 5.99, 4.51 ] } },
{ "type": "Feature", "properties": { "crs": 0.3918, "risk_tier": "medium", "colour": "#FFD600" }, "geometry": { "type": "Point", "coordinates": [ 6.0, 4.51 ] } },
{ "type": "Feature", "properties": { "crs": 0.3918, "risk_tier": "medium", "colour": "#FFD600" }, "geometry": { "type": "Point", "coordinates": [ 6.01, 4.51 ] } },
{ "type": "Feature", "properties": { "crs": 0.3917, "risk_tier": "medium", "colour": "#FFD600" }, "geometry": { "type": "Point", "coordinates": [ 6.02, 4.51 ] } },
{ "type": "Feature", "properties": { "crs": 0.4032, "risk_tier": "medium", "colour": "#FFD600" }, "geometry": { "type": "Point", "coordinates": [ 6.03, 4.51 ] } },
{ "type": "Feature", "properties": { "crs": 0.4032, "risk_tier": "medium", "colour": "#FFD600" }, "geometry": { "type": "Point", "coordinates": [ 6.04, 4.51 ] } },
{ "type": "Feature", "properties": { "crs": 0.4032, "risk_tier": "medium", "colour": "#FFD600" }, "geometry": { "type": "Point", "coordinates": [ 6.05, 4.51 ] } },
{ "type": "Feature", "properties": { "crs": 0.4039, "risk_tier": "medium", "colour": "#FFD600" }, "geometry": { "type": "Point", "coordinates": [ 6.06, 4.51 ] } },
{ "type": "Feature", "properties": { "crs": 0.3859, "risk_tier": "medium", "colour": "#FFD600" }, "geometry": { "type": "Point", "coordinates": [ 6.07, 4.51 ] } },
{ "type": "Feature", "properties": { "crs": 0.3758, "risk_tier": "medium", "colour": "#FFD600" }, "geometry": { "type": "Point", "coordinates": [ 6.08, 4.51 ] } },
{ "type": "Feature", "properties": { "crs": 0.3673, "risk_tier": "medium", "colour": "#FFD600" }, "geometry": { "type": "Point", "coordinates": [ 6.09, 4.51 ] } },
{ "type": "Feature", "properties": { "crs": 0.4003, "risk_tier": "medium", "colour": "#FFD600" }, "geometry": { "type": "Point", "coordinates": [ 6.1, 4.51 ] } },
{ "type": "Feature", "properties": { "crs": 0.3794, "risk_tier": "medium", "colour": "#FFD600" }, "geometry": { "type": "Point", "coordinates": [ 6.11, 4.51 ] } },
{ "type": "Feature", "properties": { "crs": 0.3502, "risk_tier": "medium", "colour": "#FFD600" }, "geometry": { "type": "Point", "coordinates": [ 6.12, 4.51 ] } },
{ "type": "Feature", "properties": { "crs": 0.3132, "risk_tier": "medium", "colour": "#FFD600" }, "geometry": { "type": "Point", "coordinates": [ 6.13, 4.51 ] } },
{ "type": "Feature", "properties": { "crs": 0.3132, "risk_tier": "medium", "colour": "#FFD600" }, "geometry": { "type": "Point", "coordinates": [ 6.14, 4.51 ] } },
{ "type": "Feature", "properties": { "crs": 0.3131, "risk_tier": "medium", "colour": "#FFD600" }, "geometry": { "type": "Point", "coordinates": [ 6.15, 4.51 ] } },
{ "type": "Feature", "properties": { "crs": 0.3132, "risk_tier": "medium", "colour": "#FFD600" }, "geometry": { "type": "Point", "coordinates": [ 6.16, 4.51 ] } },
{ "type": "Feature", "properties": { "crs": 0.313, "risk_tier": "medium", "colour": "#FFD600" }, "geometry": { "type": "Point", "coordinates": [ 6.17, 4.51 ] } },
{ "type": "Feature", "properties": { "crs": 0.313, "risk_tier": "medium", "colour": "#FFD600" }, "geometry": { "type": "Point", "coordinates": [ 6.18, 4.51 ] } },
{ "type": "Feature", "properties": { "crs": 0.313, "risk_tier": "medium", "colour": "#FFD600" }, "geometry": { "type": "Point", "coordinates": [ 6.19, 4.51 ] } },
{ "type": "Feature", "properties": { "crs": 0.3154, "risk_tier": "medium", "colour": "#FFD600" }, "geometry": { "type": "Point", "coordinates": [ 6.2, 4.51 ] } },
{ "type": "Feature", "properties": { "crs": 0.3183, "risk_tier": "medium", "colour": "#FFD600" }, "geometry": { "type": "Point", "coordinates": [ 6.21, 4.51 ] } },
{ "type": "Feature", "properties": { "crs": 0.3009, "risk_tier": "medium", "colour": "#FFD600" }, "geometry": { "type": "Point", "coordinates": [ 6.22, 4.51 ] } },
{ "type": "Feature", "properties": { "crs": 0.2491, "risk_tier": "low", "colour": "#69F0AE" }, "geometry": { "type": "Point", "coordinates": [ 6.23, 4.51 ] } },
{ "type": "Feature", "properties": { "crs": 0.2556, "risk_tier": "medium", "colour": "#FFD600" }, "geometry": { "type": "Point", "coordinates": [ 6.24, 4.51 ] } },
{ "type": "Feature", "properties": { "crs": 0.2665, "risk_tier": "medium", "colour": "#FFD600" }, "geometry": { "type": "Point", "coordinates": [ 6.25, 4.51 ] } },
{ "type": "Feature", "properties": { "crs": 0.2675, "risk_tier": "medium", "colour": "#FFD600" }, "geometry": { "type": "Point", "coordinates": [ 6.26, 4.51 ] } },
{ "type": "Feature", "properties": { "crs": 0.2545, "risk_tier": "medium", "colour": "#FFD600" }, "geometry": { "type": "Point", "coordinates": [ 6.27, 4.51 ] } },
{ "type": "Feature", "properties": { "crs": 0.2364, "risk_tier": "low", "colour": "#69F0AE" }, "geometry": { "type": "Point", "coordinates": [ 6.28, 4.51 ] } },
{ "type": "Feature", "properties": { "crs": 0.2204, "risk_tier": "low", "colour": "#69F0AE" }, "geometry": { "type": "Point", "coordinates": [ 5.85, 4.52 ] } },
{ "type": "Feature", "properties": { "crs": 0.2189, "risk_tier": "low", "colour": "#69F0AE" }, "geometry": { "type": "Point", "coordinates": [ 5.86, 4.52 ] } },
{ "type": "Feature", "properties": { "crs": 0.2386, "risk_tier": "low", "colour": "#69F0AE" }, "geometry": { "type": "Point", "coordinates": [ 5.87, 4.52 ] } },
{ "type": "Feature", "properties": { "crs": 0.2384, "risk_tier": "low", "colour": "#69F0AE" }, "geometry": { "type": "Point", "coordinates": [ 5.88, 4.52 ] } },
{ "type": "Feature", "properties": { "crs": 0.2312, "risk_tier": "low", "colour": "#69F0AE" }, "geometry": { "type": "Point", "coordinates": [ 5.89, 4.52 ] } },
{ "type": "Feature", "properties": { "crs": 0.305, "risk_tier": "medium", "colour": "#FFD600" }, "geometry": { "type": "Point", "coordinates": [ 5.9, 4.52 ] } },
{ "type": "Feature", "properties": { "crs": 0.3166, "risk_tier": "medium", "colour": "#FFD600" }, "geometry": { "type": "Point", "coordinates": [ 5.91, 4.52 ] } },
{ "type": "Feature", "properties": { "crs": 0.3012, "risk_tier": "medium", "colour": "#FFD600" }, "geometry": { "type": "Point", "coordinates": [ 5.92, 4.52 ] } },
{ "type": "Feature", "properties": { "crs": 0.3674, "risk_tier": "medium", "colour": "#FFD600" }, "geometry": { "type": "Point", "coordinates": [ 5.93, 4.52 ] } },
{ "type": "Feature", "properties": { "crs": 0.3841, "risk_tier": "medium", "colour": "#FFD600" }, "geometry": { "type": "Point", "coordinates": [ 5.94, 4.52 ] } },
{ "type": "Feature", "properties": { "crs": 0.386, "risk_tier": "medium", "colour": "#FFD600" }, "geometry": { "type": "Point", "coordinates": [ 5.95, 4.52 ] } },
{ "type": "Feature", "properties": { "crs": 0.386, "risk_tier": "medium", "colour": "#FFD600" }, "geometry": { "type": "Point", "coordinates": [ 5.96, 4.52 ] } },
{ "type": "Feature", "properties": { "crs": 0.386, "risk_tier": "medium", "colour": "#FFD600" }, "geometry": { "type": "Point", "coordinates": [ 5.97, 4.52 ] } },
{ "type": "Feature", "properties": { "crs": 0.4039, "risk_tier": "medium", "colour": "#FFD600" }, "geometry": { "type": "Point", "coordinates": [ 5.98, 4.52 ] } },
{ "type": "Feature", "properties": { "crs": 0.3852, "risk_tier": "medium", "colour": "#FFD600" }, "geometry": { "type": "Point", "coordinates": [ 5.99, 4.52 ] } },
{ "type": "Feature", "properties": { "crs": 0.4032, "risk_tier": "medium", "colour": "#FFD600" }, "geometry": { "type": "Point", "coordinates": [ 6.0, 4.52 ] } },
{ "type": "Feature", "properties": { "crs": 0.4032, "risk_tier": "medium", "colour": "#FFD600" }, "geometry": { "type": "Point", "coordinates": [ 6.01, 4.52 ] } },
{ "type": "Feature", "properties": { "crs": 0.4031, "risk_tier": "medium", "colour": "#FFD600" }, "geometry": { "type": "Point", "coordinates": [ 6.02, 4.52 ] } },
{ "type": "Feature", "properties": { "crs": 0.4038, "risk_tier": "medium", "colour": "#FFD600" }, "geometry": { "type": "Point", "coordinates": [ 6.03, 4.52 ] } },
{ "type": "Feature", "properties": { "crs": 0.3924, "risk_tier": "medium", "colour": "#FFD600" }, "geometry": { "type": "Point", "coordinates": [ 6.04, 4.52 ] } },
{ "type": "Feature", "properties": { "crs": 0.4031, "risk_tier": "medium", "colour": "#FFD600" }, "geometry": { "type": "Point", "coordinates": [ 6.05, 4.52 ] } },
{ "type": "Feature", "properties": { "crs": 0.3859, "risk_tier": "medium", "colour": "#FFD600" }, "geometry": { "type": "Point", "coordinates": [ 6.06, 4.52 ] } },
{ "type": "Feature", "properties": { "crs": 0.3859, "risk_tier": "medium", "colour": "#FFD600" }, "geometry": { "type": "Point", "coordinates": [ 6.07, 4.52 ] } },
{ "type": "Feature", "properties": { "crs": 0.3939, "risk_tier": "medium", "colour": "#FFD600" }, "geometry": { "type": "Point", "coordinates": [ 6.08, 4.52 ] } },
{ "type": "Feature", "properties": { "crs": 0.3672, "risk_tier": "medium", "colour": "#FFD600" }, "geometry": { "type": "Point", "coordinates": [ 6.09, 4.52 ] } },
{ "type": "Feature", "properties": { "crs": 0.3859, "risk_tier": "medium", "colour": "#FFD600" }, "geometry": { "type": "Point", "coordinates": [ 6.1, 4.52 ] } },
{ "type": "Feature", "properties": { "crs": 0.3818, "risk_tier": "medium", "colour": "#FFD600" }, "geometry": { "type": "Point", "coordinates": [ 6.11, 4.52 ] } },
{ "type": "Feature", "properties": { "crs": 0.3362, "risk_tier": "medium", "colour": "#FFD600" }, "geometry": { "type": "Point", "coordinates": [ 6.12, 4.52 ] } },
{ "type": "Feature", "properties": { "crs": 0.3131, "risk_tier": "medium", "colour": "#FFD600" }, "geometry": { "type": "Point", "coordinates": [ 6.13, 4.52 ] } },
{ "type": "Feature", "properties": { "crs": 0.3131, "risk_tier": "medium", "colour": "#FFD600" }, "geometry": { "type": "Point", "coordinates": [ 6.14, 4.52 ] } },
{ "type": "Feature", "properties": { "crs": 0.3131, "risk_tier": "medium", "colour": "#FFD600" }, "geometry": { "type": "Point", "coordinates": [ 6.15, 4.52 ] } },
{ "type": "Feature", "properties": { "crs": 0.3131, "risk_tier": "medium", "colour": "#FFD600" }, "geometry": { "type": "Point", "coordinates": [ 6.16, 4.52 ] } },
{ "type": "Feature", "properties": { "crs": 0.3131, "risk_tier": "medium", "colour": "#FFD600" }, "geometry": { "type": "Point", "coordinates": [ 6.17, 4.52 ] } },
{ "type": "Feature", "properties": { "crs": 0.3131, "risk_tier": "medium", "colour": "#FFD600" }, "geometry": { "type": "Point", "coordinates": [ 6.18, 4.52 ] } },
{ "type": "Feature", "properties": { "crs": 0.3129, "risk_tier": "medium", "colour": "#FFD600" }, "geometry": { "type": "Point", "coordinates": [ 6.19, 4.52 ] } },
{ "type": "Feature", "properties": { "crs": 0.3182, "risk_tier": "medium", "colour": "#FFD600" }, "geometry": { "type": "Point", "coordinates": [ 6.2, 4.52 ] } },
{ "type": "Feature", "properties": { "crs": 0.3132, "risk_tier": "medium", "colour": "#FFD600" }, "geometry": { "type": "Point", "coordinates": [ 6.21, 4.52 ] } },
{ "type": "Feature", "properties": { "crs": 0.3009, "risk_tier": "medium", "colour": "#FFD600" }, "geometry": { "type": "Point", "coordinates": [ 6.22, 4.52 ] } },
{ "type": "Feature", "properties": { "crs": 0.2556, "risk_tier": "medium", "colour": "#FFD600" }, "geometry": { "type": "Point", "coordinates": [ 6.23, 4.52 ] } },
{ "type": "Feature", "properties": { "crs": 0.2556, "risk_tier": "medium", "colour": "#FFD600" }, "geometry": { "type": "Point", "coordinates": [ 6.24, 4.52 ] } },
{ "type": "Feature", "properties": { "crs": 0.2675, "risk_tier": "medium", "colour": "#FFD600" }, "geometry": { "type": "Point", "coordinates": [ 6.25, 4.52 ] } },
{ "type": "Feature", "properties": { "crs": 0.2467, "risk_tier": "low", "colour": "#69F0AE" }, "geometry": { "type": "Point", "coordinates": [ 6.26, 4.52 ] } },
{ "type": "Feature", "properties": { "crs": 0.2467, "risk_tier": "low", "colour": "#69F0AE" }, "geometry": { "type": "Point", "coordinates": [ 6.27, 4.52 ] } },
{ "type": "Feature", "properties": { "crs": 0.2467, "risk_tier": "low", "colour": "#69F0AE" }, "geometry": { "type": "Point", "coordinates": [ 6.28, 4.52 ] } },
{ "type": "Feature", "properties": { "crs": 0.2189, "risk_tier": "low", "colour": "#69F0AE" }, "geometry": { "type": "Point", "coordinates": [ 5.85, 4.53 ] } },
{ "type": "Feature", "properties": { "crs": 0.2386, "risk_tier": "low", "colour": "#69F0AE" }, "geometry": { "type": "Point", "coordinates": [ 5.86, 4.53 ] } },
{ "type": "Feature", "properties": { "crs": 0.2384, "risk_tier": "low", "colour": "#69F0AE" }, "geometry": { "type": "Point", "coordinates": [ 5.87, 4.53 ] } },
{ "type": "Feature", "properties": { "crs": 0.2409, "risk_tier": "low", "colour": "#69F0AE" }, "geometry": { "type": "Point", "coordinates": [ 5.88, 4.53 ] } },
{ "type": "Feature", "properties": { "crs": 0.2453, "risk_tier": "low", "colour": "#69F0AE" }, "geometry": { "type": "Point", "coordinates": [ 5.89, 4.53 ] } },
{ "type": "Feature", "properties": { "crs": 0.3012, "risk_tier": "medium", "colour": "#FFD600" }, "geometry": { "type": "Point", "coordinates": [ 5.9, 4.53 ] } },
{ "type": "Feature", "properties": { "crs": 0.3049, "risk_tier": "medium", "colour": "#FFD600" }, "geometry": { "type": "Point", "coordinates": [ 5.91, 4.53 ] } },
{ "type": "Feature", "properties": { "crs": 0.3012, "risk_tier": "medium", "colour": "#FFD600" }, "geometry": { "type": "Point", "coordinates": [ 5.92, 4.53 ] } },
{ "type": "Feature", "properties": { "crs": 0.3724, "risk_tier": "medium", "colour": "#FFD600" }, "geometry": { "type": "Point", "coordinates": [ 5.93, 4.53 ] } },
{ "type": "Feature", "properties": { "crs": 0.384, "risk_tier": "medium", "colour": "#FFD600" }, "geometry": { "type": "Point", "coordinates": [ 5.94, 4.53 ] } },
{ "type": "Feature", "properties": { "crs": 0.4039, "risk_tier": "medium", "colour": "#FFD600" }, "geometry": { "type": "Point", "coordinates": [ 5.95, 4.53 ] } },
{ "type": "Feature", "properties": { "crs": 0.3925, "risk_tier": "medium", "colour": "#FFD600" }, "geometry": { "type": "Point", "coordinates": [ 5.96, 4.53 ] } },
{ "type": "Feature", "properties": { "crs": 0.386, "risk_tier": "medium", "colour": "#FFD600" }, "geometry": { "type": "Point", "coordinates": [ 5.97, 4.53 ] } },
{ "type": "Feature", "properties": { "crs": 0.4039, "risk_tier": "medium", "colour": "#FFD600" }, "geometry": { "type": "Point", "coordinates": [ 5.98, 4.53 ] } },
{ "type": "Feature", "properties": { "crs": 0.4031, "risk_tier": "medium", "colour": "#FFD600" }, "geometry": { "type": "Point", "coordinates": [ 5.99, 4.53 ] } },
{ "type": "Feature", "properties": { "crs": 0.4031, "risk_tier": "medium", "colour": "#FFD600" }, "geometry": { "type": "Point", "coordinates": [ 6.0, 4.53 ] } },
{ "type": "Feature", "properties": { "crs": 0.4031, "risk_tier": "medium", "colour": "#FFD600" }, "geometry": { "type": "Point", "coordinates": [ 6.01, 4.53 ] } },
{ "type": "Feature", "properties": { "crs": 0.4031, "risk_tier": "medium", "colour": "#FFD600" }, "geometry": { "type": "Point", "coordinates": [ 6.02, 4.53 ] } },
{ "type": "Feature", "properties": { "crs": 0.4031, "risk_tier": "medium", "colour": "#FFD600" }, "geometry": { "type": "Point", "coordinates": [ 6.03, 4.53 ] } },
{ "type": "Feature", "properties": { "crs": 0.4038, "risk_tier": "medium", "colour": "#FFD600" }, "geometry": { "type": "Point", "coordinates": [ 6.04, 4.53 ] } },
{ "type": "Feature", "properties": { "crs": 0.3917, "risk_tier": "medium", "colour": "#FFD600" }, "geometry": { "type": "Point", "coordinates": [ 6.05, 4.53 ] } },
{ "type": "Feature", "properties": { "crs": 0.3859, "risk_tier": "medium", "colour": "#FFD600" }, "geometry": { "type": "Point", "coordinates": [ 6.06, 4.53 ] } },
{ "type": "Feature", "properties": { "crs": 0.3859, "risk_tier": "medium", "colour": "#FFD600" }, "geometry": { "type": "Point", "coordinates": [ 6.07, 4.53 ] } },
{ "type": "Feature", "properties": { "crs": 0.3938, "risk_tier": "medium", "colour": "#FFD600" }, "geometry": { "type": "Point", "coordinates": [ 6.08, 4.53 ] } },
{ "type": "Feature", "properties": { "crs": 0.3672, "risk_tier": "medium", "colour": "#FFD600" }, "geometry": { "type": "Point", "coordinates": [ 6.09, 4.53 ] } },
{ "type": "Feature", "properties": { "crs": 0.3672, "risk_tier": "medium", "colour": "#FFD600" }, "geometry": { "type": "Point", "coordinates": [ 6.1, 4.53 ] } },
{ "type": "Feature", "properties": { "crs": 0.3672, "risk_tier": "medium", "colour": "#FFD600" }, "geometry": { "type": "Point", "coordinates": [ 6.11, 4.53 ] } },
{ "type": "Feature", "properties": { "crs": 0.3239, "risk_tier": "medium", "colour": "#FFD600" }, "geometry": { "type": "Point", "coordinates": [ 6.12, 4.53 ] } },
{ "type": "Feature", "properties": { "crs": 0.3131, "risk_tier": "medium", "colour": "#FFD600" }, "geometry": { "type": "Point", "coordinates": [ 6.13, 4.53 ] } },
{ "type": "Feature", "properties": { "crs": 0.313, "risk_tier": "medium", "colour": "#FFD600" }, "geometry": { "type": "Point", "coordinates": [ 6.14, 4.53 ] } },
{ "type": "Feature", "properties": { "crs": 0.313, "risk_tier": "medium", "colour": "#FFD600" }, "geometry": { "type": "Point", "coordinates": [ 6.15, 4.53 ] } },
{ "type": "Feature", "properties": { "crs": 0.3159, "risk_tier": "medium", "colour": "#FFD600" }, "geometry": { "type": "Point", "coordinates": [ 6.16, 4.53 ] } },
{ "type": "Feature", "properties": { "crs": 0.3159, "risk_tier": "medium", "colour": "#FFD600" }, "geometry": { "type": "Point", "coordinates": [ 6.17, 4.53 ] } },
{ "type": "Feature", "properties": { "crs": 0.3159, "risk_tier": "medium", "colour": "#FFD600" }, "geometry": { "type": "Point", "coordinates": [ 6.18, 4.53 ] } },
{ "type": "Feature", "properties": { "crs": 0.3159, "risk_tier": "medium", "colour": "#FFD600" }, "geometry": { "type": "Point", "coordinates": [ 6.19, 4.53 ] } },
{ "type": "Feature", "properties": { "crs": 0.3109, "risk_tier": "medium", "colour": "#FFD600" }, "geometry": { "type": "Point", "coordinates": [ 6.2, 4.53 ] } },
{ "type": "Feature", "properties": { "crs": 0.3132, "risk_tier": "medium", "colour": "#FFD600" }, "geometry": { "type": "Point", "coordinates": [ 6.21, 4.53 ] } },
{ "type": "Feature", "properties": { "crs": 0.2308, "risk_tier": "low", "colour": "#69F0AE" }, "geometry": { "type": "Point", "coordinates": [ 6.22, 4.53 ] } },
{ "type": "Feature", "properties": { "crs": 0.2309, "risk_tier": "low", "colour": "#69F0AE" }, "geometry": { "type": "Point", "coordinates": [ 6.23, 4.53 ] } },
{ "type": "Feature", "properties": { "crs": 0.2566, "risk_tier": "medium", "colour": "#FFD600" }, "geometry": { "type": "Point", "coordinates": [ 6.24, 4.53 ] } },
{ "type": "Feature", "properties": { "crs": 0.2395, "risk_tier": "low", "colour": "#69F0AE" }, "geometry": { "type": "Point", "coordinates": [ 6.25, 4.53 ] } },
{ "type": "Feature", "properties": { "crs": 0.2466, "risk_tier": "low", "colour": "#69F0AE" }, "geometry": { "type": "Point", "coordinates": [ 6.26, 4.53 ] } },
{ "type": "Feature", "properties": { "crs": 0.2373, "risk_tier": "low", "colour": "#69F0AE" }, "geometry": { "type": "Point", "coordinates": [ 6.27, 4.53 ] } },
{ "type": "Feature", "properties": { "crs": 0.2373, "risk_tier": "low", "colour": "#69F0AE" }, "geometry": { "type": "Point", "coordinates": [ 6.28, 4.53 ] } },
{ "type": "Feature", "properties": { "crs": 0.2188, "risk_tier": "low", "colour": "#69F0AE" }, "geometry": { "type": "Point", "coordinates": [ 5.85, 4.54 ] } },
{ "type": "Feature", "properties": { "crs": 0.2384, "risk_tier": "low", "colour": "#69F0AE" }, "geometry": { "type": "Point", "coordinates": [ 5.86, 4.54 ] } },
{ "type": "Feature", "properties": { "crs": 0.2384, "risk_tier": "low", "colour": "#69F0AE" }, "geometry": { "type": "Point", "coordinates": [ 5.87, 4.54 ] } },
{ "type": "Feature", "properties": { "crs": 0.2312, "risk_tier": "low", "colour": "#69F0AE" }, "geometry": { "type": "Point", "coordinates": [ 5.88, 4.54 ] } },
{ "type": "Feature", "properties": { "crs": 0.2452, "risk_tier": "low", "colour": "#69F0AE" }, "geometry": { "type": "Point", "coordinates": [ 5.89, 4.54 ] } },
{ "type": "Feature", "properties": { "crs": 0.3012, "risk_tier": "medium", "colour": "#FFD600" }, "geometry": { "type": "Point", "coordinates": [ 5.9, 4.54 ] } },
{ "type": "Feature", "properties": { "crs": 0.3012, "risk_tier": "medium", "colour": "#FFD600" }, "geometry": { "type": "Point", "coordinates": [ 5.91, 4.54 ] } },
{ "type": "Feature", "properties": { "crs": 0.3012, "risk_tier": "medium", "colour": "#FFD600" }, "geometry": { "type": "Point", "coordinates": [ 5.92, 4.54 ] } },
{ "type": "Feature", "properties": { "crs": 0.384, "risk_tier": "medium", "colour": "#FFD600" }, "geometry": { "type": "Point", "coordinates": [ 5.93, 4.54 ] } },
{ "type": "Feature", "properties": { "crs": 0.384, "risk_tier": "medium", "colour": "#FFD600" }, "geometry": { "type": "Point", "coordinates": [ 5.94, 4.54 ] } },
{ "type": "Feature", "properties": { "crs": 0.3939, "risk_tier": "medium", "colour": "#FFD600" }, "geometry": { "type": "Point", "coordinates": [ 5.95, 4.54 ] } },
{ "type": "Feature", "properties": { "crs": 0.4039, "risk_tier": "medium", "colour": "#FFD600" }, "geometry": { "type": "Point", "coordinates": [ 5.96, 4.54 ] } },
{ "type": "Feature", "properties": { "crs": 0.4038, "risk_tier": "medium", "colour": "#FFD600" }, "geometry": { "type": "Point", "coordinates": [ 5.97, 4.54 ] } },
{ "type": "Feature", "properties": { "crs": 0.4038, "risk_tier": "medium", "colour": "#FFD600" }, "geometry": { "type": "Point", "coordinates": [ 5.98, 4.54 ] } },
{ "type": "Feature", "properties": { "crs": 0.4031, "risk_tier": "medium", "colour": "#FFD600" }, "geometry": { "type": "Point", "coordinates": [ 5.99, 4.54 ] } },
{ "type": "Feature", "properties": { "crs": 0.3852, "risk_tier": "medium", "colour": "#FFD600" }, "geometry": { "type": "Point", "coordinates": [ 6.0, 4.54 ] } },
{ "type": "Feature", "properties": { "crs": 0.4031, "risk_tier": "medium", "colour": "#FFD600" }, "geometry": { "type": "Point", "coordinates": [ 6.01, 4.54 ] } },
{ "type": "Feature", "properties": { "crs": 0.4031, "risk_tier": "medium", "colour": "#FFD600" }, "geometry": { "type": "Point", "coordinates": [ 6.02, 4.54 ] } },
{ "type": "Feature", "properties": { "crs": 0.3851, "risk_tier": "medium", "colour": "#FFD600" }, "geometry": { "type": "Point", "coordinates": [ 6.03, 4.54 ] } },
{ "type": "Feature", "properties": { "crs": 0.3859, "risk_tier": "medium", "colour": "#FFD600" }, "geometry": { "type": "Point", "coordinates": [ 6.04, 4.54 ] } },
{ "type": "Feature", "properties": { "crs": 0.3858, "risk_tier": "medium", "colour": "#FFD600" }, "geometry": { "type": "Point", "coordinates": [ 6.05, 4.54 ] } },
{ "type": "Feature", "properties": { "crs": 0.3858, "risk_tier": "medium", "colour": "#FFD600" }, "geometry": { "type": "Point", "coordinates": [ 6.06, 4.54 ] } },
{ "type": "Feature", "properties": { "crs": 0.3858, "risk_tier": "medium", "colour": "#FFD600" }, "geometry": { "type": "Point", "coordinates": [ 6.07, 4.54 ] } },
{ "type": "Feature", "properties": { "crs": 0.3757, "risk_tier": "medium", "colour": "#FFD600" }, "geometry": { "type": "Point", "coordinates": [ 6.08, 4.54 ] } },
{ "type": "Feature", "properties": { "crs": 0.3672, "risk_tier": "medium", "colour": "#FFD600" }, "geometry": { "type": "Point", "coordinates": [ 6.09, 4.54 ] } },
{ "type": "Feature", "properties": { "crs": 0.3672, "risk_tier": "medium", "colour": "#FFD600" }, "geometry": { "type": "Point", "coordinates": [ 6.1, 4.54 ] } },
{ "type": "Feature", "properties": { "crs": 0.3277, "risk_tier": "medium", "colour": "#FFD600" }, "geometry": { "type": "Point", "coordinates": [ 6.11, 4.54 ] } },
{ "type": "Feature", "properties": { "crs": 0.3233, "risk_tier": "medium", "colour": "#FFD600" }, "geometry": { "type": "Point", "coordinates": [ 6.12, 4.54 ] } },
{ "type": "Feature", "properties": { "crs": 0.301, "risk_tier": "medium", "colour": "#FFD600" }, "geometry": { "type": "Point", "coordinates": [ 6.13, 4.54 ] } },
{ "type": "Feature", "properties": { "crs": 0.3129, "risk_tier": "medium", "colour": "#FFD600" }, "geometry": { "type": "Point", "coordinates": [ 6.14, 4.54 ] } },
{ "type": "Feature", "properties": { "crs": 0.3158, "risk_tier": "medium", "colour": "#FFD600" }, "geometry": { "type": "Point", "coordinates": [ 6.15, 4.54 ] } },
{ "type": "Feature", "properties": { "crs": 0.3052, "risk_tier": "medium", "colour": "#FFD600" }, "geometry": { "type": "Point", "coordinates": [ 6.16, 4.54 ] } },
{ "type": "Feature", "properties": { "crs": 0.3133, "risk_tier": "medium", "colour": "#FFD600" }, "geometry": { "type": "Point", "coordinates": [ 6.17, 4.54 ] } },
{ "type": "Feature", "properties": { "crs": 0.3076, "risk_tier": "medium", "colour": "#FFD600" }, "geometry": { "type": "Point", "coordinates": [ 6.18, 4.54 ] } },
{ "type": "Feature", "properties": { "crs": 0.3052, "risk_tier": "medium", "colour": "#FFD600" }, "geometry": { "type": "Point", "coordinates": [ 6.19, 4.54 ] } },
{ "type": "Feature", "properties": { "crs": 0.2989, "risk_tier": "medium", "colour": "#FFD600" }, "geometry": { "type": "Point", "coordinates": [ 6.2, 4.54 ] } },
{ "type": "Feature", "properties": { "crs": 0.2556, "risk_tier": "medium", "colour": "#FFD600" }, "geometry": { "type": "Point", "coordinates": [ 6.21, 4.54 ] } },
{ "type": "Feature", "properties": { "crs": 0.2309, "risk_tier": "low", "colour": "#69F0AE" }, "geometry": { "type": "Point", "coordinates": [ 6.22, 4.54 ] } },
{ "type": "Feature", "properties": { "crs": 0.231, "risk_tier": "low", "colour": "#69F0AE" }, "geometry": { "type": "Point", "coordinates": [ 6.23, 4.54 ] } },
{ "type": "Feature", "properties": { "crs": 0.2565, "risk_tier": "medium", "colour": "#FFD600" }, "geometry": { "type": "Point", "coordinates": [ 6.24, 4.54 ] } },
{ "type": "Feature", "properties": { "crs": 0.2673, "risk_tier": "medium", "colour": "#FFD600" }, "geometry": { "type": "Point", "coordinates": [ 6.25, 4.54 ] } },
{ "type": "Feature", "properties": { "crs": 0.2674, "risk_tier": "medium", "colour": "#FFD600" }, "geometry": { "type": "Point", "coordinates": [ 6.26, 4.54 ] } },
{ "type": "Feature", "properties": { "crs": 0.2466, "risk_tier": "low", "colour": "#69F0AE" }, "geometry": { "type": "Point", "coordinates": [ 6.27, 4.54 ] } },
{ "type": "Feature", "properties": { "crs": 0.2466, "risk_tier": "low", "colour": "#69F0AE" }, "geometry": { "type": "Point", "coordinates": [ 6.28, 4.54 ] } },
{ "type": "Feature", "properties": { "crs": 0.1552, "risk_tier": "low", "colour": "#69F0AE" }, "geometry": { "type": "Point", "coordinates": [ 6.95, 4.54 ] } },
{ "type": "Feature", "properties": { "crs": 0.2248, "risk_tier": "low", "colour": "#69F0AE" }, "geometry": { "type": "Point", "coordinates": [ 5.85, 4.55 ] } },
{ "type": "Feature", "properties": { "crs": 0.2383, "risk_tier": "low", "colour": "#69F0AE" }, "geometry": { "type": "Point", "coordinates": [ 5.86, 4.55 ] } },
{ "type": "Feature", "properties": { "crs": 0.2384, "risk_tier": "low", "colour": "#69F0AE" }, "geometry": { "type": "Point", "coordinates": [ 5.87, 4.55 ] } },
{ "type": "Feature", "properties": { "crs": 0.2384, "risk_tier": "low", "colour": "#69F0AE" }, "geometry": { "type": "Point", "coordinates": [ 5.88, 4.55 ] } },
{ "type": "Feature", "properties": { "crs": 0.2431, "risk_tier": "low", "colour": "#69F0AE" }, "geometry": { "type": "Point", "coordinates": [ 5.89, 4.55 ] } },
{ "type": "Feature", "properties": { "crs": 0.3049, "risk_tier": "medium", "colour": "#FFD600" }, "geometry": { "type": "Point", "coordinates": [ 5.9, 4.55 ] } },
{ "type": "Feature", "properties": { "crs": 0.3049, "risk_tier": "medium", "colour": "#FFD600" }, "geometry": { "type": "Point", "coordinates": [ 5.91, 4.55 ] } },
{ "type": "Feature", "properties": { "crs": 0.3165, "risk_tier": "medium", "colour": "#FFD600" }, "geometry": { "type": "Point", "coordinates": [ 5.92, 4.55 ] } },
{ "type": "Feature", "properties": { "crs": 0.3396, "risk_tier": "medium", "colour": "#FFD600" }, "geometry": { "type": "Point", "coordinates": [ 5.93, 4.55 ] } },
{ "type": "Feature", "properties": { "crs": 0.384, "risk_tier": "medium", "colour": "#FFD600" }, "geometry": { "type": "Point", "coordinates": [ 5.94, 4.55 ] } },
{ "type": "Feature", "properties": { "crs": 0.3939, "risk_tier": "medium", "colour": "#FFD600" }, "geometry": { "type": "Point", "coordinates": [ 5.95, 4.55 ] } },
{ "type": "Feature", "properties": { "crs": 0.4038, "risk_tier": "medium", "colour": "#FFD600" }, "geometry": { "type": "Point", "coordinates": [ 5.96, 4.55 ] } },
{ "type": "Feature", "properties": { "crs": 0.3859, "risk_tier": "medium", "colour": "#FFD600" }, "geometry": { "type": "Point", "coordinates": [ 5.97, 4.55 ] } },
{ "type": "Feature", "properties": { "crs": 0.3859, "risk_tier": "medium", "colour": "#FFD600" }, "geometry": { "type": "Point", "coordinates": [ 5.98, 4.55 ] } },
{ "type": "Feature", "properties": { "crs": 0.3859, "risk_tier": "medium", "colour": "#FFD600" }, "geometry": { "type": "Point", "coordinates": [ 5.99, 4.55 ] } },
{ "type": "Feature", "properties": { "crs": 0.3851, "risk_tier": "medium", "colour": "#FFD600" }, "geometry": { "type": "Point", "coordinates": [ 6.0, 4.55 ] } },
{ "type": "Feature", "properties": { "crs": 0.3851, "risk_tier": "medium", "colour": "#FFD600" }, "geometry": { "type": "Point", "coordinates": [ 6.01, 4.55 ] } },
{ "type": "Feature", "properties": { "crs": 0.3851, "risk_tier": "medium", "colour": "#FFD600" }, "geometry": { "type": "Point", "coordinates": [ 6.02, 4.55 ] } },
{ "type": "Feature", "properties": { "crs": 0.3851, "risk_tier": "medium", "colour": "#FFD600" }, "geometry": { "type": "Point", "coordinates": [ 6.03, 4.55 ] } },
{ "type": "Feature", "properties": { "crs": 0.3858, "risk_tier": "medium", "colour": "#FFD600" }, "geometry": { "type": "Point", "coordinates": [ 6.04, 4.55 ] } },
{ "type": "Feature", "properties": { "crs": 0.3858, "risk_tier": "medium", "colour": "#FFD600" }, "geometry": { "type": "Point", "coordinates": [ 6.05, 4.55 ] } },
{ "type": "Feature", "properties": { "crs": 0.3671, "risk_tier": "medium", "colour": "#FFD600" }, "geometry": { "type": "Point", "coordinates": [ 6.06, 4.55 ] } },
{ "type": "Feature", "properties": { "crs": 0.3858, "risk_tier": "medium", "colour": "#FFD600" }, "geometry": { "type": "Point", "coordinates": [ 6.07, 4.55 ] } },
{ "type": "Feature", "properties": { "crs": 0.3671, "risk_tier": "medium", "colour": "#FFD600" }, "geometry": { "type": "Point", "coordinates": [ 6.08, 4.55 ] } },
{ "type": "Feature", "properties": { "crs": 0.3671, "risk_tier": "medium", "colour": "#FFD600" }, "geometry": { "type": "Point", "coordinates": [ 6.09, 4.55 ] } },
{ "type": "Feature", "properties": { "crs": 0.3716, "risk_tier": "medium", "colour": "#FFD600" }, "geometry": { "type": "Point", "coordinates": [ 6.1, 4.55 ] } },
{ "type": "Feature", "properties": { "crs": 0.3394, "risk_tier": "medium", "colour": "#FFD600" }, "geometry": { "type": "Point", "coordinates": [ 6.11, 4.55 ] } },
{ "type": "Feature", "properties": { "crs": 0.3003, "risk_tier": "medium", "colour": "#FFD600" }, "geometry": { "type": "Point", "coordinates": [ 6.12, 4.55 ] } },
{ "type": "Feature", "properties": { "crs": 0.3003, "risk_tier": "medium", "colour": "#FFD600" }, "geometry": { "type": "Point", "coordinates": [ 6.13, 4.55 ] } },
{ "type": "Feature", "properties": { "crs": 0.3148, "risk_tier": "medium", "colour": "#FFD600" }, "geometry": { "type": "Point", "coordinates": [ 6.14, 4.55 ] } },
{ "type": "Feature", "properties": { "crs": 0.3152, "risk_tier": "medium", "colour": "#FFD600" }, "geometry": { "type": "Point", "coordinates": [ 6.15, 4.55 ] } },
{ "type": "Feature", "properties": { "crs": 0.2989, "risk_tier": "medium", "colour": "#FFD600" }, "geometry": { "type": "Point", "coordinates": [ 6.16, 4.55 ] } },
{ "type": "Feature", "properties": { "crs": 0.2869, "risk_tier": "medium", "colour": "#FFD600" }, "geometry": { "type": "Point", "coordinates": [ 6.17, 4.55 ] } },
{ "type": "Feature", "properties": { "crs": 0.2869, "risk_tier": "medium", "colour": "#FFD600" }, "geometry": { "type": "Point", "coordinates": [ 6.18, 4.55 ] } },
{ "type": "Feature", "properties": { "crs": 0.2869, "risk_tier": "medium", "colour": "#FFD600" }, "geometry": { "type": "Point", "coordinates": [ 6.19, 4.55 ] } },
{ "type": "Feature", "properties": { "crs": 0.2266, "risk_tier": "low", "colour": "#69F0AE" }, "geometry": { "type": "Point", "coordinates": [ 6.2, 4.55 ] } },
{ "type": "Feature", "properties": { "crs": 0.2371, "risk_tier": "low", "colour": "#69F0AE" }, "geometry": { "type": "Point", "coordinates": [ 6.21, 4.55 ] } },
{ "type": "Feature", "properties": { "crs": 0.238, "risk_tier": "low", "colour": "#69F0AE" }, "geometry": { "type": "Point", "coordinates": [ 6.22, 4.55 ] } },
{ "type": "Feature", "properties": { "crs": 0.2381, "risk_tier": "low", "colour": "#69F0AE" }, "geometry": { "type": "Point", "coordinates": [ 6.23, 4.55 ] } },
{ "type": "Feature", "properties": { "crs": 0.2382, "risk_tier": "low", "colour": "#69F0AE" }, "geometry": { "type": "Point", "coordinates": [ 6.24, 4.55 ] } },
{ "type": "Feature", "properties": { "crs": 0.2524, "risk_tier": "medium", "colour": "#FFD600" }, "geometry": { "type": "Point", "coordinates": [ 6.25, 4.55 ] } },
{ "type": "Feature", "properties": { "crs": 0.26, "risk_tier": "medium", "colour": "#FFD600" }, "geometry": { "type": "Point", "coordinates": [ 6.26, 4.55 ] } },
{ "type": "Feature", "properties": { "crs": 0.2542, "risk_tier": "medium", "colour": "#FFD600" }, "geometry": { "type": "Point", "coordinates": [ 6.27, 4.55 ] } },
{ "type": "Feature", "properties": { "crs": 0.2542, "risk_tier": "medium", "colour": "#FFD600" }, "geometry": { "type": "Point", "coordinates": [ 6.28, 4.55 ] } },
{ "type": "Feature", "properties": { "crs": 0.151, "risk_tier": "low", "colour": "#69F0AE" }, "geometry": { "type": "Point", "coordinates": [ 6.94, 4.55 ] } },
{ "type": "Feature", "properties": { "crs": 0.1552, "risk_tier": "low", "colour": "#69F0AE" }, "geometry": { "type": "Point", "coordinates": [ 6.96, 4.55 ] } },
{ "type": "Feature", "properties": { "crs": 0.1504, "risk_tier": "low", "colour": "#69F0AE" }, "geometry": { "type": "Point", "coordinates": [ 7.05, 4.55 ] } },
{ "type": "Feature", "properties": { "crs": 0.1605, "risk_tier": "low", "colour": "#69F0AE" }, "geometry": { "type": "Point", "coordinates": [ 7.06, 4.55 ] } },
{ "type": "Feature", "properties": { "crs": 0.1535, "risk_tier": "low", "colour": "#69F0AE" }, "geometry": { "type": "Point", "coordinates": [ 7.07, 4.55 ] } },
{ "type": "Feature", "properties": { "crs": 0.2194, "risk_tier": "low", "colour": "#69F0AE" }, "geometry": { "type": "Point", "coordinates": [ 5.85, 4.56 ] } },
{ "type": "Feature", "properties": { "crs": 0.2383, "risk_tier": "low", "colour": "#69F0AE" }, "geometry": { "type": "Point", "coordinates": [ 5.86, 4.56 ] } },
{ "type": "Feature", "properties": { "crs": 0.2384, "risk_tier": "low", "colour": "#69F0AE" }, "geometry": { "type": "Point", "coordinates": [ 5.87, 4.56 ] } },
{ "type": "Feature", "properties": { "crs": 0.2384, "risk_tier": "low", "colour": "#69F0AE" }, "geometry": { "type": "Point", "coordinates": [ 5.88, 4.56 ] } },
{ "type": "Feature", "properties": { "crs": 0.2311, "risk_tier": "low", "colour": "#69F0AE" }, "geometry": { "type": "Point", "coordinates": [ 5.89, 4.56 ] } },
{ "type": "Feature", "properties": { "crs": 0.3165, "risk_tier": "medium", "colour": "#FFD600" }, "geometry": { "type": "Point", "coordinates": [ 5.9, 4.56 ] } },
{ "type": "Feature", "properties": { "crs": 0.3165, "risk_tier": "medium", "colour": "#FFD600" }, "geometry": { "type": "Point", "coordinates": [ 5.91, 4.56 ] } },
{ "type": "Feature", "properties": { "crs": 0.3165, "risk_tier": "medium", "colour": "#FFD600" }, "geometry": { "type": "Point", "coordinates": [ 5.92, 4.56 ] } },
{ "type": "Feature", "properties": { "crs": 0.3395, "risk_tier": "medium", "colour": "#FFD600" }, "geometry": { "type": "Point", "coordinates": [ 5.93, 4.56 ] } },
{ "type": "Feature", "properties": { "crs": 0.384, "risk_tier": "medium", "colour": "#FFD600" }, "geometry": { "type": "Point", "coordinates": [ 5.94, 4.56 ] } },
{ "type": "Feature", "properties": { "crs": 0.3673, "risk_tier": "medium", "colour": "#FFD600" }, "geometry": { "type": "Point", "coordinates": [ 5.95, 4.56 ] } },
{ "type": "Feature", "properties": { "crs": 0.3859, "risk_tier": "medium", "colour": "#FFD600" }, "geometry": { "type": "Point", "coordinates": [ 5.96, 4.56 ] } },
{ "type": "Feature", "properties": { "crs": 0.3859, "risk_tier": "medium", "colour": "#FFD600" }, "geometry": { "type": "Point", "coordinates": [ 5.97, 4.56 ] } },
{ "type": "Feature", "properties": { "crs": 0.3859, "risk_tier": "medium", "colour": "#FFD600" }, "geometry": { "type": "Point", "coordinates": [ 5.98, 4.56 ] } },
{ "type": "Feature", "properties": { "crs": 0.3858, "risk_tier": "medium", "colour": "#FFD600" }, "geometry": { "type": "Point", "coordinates": [ 5.99, 4.56 ] } },
{ "type": "Feature", "properties": { "crs": 0.3851, "risk_tier": "medium", "colour": "#FFD600" }, "geometry": { "type": "Point", "coordinates": [ 6.0, 4.56 ] } },
{ "type": "Feature", "properties": { "crs": 0.3851, "risk_tier": "medium", "colour": "#FFD600" }, "geometry": { "type": "Point", "coordinates": [ 6.01, 4.56 ] } },
{ "type": "Feature", "properties": { "crs": 0.3851, "risk_tier": "medium", "colour": "#FFD600" }, "geometry": { "type": "Point", "coordinates": [ 6.02, 4.56 ] } },
{ "type": "Feature", "properties": { "crs": 0.3851, "risk_tier": "medium", "colour": "#FFD600" }, "geometry": { "type": "Point", "coordinates": [ 6.03, 4.56 ] } },
{ "type": "Feature", "properties": { "crs": 0.385, "risk_tier": "medium", "colour": "#FFD600" }, "geometry": { "type": "Point", "coordinates": [ 6.04, 4.56 ] } },
{ "type": "Feature", "properties": { "crs": 0.3857, "risk_tier": "medium", "colour": "#FFD600" }, "geometry": { "type": "Point", "coordinates": [ 6.05, 4.56 ] } },
{ "type": "Feature", "properties": { "crs": 0.367, "risk_tier": "medium", "colour": "#FFD600" }, "geometry": { "type": "Point", "coordinates": [ 6.06, 4.56 ] } },
{ "type": "Feature", "properties": { "crs": 0.3665, "risk_tier": "medium", "colour": "#FFD600" }, "geometry": { "type": "Point", "coordinates": [ 6.07, 4.56 ] } },
{ "type": "Feature", "properties": { "crs": 0.3665, "risk_tier": "medium", "colour": "#FFD600" }, "geometry": { "type": "Point", "coordinates": [ 6.08, 4.56 ] } },
{ "type": "Feature", "properties": { "crs": 0.3671, "risk_tier": "medium", "colour": "#FFD600" }, "geometry": { "type": "Point", "coordinates": [ 6.09, 4.56 ] } },
{ "type": "Feature", "properties": { "crs": 0.3671, "risk_tier": "medium", "colour": "#FFD600" }, "geometry": { "type": "Point", "coordinates": [ 6.1, 4.56 ] } },
{ "type": "Feature", "properties": { "crs": 0.3233, "risk_tier": "medium", "colour": "#FFD600" }, "geometry": { "type": "Point", "coordinates": [ 6.11, 4.56 ] } },
{ "type": "Feature", "properties": { "crs": 0.3003, "risk_tier": "medium", "colour": "#FFD600" }, "geometry": { "type": "Point", "coordinates": [ 6.12, 4.56 ] } },
{ "type": "Feature", "properties": { "crs": 0.3003, "risk_tier": "medium", "colour": "#FFD600" }, "geometry": { "type": "Point", "coordinates": [ 6.13, 4.56 ] } },
{ "type": "Feature", "properties": { "crs": 0.3002, "risk_tier": "medium", "colour": "#FFD600" }, "geometry": { "type": "Point", "coordinates": [ 6.14, 4.56 ] } },
{ "type": "Feature", "properties": { "crs": 0.3125, "risk_tier": "medium", "colour": "#FFD600" }, "geometry": { "type": "Point", "coordinates": [ 6.15, 4.56 ] } },
{ "type": "Feature", "properties": { "crs": 0.3012, "risk_tier": "medium", "colour": "#FFD600" }, "geometry": { "type": "Point", "coordinates": [ 6.16, 4.56 ] } },
{ "type": "Feature", "properties": { "crs": 0.221, "risk_tier": "low", "colour": "#69F0AE" }, "geometry": { "type": "Point", "coordinates": [ 6.17, 4.56 ] } },
{ "type": "Feature", "properties": { "crs": 0.2316, "risk_tier": "low", "colour": "#69F0AE" }, "geometry": { "type": "Point", "coordinates": [ 6.18, 4.56 ] } },
{ "type": "Feature", "properties": { "crs": 0.2444, "risk_tier": "low", "colour": "#69F0AE" }, "geometry": { "type": "Point", "coordinates": [ 6.19, 4.56 ] } },
{ "type": "Feature", "properties": { "crs": 0.2444, "risk_tier": "low", "colour": "#69F0AE" }, "geometry": { "type": "Point", "coordinates": [ 6.2, 4.56 ] } },
{ "type": "Feature", "properties": { "crs": 0.2444, "risk_tier": "low", "colour": "#69F0AE" }, "geometry": { "type": "Point", "coordinates": [ 6.21, 4.56 ] } },
{ "type": "Feature", "properties": { "crs": 0.238, "risk_tier": "low", "colour": "#69F0AE" }, "geometry": { "type": "Point", "coordinates": [ 6.22, 4.56 ] } },
{ "type": "Feature", "properties": { "crs": 0.2381, "risk_tier": "low", "colour": "#69F0AE" }, "geometry": { "type": "Point", "coordinates": [ 6.23, 4.56 ] } },
{ "type": "Feature", "properties": { "crs": 0.2381, "risk_tier": "low", "colour": "#69F0AE" }, "geometry": { "type": "Point", "coordinates": [ 6.24, 4.56 ] } },
{ "type": "Feature", "properties": { "crs": 0.2524, "risk_tier": "medium", "colour": "#FFD600" }, "geometry": { "type": "Point", "coordinates": [ 6.25, 4.56 ] } },
{ "type": "Feature", "properties": { "crs": 0.2381, "risk_tier": "low", "colour": "#69F0AE" }, "geometry": { "type": "Point", "coordinates": [ 6.26, 4.56 ] } },
{ "type": "Feature", "properties": { "crs": 0.2524, "risk_tier": "medium", "colour": "#FFD600" }, "geometry": { "type": "Point", "coordinates": [ 6.27, 4.56 ] } },
{ "type": "Feature", "properties": { "crs": 0.207, "risk_tier": "low", "colour": "#69F0AE" }, "geometry": { "type": "Point", "coordinates": [ 6.28, 4.56 ] } },
{ "type": "Feature", "properties": { "crs": 0.1624, "risk_tier": "low", "colour": "#69F0AE" }, "geometry": { "type": "Point", "coordinates": [ 7.06, 4.56 ] } },
{ "type": "Feature", "properties": { "crs": 0.2247, "risk_tier": "low", "colour": "#69F0AE" }, "geometry": { "type": "Point", "coordinates": [ 5.85, 4.57 ] } },
{ "type": "Feature", "properties": { "crs": 0.2247, "risk_tier": "low", "colour": "#69F0AE" }, "geometry": { "type": "Point", "coordinates": [ 5.86, 4.57 ] } },
{ "type": "Feature", "properties": { "crs": 0.2383, "risk_tier": "low", "colour": "#69F0AE" }, "geometry": { "type": "Point", "coordinates": [ 5.87, 4.57 ] } },
{ "type": "Feature", "properties": { "crs": 0.2374, "risk_tier": "low", "colour": "#69F0AE" }, "geometry": { "type": "Point", "coordinates": [ 5.88, 4.57 ] } },
{ "type": "Feature", "properties": { "crs": 0.2311, "risk_tier": "low", "colour": "#69F0AE" }, "geometry": { "type": "Point", "coordinates": [ 5.89, 4.57 ] } },
{ "type": "Feature", "properties": { "crs": 0.3165, "risk_tier": "medium", "colour": "#FFD600" }, "geometry": { "type": "Point", "coordinates": [ 5.9, 4.57 ] } },
{ "type": "Feature", "properties": { "crs": 0.3165, "risk_tier": "medium", "colour": "#FFD600" }, "geometry": { "type": "Point", "coordinates": [ 5.91, 4.57 ] } },
{ "type": "Feature", "properties": { "crs": 0.3011, "risk_tier": "medium", "colour": "#FFD600" }, "geometry": { "type": "Point", "coordinates": [ 5.92, 4.57 ] } },
{ "type": "Feature", "properties": { "crs": 0.3165, "risk_tier": "medium", "colour": "#FFD600" }, "geometry": { "type": "Point", "coordinates": [ 5.93, 4.57 ] } },
{ "type": "Feature", "properties": { "crs": 0.3395, "risk_tier": "medium", "colour": "#FFD600" }, "geometry": { "type": "Point", "coordinates": [ 5.94, 4.57 ] } },
{ "type": "Feature", "properties": { "crs": 0.3723, "risk_tier": "medium", "colour": "#FFD600" }, "geometry": { "type": "Point", "coordinates": [ 5.95, 4.57 ] } },
{ "type": "Feature", "properties": { "crs": 0.3839, "risk_tier": "medium", "colour": "#FFD600" }, "geometry": { "type": "Point", "coordinates": [ 5.96, 4.57 ] } },
{ "type": "Feature", "properties": { "crs": 0.3858, "risk_tier": "medium", "colour": "#FFD600" }, "geometry": { "type": "Point", "coordinates": [ 5.97, 4.57 ] } },
{ "type": "Feature", "properties": { "crs": 0.3858, "risk_tier": "medium", "colour": "#FFD600" }, "geometry": { "type": "Point", "coordinates": [ 5.98, 4.57 ] } },
{ "type": "Feature", "properties": { "crs": 0.3858, "risk_tier": "medium", "colour": "#FFD600" }, "geometry": { "type": "Point", "coordinates": [ 5.99, 4.57 ] } },
{ "type": "Feature", "properties": { "crs": 0.385, "risk_tier": "medium", "colour": "#FFD600" }, "geometry": { "type": "Point", "coordinates": [ 6.0, 4.57 ] } },
{ "type": "Feature", "properties": { "crs": 0.385, "risk_tier": "medium", "colour": "#FFD600" }, "geometry": { "type": "Point", "coordinates": [ 6.01, 4.57 ] } },
{ "type": "Feature", "properties": { "crs": 0.3857, "risk_tier": "medium", "colour": "#FFD600" }, "geometry": { "type": "Point", "coordinates": [ 6.02, 4.57 ] } },
{ "type": "Feature", "properties": { "crs": 0.3844, "risk_tier": "medium", "colour": "#FFD600" }, "geometry": { "type": "Point", "coordinates": [ 6.03, 4.57 ] } },
{ "type": "Feature", "properties": { "crs": 0.3872, "risk_tier": "medium", "colour": "#FFD600" }, "geometry": { "type": "Point", "coordinates": [ 6.04, 4.57 ] } },
{ "type": "Feature", "properties": { "crs": 0.3879, "risk_tier": "medium", "colour": "#FFD600" }, "geometry": { "type": "Point", "coordinates": [ 6.05, 4.57 ] } },
{ "type": "Feature", "properties": { "crs": 0.3547, "risk_tier": "medium", "colour": "#FFD600" }, "geometry": { "type": "Point", "coordinates": [ 6.06, 4.57 ] } },
{ "type": "Feature", "properties": { "crs": 0.3693, "risk_tier": "medium", "colour": "#FFD600" }, "geometry": { "type": "Point", "coordinates": [ 6.07, 4.57 ] } },
{ "type": "Feature", "properties": { "crs": 0.3664, "risk_tier": "medium", "colour": "#FFD600" }, "geometry": { "type": "Point", "coordinates": [ 6.08, 4.57 ] } },
{ "type": "Feature", "properties": { "crs": 0.3665, "risk_tier": "medium", "colour": "#FFD600" }, "geometry": { "type": "Point", "coordinates": [ 6.09, 4.57 ] } },
{ "type": "Feature", "properties": { "crs": 0.3232, "risk_tier": "medium", "colour": "#FFD600" }, "geometry": { "type": "Point", "coordinates": [ 6.1, 4.57 ] } },
{ "type": "Feature", "properties": { "crs": 0.3002, "risk_tier": "medium", "colour": "#FFD600" }, "geometry": { "type": "Point", "coordinates": [ 6.11, 4.57 ] } },
{ "type": "Feature", "properties": { "crs": 0.3002, "risk_tier": "medium", "colour": "#FFD600" }, "geometry": { "type": "Point", "coordinates": [ 6.12, 4.57 ] } },
{ "type": "Feature", "properties": { "crs": 0.3002, "risk_tier": "medium", "colour": "#FFD600" }, "geometry": { "type": "Point", "coordinates": [ 6.13, 4.57 ] } },
{ "type": "Feature", "properties": { "crs": 0.303, "risk_tier": "medium", "colour": "#FFD600" }, "geometry": { "type": "Point", "coordinates": [ 6.14, 4.57 ] } },
{ "type": "Feature", "properties": { "crs": 0.2382, "risk_tier": "low", "colour": "#69F0AE" }, "geometry": { "type": "Point", "coordinates": [ 6.15, 4.57 ] } },
{ "type": "Feature", "properties": { "crs": 0.2254, "risk_tier": "low", "colour": "#69F0AE" }, "geometry": { "type": "Point", "coordinates": [ 6.16, 4.57 ] } },
{ "type": "Feature", "properties": { "crs": 0.2145, "risk_tier": "low", "colour": "#69F0AE" }, "geometry": { "type": "Point", "coordinates": [ 6.17, 4.57 ] } },
{ "type": "Feature", "properties": { "crs": 0.2244, "risk_tier": "low", "colour": "#69F0AE" }, "geometry": { "type": "Point", "coordinates": [ 6.18, 4.57 ] } },
{ "type": "Feature", "properties": { "crs": 0.2182, "risk_tier": "low", "colour": "#69F0AE" }, "geometry": { "type": "Point", "coordinates": [ 6.19, 4.57 ] } },
{ "type": "Feature", "properties": { "crs": 0.2183, "risk_tier": "low", "colour": "#69F0AE" }, "geometry": { "type": "Point", "coordinates": [ 6.2, 4.57 ] } },
{ "type": "Feature", "properties": { "crs": 0.238, "risk_tier": "low", "colour": "#69F0AE" }, "geometry": { "type": "Point", "coordinates": [ 6.21, 4.57 ] } },
{ "type": "Feature", "properties": { "crs": 0.238, "risk_tier": "low", "colour": "#69F0AE" }, "geometry": { "type": "Point", "coordinates": [ 6.22, 4.57 ] } },
{ "type": "Feature", "properties": { "crs": 0.238, "risk_tier": "low", "colour": "#69F0AE" }, "geometry": { "type": "Point", "coordinates": [ 6.23, 4.57 ] } },
{ "type": "Feature", "properties": { "crs": 0.2381, "risk_tier": "low", "colour": "#69F0AE" }, "geometry": { "type": "Point", "coordinates": [ 6.24, 4.57 ] } },
{ "type": "Feature", "properties": { "crs": 0.2381, "risk_tier": "low", "colour": "#69F0AE" }, "geometry": { "type": "Point", "coordinates": [ 6.25, 4.57 ] } },
{ "type": "Feature", "properties": { "crs": 0.2381, "risk_tier": "low", "colour": "#69F0AE" }, "geometry": { "type": "Point", "coordinates": [ 6.26, 4.57 ] } },
{ "type": "Feature", "properties": { "crs": 0.2524, "risk_tier": "medium", "colour": "#FFD600" }, "geometry": { "type": "Point", "coordinates": [ 6.27, 4.57 ] } },
{ "type": "Feature", "properties": { "crs": 0.2236, "risk_tier": "low", "colour": "#69F0AE" }, "geometry": { "type": "Point", "coordinates": [ 6.28, 4.57 ] } },
{ "type": "Feature", "properties": { "crs": 0.1536, "risk_tier": "low", "colour": "#69F0AE" }, "geometry": { "type": "Point", "coordinates": [ 6.96, 4.57 ] } },
{ "type": "Feature", "properties": { "crs": 0.1525, "risk_tier": "low", "colour": "#69F0AE" }, "geometry": { "type": "Point", "coordinates": [ 7.05, 4.57 ] } },
{ "type": "Feature", "properties": { "crs": 0.1516, "risk_tier": "low", "colour": "#69F0AE" }, "geometry": { "type": "Point", "coordinates": [ 7.09, 4.57 ] } },
{ "type": "Feature", "properties": { "crs": 0.1831, "risk_tier": "low", "colour": "#69F0AE" }, "geometry": { "type": "Point", "coordinates": [ 7.1, 4.57 ] } },
{ "type": "Feature", "properties": { "crs": 0.1546, "risk_tier": "low", "colour": "#69F0AE" }, "geometry": { "type": "Point", "coordinates": [ 7.12, 4.57 ] } },
{ "type": "Feature", "properties": { "crs": 0.2186, "risk_tier": "low", "colour": "#69F0AE" }, "geometry": { "type": "Point", "coordinates": [ 5.85, 4.58 ] } },
{ "type": "Feature", "properties": { "crs": 0.2247, "risk_tier": "low", "colour": "#69F0AE" }, "geometry": { "type": "Point", "coordinates": [ 5.86, 4.58 ] } },
{ "type": "Feature", "properties": { "crs": 0.2373, "risk_tier": "low", "colour": "#69F0AE" }, "geometry": { "type": "Point", "coordinates": [ 5.87, 4.58 ] } },
{ "type": "Feature", "properties": { "crs": 0.2311, "risk_tier": "low", "colour": "#69F0AE" }, "geometry": { "type": "Point", "coordinates": [ 5.88, 4.58 ] } },
{ "type": "Feature", "properties": { "crs": 0.3011, "risk_tier": "medium", "colour": "#FFD600" }, "geometry": { "type": "Point", "coordinates": [ 5.89, 4.58 ] } },
{ "type": "Feature", "properties": { "crs": 0.3011, "risk_tier": "medium", "colour": "#FFD600" }, "geometry": { "type": "Point", "coordinates": [ 5.9, 4.58 ] } },
{ "type": "Feature", "properties": { "crs": 0.3048, "risk_tier": "medium", "colour": "#FFD600" }, "geometry": { "type": "Point", "coordinates": [ 5.91, 4.58 ] } },
{ "type": "Feature", "properties": { "crs": 0.3011, "risk_tier": "medium", "colour": "#FFD600" }, "geometry": { "type": "Point", "coordinates": [ 5.92, 4.58 ] } },
{ "type": "Feature", "properties": { "crs": 0.301, "risk_tier": "medium", "colour": "#FFD600" }, "geometry": { "type": "Point", "coordinates": [ 5.93, 4.58 ] } },
{ "type": "Feature", "properties": { "crs": 0.3164, "risk_tier": "medium", "colour": "#FFD600" }, "geometry": { "type": "Point", "coordinates": [ 5.94, 4.58 ] } },
{ "type": "Feature", "properties": { "crs": 0.3723, "risk_tier": "medium", "colour": "#FFD600" }, "geometry": { "type": "Point", "coordinates": [ 5.95, 4.58 ] } },
{ "type": "Feature", "properties": { "crs": 0.3938, "risk_tier": "medium", "colour": "#FFD600" }, "geometry": { "type": "Point", "coordinates": [ 5.96, 4.58 ] } },
{ "type": "Feature", "properties": { "crs": 0.3858, "risk_tier": "medium", "colour": "#FFD600" }, "geometry": { "type": "Point", "coordinates": [ 5.97, 4.58 ] } },
{ "type": "Feature", "properties": { "crs": 0.3858, "risk_tier": "medium", "colour": "#FFD600" }, "geometry": { "type": "Point", "coordinates": [ 5.98, 4.58 ] } },
{ "type": "Feature", "properties": { "crs": 0.3857, "risk_tier": "medium", "colour": "#FFD600" }, "geometry": { "type": "Point", "coordinates": [ 5.99, 4.58 ] } },
{ "type": "Feature", "properties": { "crs": 0.3878, "risk_tier": "medium", "colour": "#FFD600" }, "geometry": { "type": "Point", "coordinates": [ 6.0, 4.58 ] } },
{ "type": "Feature", "properties": { "crs": 0.3885, "risk_tier": "medium", "colour": "#FFD600" }, "geometry": { "type": "Point", "coordinates": [ 6.01, 4.58 ] } },
{ "type": "Feature", "properties": { "crs": 0.3878, "risk_tier": "medium", "colour": "#FFD600" }, "geometry": { "type": "Point", "coordinates": [ 6.02, 4.58 ] } },
{ "type": "Feature", "properties": { "crs": 0.3872, "risk_tier": "medium", "colour": "#FFD600" }, "geometry": { "type": "Point", "coordinates": [ 6.03, 4.58 ] } },
{ "type": "Feature", "properties": { "crs": 0.3729, "risk_tier": "medium", "colour": "#FFD600" }, "geometry": { "type": "Point", "coordinates": [ 6.04, 4.58 ] } },
{ "type": "Feature", "properties": { "crs": 0.3609, "risk_tier": "medium", "colour": "#FFD600" }, "geometry": { "type": "Point", "coordinates": [ 6.05, 4.58 ] } },
{ "type": "Feature", "properties": { "crs": 0.342, "risk_tier": "medium", "colour": "#FFD600" }, "geometry": { "type": "Point", "coordinates": [ 6.06, 4.58 ] } },
{ "type": "Feature", "properties": { "crs": 0.354, "risk_tier": "medium", "colour": "#FFD600" }, "geometry": { "type": "Point", "coordinates": [ 6.07, 4.58 ] } },
{ "type": "Feature", "properties": { "crs": 0.3693, "risk_tier": "medium", "colour": "#FFD600" }, "geometry": { "type": "Point", "coordinates": [ 6.08, 4.58 ] } },
{ "type": "Feature", "properties": { "crs": 0.3664, "risk_tier": "medium", "colour": "#FFD600" }, "geometry": { "type": "Point", "coordinates": [ 6.09, 4.58 ] } },
{ "type": "Feature", "properties": { "crs": 0.3001, "risk_tier": "medium", "colour": "#FFD600" }, "geometry": { "type": "Point", "coordinates": [ 6.1, 4.58 ] } },
{ "type": "Feature", "properties": { "crs": 0.3001, "risk_tier": "medium", "colour": "#FFD600" }, "geometry": { "type": "Point", "coordinates": [ 6.11, 4.58 ] } },
{ "type": "Feature", "properties": { "crs": 0.3001, "risk_tier": "medium", "colour": "#FFD600" }, "geometry": { "type": "Point", "coordinates": [ 6.12, 4.58 ] } },
{ "type": "Feature", "properties": { "crs": 0.2238, "risk_tier": "low", "colour": "#69F0AE" }, "geometry": { "type": "Point", "coordinates": [ 6.13, 4.58 ] } },
{ "type": "Feature", "properties": { "crs": 0.2176, "risk_tier": "low", "colour": "#69F0AE" }, "geometry": { "type": "Point", "coordinates": [ 6.18, 4.58 ] } },
{ "type": "Feature", "properties": { "crs": 0.2177, "risk_tier": "low", "colour": "#69F0AE" }, "geometry": { "type": "Point", "coordinates": [ 6.19, 4.58 ] } },
{ "type": "Feature", "properties": { "crs": 0.2177, "risk_tier": "low", "colour": "#69F0AE" }, "geometry": { "type": "Point", "coordinates": [ 6.2, 4.58 ] } },
{ "type": "Feature", "properties": { "crs": 0.238, "risk_tier": "low", "colour": "#69F0AE" }, "geometry": { "type": "Point", "coordinates": [ 6.21, 4.58 ] } },
{ "type": "Feature", "properties": { "crs": 0.238, "risk_tier": "low", "colour": "#69F0AE" }, "geometry": { "type": "Point", "coordinates": [ 6.22, 4.58 ] } },
{ "type": "Feature", "properties": { "crs": 0.2379, "risk_tier": "low", "colour": "#69F0AE" }, "geometry": { "type": "Point", "coordinates": [ 6.23, 4.58 ] } },
{ "type": "Feature", "properties": { "crs": 0.2379, "risk_tier": "low", "colour": "#69F0AE" }, "geometry": { "type": "Point", "coordinates": [ 6.24, 4.58 ] } },
{ "type": "Feature", "properties": { "crs": 0.238, "risk_tier": "low", "colour": "#69F0AE" }, "geometry": { "type": "Point", "coordinates": [ 6.25, 4.58 ] } },
{ "type": "Feature", "properties": { "crs": 0.238, "risk_tier": "low", "colour": "#69F0AE" }, "geometry": { "type": "Point", "coordinates": [ 6.26, 4.58 ] } },
{ "type": "Feature", "properties": { "crs": 0.2523, "risk_tier": "medium", "colour": "#FFD600" }, "geometry": { "type": "Point", "coordinates": [ 6.27, 4.58 ] } },
{ "type": "Feature", "properties": { "crs": 0.1536, "risk_tier": "low", "colour": "#69F0AE" }, "geometry": { "type": "Point", "coordinates": [ 6.98, 4.58 ] } },
{ "type": "Feature", "properties": { "crs": 0.1523, "risk_tier": "low", "colour": "#69F0AE" }, "geometry": { "type": "Point", "coordinates": [ 7.05, 4.58 ] } },
{ "type": "Feature", "properties": { "crs": 0.1525, "risk_tier": "low", "colour": "#69F0AE" }, "geometry": { "type": "Point", "coordinates": [ 7.09, 4.58 ] } },
{ "type": "Feature", "properties": { "crs": 0.1722, "risk_tier": "low", "colour": "#69F0AE" }, "geometry": { "type": "Point", "coordinates": [ 7.1, 4.58 ] } },
{ "type": "Feature", "properties": { "crs": 0.1708, "risk_tier": "low", "colour": "#69F0AE" }, "geometry": { "type": "Point", "coordinates": [ 7.11, 4.58 ] } },
{ "type": "Feature", "properties": { "crs": 0.1509, "risk_tier": "low", "colour": "#69F0AE" }, "geometry": { "type": "Point", "coordinates": [ 7.18, 4.58 ] } },
{ "type": "Feature", "properties": { "crs": 0.1553, "risk_tier": "low", "colour": "#69F0AE" }, "geometry": { "type": "Point", "coordinates": [ 7.2, 4.58 ] } },
{ "type": "Feature", "properties": { "crs": 0.2141, "risk_tier": "low", "colour": "#69F0AE" }, "geometry": { "type": "Point", "coordinates": [ 5.85, 4.59 ] } },
{ "type": "Feature", "properties": { "crs": 0.2382, "risk_tier": "low", "colour": "#69F0AE" }, "geometry": { "type": "Point", "coordinates": [ 5.86, 4.59 ] } },
{ "type": "Feature", "properties": { "crs": 0.2437, "risk_tier": "low", "colour": "#69F0AE" }, "geometry": { "type": "Point", "coordinates": [ 5.87, 4.59 ] } },
{ "type": "Feature", "properties": { "crs": 0.231, "risk_tier": "low", "colour": "#69F0AE" }, "geometry": { "type": "Point", "coordinates": [ 5.88, 4.59 ] } },
{ "type": "Feature", "properties": { "crs": 0.243, "risk_tier": "low", "colour": "#69F0AE" }, "geometry": { "type": "Point", "coordinates": [ 5.89, 4.59 ] } },
{ "type": "Feature", "properties": { "crs": 0.3011, "risk_tier": "medium", "colour": "#FFD600" }, "geometry": { "type": "Point", "coordinates": [ 5.9, 4.59 ] } },
{ "type": "Feature", "properties": { "crs": 0.3011, "risk_tier": "medium", "colour": "#FFD600" }, "geometry": { "type": "Point", "coordinates": [ 5.91, 4.59 ] } },
{ "type": "Feature", "properties": { "crs": 0.301, "risk_tier": "medium", "colour": "#FFD600" }, "geometry": { "type": "Point", "coordinates": [ 5.92, 4.59 ] } },
{ "type": "Feature", "properties": { "crs": 0.301, "risk_tier": "medium", "colour": "#FFD600" }, "geometry": { "type": "Point", "coordinates": [ 5.93, 4.59 ] } },
{ "type": "Feature", "properties": { "crs": 0.3008, "risk_tier": "medium", "colour": "#FFD600" }, "geometry": { "type": "Point", "coordinates": [ 5.94, 4.59 ] } },
{ "type": "Feature", "properties": { "crs": 0.3239, "risk_tier": "medium", "colour": "#FFD600" }, "geometry": { "type": "Point", "coordinates": [ 5.95, 4.59 ] } },
{ "type": "Feature", "properties": { "crs": 0.3672, "risk_tier": "medium", "colour": "#FFD600" }, "geometry": { "type": "Point", "coordinates": [ 5.96, 4.59 ] } },
{ "type": "Feature", "properties": { "crs": 0.3858, "risk_tier": "medium", "colour": "#FFD600" }, "geometry": { "type": "Point", "coordinates": [ 5.97, 4.59 ] } },
{ "type": "Feature", "properties": { "crs": 0.3858, "risk_tier": "medium", "colour": "#FFD600" }, "geometry": { "type": "Point", "coordinates": [ 5.98, 4.59 ] } },
{ "type": "Feature", "properties": { "crs": 0.3857, "risk_tier": "medium", "colour": "#FFD600" }, "geometry": { "type": "Point", "coordinates": [ 5.99, 4.59 ] } },
{ "type": "Feature", "properties": { "crs": 0.3885, "risk_tier": "medium", "colour": "#FFD600" }, "geometry": { "type": "Point", "coordinates": [ 6.0, 4.59 ] } },
{ "type": "Feature", "properties": { "crs": 0.3671, "risk_tier": "medium", "colour": "#FFD600" }, "geometry": { "type": "Point", "coordinates": [ 6.01, 4.59 ] } },
{ "type": "Feature", "properties": { "crs": 0.3816, "risk_tier": "medium", "colour": "#FFD600" }, "geometry": { "type": "Point", "coordinates": [ 6.02, 4.59 ] } },
{ "type": "Feature", "properties": { "crs": 0.3747, "risk_tier": "medium", "colour": "#FFD600" }, "geometry": { "type": "Point", "coordinates": [ 6.03, 4.59 ] } },
{ "type": "Feature", "properties": { "crs": 0.3817, "risk_tier": "medium", "colour": "#FFD600" }, "geometry": { "type": "Point", "coordinates": [ 6.04, 4.59 ] } },
{ "type": "Feature", "properties": { "crs": 0.363, "risk_tier": "medium", "colour": "#FFD600" }, "geometry": { "type": "Point", "coordinates": [ 6.05, 4.59 ] } },
{ "type": "Feature", "properties": { "crs": 0.3484, "risk_tier": "medium", "colour": "#FFD600" }, "geometry": { "type": "Point", "coordinates": [ 6.06, 4.59 ] } },
{ "type": "Feature", "properties": { "crs": 0.3484, "risk_tier": "medium", "colour": "#FFD600" }, "geometry": { "type": "Point", "coordinates": [ 6.07, 4.59 ] } },
{ "type": "Feature", "properties": { "crs": 0.3483, "risk_tier": "medium", "colour": "#FFD600" }, "geometry": { "type": "Point", "coordinates": [ 6.08, 4.59 ] } },
{ "type": "Feature", "properties": { "crs": 0.2979, "risk_tier": "medium", "colour": "#FFD600" }, "geometry": { "type": "Point", "coordinates": [ 6.09, 4.59 ] } },
{ "type": "Feature", "properties": { "crs": 0.3029, "risk_tier": "medium", "colour": "#FFD600" }, "geometry": { "type": "Point", "coordinates": [ 6.1, 4.59 ] } },
{ "type": "Feature", "properties": { "crs": 0.2238, "risk_tier": "low", "colour": "#69F0AE" }, "geometry": { "type": "Point", "coordinates": [ 6.11, 4.59 ] } },
{ "type": "Feature", "properties": { "crs": 0.2176, "risk_tier": "low", "colour": "#69F0AE" }, "geometry": { "type": "Point", "coordinates": [ 6.18, 4.59 ] } },
{ "type": "Feature", "properties": { "crs": 0.2177, "risk_tier": "low", "colour": "#69F0AE" }, "geometry": { "type": "Point", "coordinates": [ 6.19, 4.59 ] } },
{ "type": "Feature", "properties": { "crs": 0.2177, "risk_tier": "low", "colour": "#69F0AE" }, "geometry": { "type": "Point", "coordinates": [ 6.2, 4.59 ] } },
{ "type": "Feature", "properties": { "crs": 0.2177, "risk_tier": "low", "colour": "#69F0AE" }, "geometry": { "type": "Point", "coordinates": [ 6.21, 4.59 ] } },
{ "type": "Feature", "properties": { "crs": 0.2374, "risk_tier": "low", "colour": "#69F0AE" }, "geometry": { "type": "Point", "coordinates": [ 6.22, 4.59 ] } },
{ "type": "Feature", "properties": { "crs": 0.2374, "risk_tier": "low", "colour": "#69F0AE" }, "geometry": { "type": "Point", "coordinates": [ 6.23, 4.59 ] } },
{ "type": "Feature", "properties": { "crs": 0.2379, "risk_tier": "low", "colour": "#69F0AE" }, "geometry": { "type": "Point", "coordinates": [ 6.24, 4.59 ] } },
{ "type": "Feature", "properties": { "crs": 0.238, "risk_tier": "low", "colour": "#69F0AE" }, "geometry": { "type": "Point", "coordinates": [ 6.25, 4.59 ] } },
{ "type": "Feature", "properties": { "crs": 0.238, "risk_tier": "low", "colour": "#69F0AE" }, "geometry": { "type": "Point", "coordinates": [ 6.26, 4.59 ] } },
{ "type": "Feature", "properties": { "crs": 0.2414, "risk_tier": "low", "colour": "#69F0AE" }, "geometry": { "type": "Point", "coordinates": [ 6.27, 4.59 ] } },
{ "type": "Feature", "properties": { "crs": 0.1511, "risk_tier": "low", "colour": "#69F0AE" }, "geometry": { "type": "Point", "coordinates": [ 6.99, 4.59 ] } },
{ "type": "Feature", "properties": { "crs": 0.1523, "risk_tier": "low", "colour": "#69F0AE" }, "geometry": { "type": "Point", "coordinates": [ 7.05, 4.59 ] } },
{ "type": "Feature", "properties": { "crs": 0.1626, "risk_tier": "low", "colour": "#69F0AE" }, "geometry": { "type": "Point", "coordinates": [ 7.07, 4.59 ] } },
{ "type": "Feature", "properties": { "crs": 0.1513, "risk_tier": "low", "colour": "#69F0AE" }, "geometry": { "type": "Point", "coordinates": [ 7.09, 4.59 ] } },
{ "type": "Feature", "properties": { "crs": 0.165, "risk_tier": "low", "colour": "#69F0AE" }, "geometry": { "type": "Point", "coordinates": [ 7.1, 4.59 ] } },
{ "type": "Feature", "properties": { "crs": 0.1643, "risk_tier": "low", "colour": "#69F0AE" }, "geometry": { "type": "Point", "coordinates": [ 7.11, 4.59 ] } },
{ "type": "Feature", "properties": { "crs": 0.1532, "risk_tier": "low", "colour": "#69F0AE" }, "geometry": { "type": "Point", "coordinates": [ 7.26, 4.59 ] } },
{ "type": "Feature", "properties": { "crs": 0.1845, "risk_tier": "low", "colour": "#69F0AE" }, "geometry": { "type": "Point", "coordinates": [ 5.84, 4.6 ] } },
{ "type": "Feature", "properties": { "crs": 0.2186, "risk_tier": "low", "colour": "#69F0AE" }, "geometry": { "type": "Point", "coordinates": [ 5.85, 4.6 ] } },
{ "type": "Feature", "properties": { "crs": 0.2382, "risk_tier": "low", "colour": "#69F0AE" }, "geometry": { "type": "Point", "coordinates": [ 5.86, 4.6 ] } },
{ "type": "Feature", "properties": { "crs": 0.2447, "risk_tier": "low", "colour": "#69F0AE" }, "geometry": { "type": "Point", "coordinates": [ 5.87, 4.6 ] } },
{ "type": "Feature", "properties": { "crs": 0.2373, "risk_tier": "low", "colour": "#69F0AE" }, "geometry": { "type": "Point", "coordinates": [ 5.88, 4.6 ] } },
{ "type": "Feature", "properties": { "crs": 0.301, "risk_tier": "medium", "colour": "#FFD600" }, "geometry": { "type": "Point", "coordinates": [ 5.89, 4.6 ] } },
{ "type": "Feature", "properties": { "crs": 0.301, "risk_tier": "medium", "colour": "#FFD600" }, "geometry": { "type": "Point", "coordinates": [ 5.9, 4.6 ] } },
{ "type": "Feature", "properties": { "crs": 0.301, "risk_tier": "medium", "colour": "#FFD600" }, "geometry": { "type": "Point", "coordinates": [ 5.91, 4.6 ] } },
{ "type": "Feature", "properties": { "crs": 0.301, "risk_tier": "medium", "colour": "#FFD600" }, "geometry": { "type": "Point", "coordinates": [ 5.92, 4.6 ] } },
{ "type": "Feature", "properties": { "crs": 0.3047, "risk_tier": "medium", "colour": "#FFD600" }, "geometry": { "type": "Point", "coordinates": [ 5.93, 4.6 ] } },
{ "type": "Feature", "properties": { "crs": 0.3047, "risk_tier": "medium", "colour": "#FFD600" }, "geometry": { "type": "Point", "coordinates": [ 5.94, 4.6 ] } },
{ "type": "Feature", "properties": { "crs": 0.3394, "risk_tier": "medium", "colour": "#FFD600" }, "geometry": { "type": "Point", "coordinates": [ 5.95, 4.6 ] } },
{ "type": "Feature", "properties": { "crs": 0.3007, "risk_tier": "medium", "colour": "#FFD600" }, "geometry": { "type": "Point", "coordinates": [ 5.96, 4.6 ] } },
{ "type": "Feature", "properties": { "crs": 0.3238, "risk_tier": "medium", "colour": "#FFD600" }, "geometry": { "type": "Point", "coordinates": [ 5.97, 4.6 ] } },
{ "type": "Feature", "properties": { "crs": 0.3857, "risk_tier": "medium", "colour": "#FFD600" }, "geometry": { "type": "Point", "coordinates": [ 5.98, 4.6 ] } },
{ "type": "Feature", "properties": { "crs": 0.3885, "risk_tier": "medium", "colour": "#FFD600" }, "geometry": { "type": "Point", "coordinates": [ 5.99, 4.6 ] } },
{ "type": "Feature", "properties": { "crs": 0.3734, "risk_tier": "medium", "colour": "#FFD600" }, "geometry": { "type": "Point", "coordinates": [ 6.0, 4.6 ] } },
{ "type": "Feature", "properties": { "crs": 0.3614, "risk_tier": "medium", "colour": "#FFD600" }, "geometry": { "type": "Point", "coordinates": [ 6.01, 4.6 ] } },
{ "type": "Feature", "properties": { "crs": 0.3678, "risk_tier": "medium", "colour": "#FFD600" }, "geometry": { "type": "Point", "coordinates": [ 6.02, 4.6 ] } },
{ "type": "Feature", "properties": { "crs": 0.3873, "risk_tier": "medium", "colour": "#FFD600" }, "geometry": { "type": "Point", "coordinates": [ 6.03, 4.6 ] } },
{ "type": "Feature", "properties": { "crs": 0.4021, "risk_tier": "medium", "colour": "#FFD600" }, "geometry": { "type": "Point", "coordinates": [ 6.04, 4.6 ] } },
{ "type": "Feature", "properties": { "crs": 0.3837, "risk_tier": "medium", "colour": "#FFD600" }, "geometry": { "type": "Point", "coordinates": [ 6.05, 4.6 ] } },
{ "type": "Feature", "properties": { "crs": 0.326, "risk_tier": "medium", "colour": "#FFD600" }, "geometry": { "type": "Point", "coordinates": [ 6.06, 4.6 ] } },
{ "type": "Feature", "properties": { "crs": 0.326, "risk_tier": "medium", "colour": "#FFD600" }, "geometry": { "type": "Point", "coordinates": [ 6.07, 4.6 ] } },
{ "type": "Feature", "properties": { "crs": 0.2979, "risk_tier": "medium", "colour": "#FFD600" }, "geometry": { "type": "Point", "coordinates": [ 6.08, 4.6 ] } },
{ "type": "Feature", "properties": { "crs": 0.2176, "risk_tier": "low", "colour": "#69F0AE" }, "geometry": { "type": "Point", "coordinates": [ 6.19, 4.6 ] } },
{ "type": "Feature", "properties": { "crs": 0.2209, "risk_tier": "low", "colour": "#69F0AE" }, "geometry": { "type": "Point", "coordinates": [ 6.2, 4.6 ] } },
{ "type": "Feature", "properties": { "crs": 0.2313, "risk_tier": "low", "colour": "#69F0AE" }, "geometry": { "type": "Point", "coordinates": [ 6.21, 4.6 ] } },
{ "type": "Feature", "properties": { "crs": 0.2176, "risk_tier": "low", "colour": "#69F0AE" }, "geometry": { "type": "Point", "coordinates": [ 6.22, 4.6 ] } },
{ "type": "Feature", "properties": { "crs": 0.2176, "risk_tier": "low", "colour": "#69F0AE" }, "geometry": { "type": "Point", "coordinates": [ 6.23, 4.6 ] } },
{ "type": "Feature", "properties": { "crs": 0.2176, "risk_tier": "low", "colour": "#69F0AE" }, "geometry": { "type": "Point", "coordinates": [ 6.24, 4.6 ] } },
{ "type": "Feature", "properties": { "crs": 0.2177, "risk_tier": "low", "colour": "#69F0AE" }, "geometry": { "type": "Point", "coordinates": [ 6.25, 4.6 ] } },
{ "type": "Feature", "properties": { "crs": 0.2182, "risk_tier": "low", "colour": "#69F0AE" }, "geometry": { "type": "Point", "coordinates": [ 6.26, 4.6 ] } },
{ "type": "Feature", "properties": { "crs": 0.2253, "risk_tier": "low", "colour": "#69F0AE" }, "geometry": { "type": "Point", "coordinates": [ 6.27, 4.6 ] } },
{ "type": "Feature", "properties": { "crs": 0.1537, "risk_tier": "low", "colour": "#69F0AE" }, "geometry": { "type": "Point", "coordinates": [ 7.01, 4.6 ] } },
{ "type": "Feature", "properties": { "crs": 0.1526, "risk_tier": "low", "colour": "#69F0AE" }, "geometry": { "type": "Point", "coordinates": [ 7.06, 4.6 ] } },
{ "type": "Feature", "properties": { "crs": 0.1695, "risk_tier": "low", "colour": "#69F0AE" }, "geometry": { "type": "Point", "coordinates": [ 7.07, 4.6 ] } },
{ "type": "Feature", "properties": { "crs": 0.1514, "risk_tier": "low", "colour": "#69F0AE" }, "geometry": { "type": "Point", "coordinates": [ 7.09, 4.6 ] } },
{ "type": "Feature", "properties": { "crs": 0.1646, "risk_tier": "low", "colour": "#69F0AE" }, "geometry": { "type": "Point", "coordinates": [ 7.1, 4.6 ] } },
{ "type": "Feature", "properties": { "crs": 0.1625, "risk_tier": "low", "colour": "#69F0AE" }, "geometry": { "type": "Point", "coordinates": [ 7.11, 4.6 ] } },
{ "type": "Feature", "properties": { "crs": 0.1678, "risk_tier": "low", "colour": "#69F0AE" }, "geometry": { "type": "Point", "coordinates": [ 7.12, 4.6 ] } },
{ "type": "Feature", "properties": { "crs": 0.177, "risk_tier": "low", "colour": "#69F0AE" }, "geometry": { "type": "Point", "coordinates": [ 7.25, 4.6 ] } },
{ "type": "Feature", "properties": { "crs": 0.1838, "risk_tier": "low", "colour": "#69F0AE" }, "geometry": { "type": "Point", "coordinates": [ 7.26, 4.6 ] } },
{ "type": "Feature", "properties": { "crs": 0.1729, "risk_tier": "low", "colour": "#69F0AE" }, "geometry": { "type": "Point", "coordinates": [ 7.27, 4.6 ] } },
{ "type": "Feature", "properties": { "crs": 0.2186, "risk_tier": "low", "colour": "#69F0AE" }, "geometry": { "type": "Point", "coordinates": [ 5.84, 4.61 ] } },
{ "type": "Feature", "properties": { "crs": 0.2363, "risk_tier": "low", "colour": "#69F0AE" }, "geometry": { "type": "Point", "coordinates": [ 5.85, 4.61 ] } },
{ "type": "Feature", "properties": { "crs": 0.2185, "risk_tier": "low", "colour": "#69F0AE" }, "geometry": { "type": "Point", "coordinates": [ 5.86, 4.61 ] } },
{ "type": "Feature", "properties": { "crs": 0.2622, "risk_tier": "medium", "colour": "#FFD600" }, "geometry": { "type": "Point", "coordinates": [ 5.87, 4.61 ] } },
{ "type": "Feature", "properties": { "crs": 0.2318, "risk_tier": "low", "colour": "#69F0AE" }, "geometry": { "type": "Point", "coordinates": [ 5.88, 4.61 ] } },
{ "type": "Feature", "properties": { "crs": 0.3038, "risk_tier": "medium", "colour": "#FFD600" }, "geometry": { "type": "Point", "coordinates": [ 5.89, 4.61 ] } },
{ "type": "Feature", "properties": { "crs": 0.3009, "risk_tier": "medium", "colour": "#FFD600" }, "geometry": { "type": "Point", "coordinates": [ 5.9, 4.61 ] } },
{ "type": "Feature", "properties": { "crs": 0.301, "risk_tier": "medium", "colour": "#FFD600" }, "geometry": { "type": "Point", "coordinates": [ 5.91, 4.61 ] } },
{ "type": "Feature", "properties": { "crs": 0.301, "risk_tier": "medium", "colour": "#FFD600" }, "geometry": { "type": "Point", "coordinates": [ 5.92, 4.61 ] } },
{ "type": "Feature", "properties": { "crs": 0.3164, "risk_tier": "medium", "colour": "#FFD600" }, "geometry": { "type": "Point", "coordinates": [ 5.93, 4.61 ] } },
{ "type": "Feature", "properties": { "crs": 0.3163, "risk_tier": "medium", "colour": "#FFD600" }, "geometry": { "type": "Point", "coordinates": [ 5.94, 4.61 ] } },
{ "type": "Feature", "properties": { "crs": 0.3161, "risk_tier": "medium", "colour": "#FFD600" }, "geometry": { "type": "Point", "coordinates": [ 5.95, 4.61 ] } },
{ "type": "Feature", "properties": { "crs": 0.3007, "risk_tier": "medium", "colour": "#FFD600" }, "geometry": { "type": "Point", "coordinates": [ 5.96, 4.61 ] } },
{ "type": "Feature", "properties": { "crs": 0.3238, "risk_tier": "medium", "colour": "#FFD600" }, "geometry": { "type": "Point", "coordinates": [ 5.97, 4.61 ] } },
{ "type": "Feature", "properties": { "crs": 0.3238, "risk_tier": "medium", "colour": "#FFD600" }, "geometry": { "type": "Point", "coordinates": [ 5.98, 4.61 ] } },
{ "type": "Feature", "properties": { "crs": 0.3698, "risk_tier": "medium", "colour": "#FFD600" }, "geometry": { "type": "Point", "coordinates": [ 5.99, 4.61 ] } },
{ "type": "Feature", "properties": { "crs": 0.3678, "risk_tier": "medium", "colour": "#FFD600" }, "geometry": { "type": "Point", "coordinates": [ 6.0, 4.61 ] } },
{ "type": "Feature", "properties": { "crs": 0.3609, "risk_tier": "medium", "colour": "#FFD600" }, "geometry": { "type": "Point", "coordinates": [ 6.01, 4.61 ] } },
{ "type": "Feature", "properties": { "crs": 0.354, "risk_tier": "medium", "colour": "#FFD600" }, "geometry": { "type": "Point", "coordinates": [ 6.02, 4.61 ] } },
{ "type": "Feature", "properties": { "crs": 0.3664, "risk_tier": "medium", "colour": "#FFD600" }, "geometry": { "type": "Point", "coordinates": [ 6.03, 4.61 ] } },
{ "type": "Feature", "properties": { "crs": 0.3231, "risk_tier": "medium", "colour": "#FFD600" }, "geometry": { "type": "Point", "coordinates": [ 6.04, 4.61 ] } },
{ "type": "Feature", "properties": { "crs": 0.2999, "risk_tier": "medium", "colour": "#FFD600" }, "geometry": { "type": "Point", "coordinates": [ 6.05, 4.61 ] } },
{ "type": "Feature", "properties": { "crs": 0.2301, "risk_tier": "low", "colour": "#69F0AE" }, "geometry": { "type": "Point", "coordinates": [ 6.06, 4.61 ] } },
{ "type": "Feature", "properties": { "crs": 0.2312, "risk_tier": "low", "colour": "#69F0AE" }, "geometry": { "type": "Point", "coordinates": [ 6.2, 4.61 ] } },
{ "type": "Feature", "properties": { "crs": 0.2312, "risk_tier": "low", "colour": "#69F0AE" }, "geometry": { "type": "Point", "coordinates": [ 6.21, 4.61 ] } },
{ "type": "Feature", "properties": { "crs": 0.2208, "risk_tier": "low", "colour": "#69F0AE" }, "geometry": { "type": "Point", "coordinates": [ 6.22, 4.61 ] } },
{ "type": "Feature", "properties": { "crs": 0.2176, "risk_tier": "low", "colour": "#69F0AE" }, "geometry": { "type": "Point", "coordinates": [ 6.23, 4.61 ] } },
{ "type": "Feature", "properties": { "crs": 0.2176, "risk_tier": "low", "colour": "#69F0AE" }, "geometry": { "type": "Point", "coordinates": [ 6.24, 4.61 ] } },
{ "type": "Feature", "properties": { "crs": 0.2176, "risk_tier": "low", "colour": "#69F0AE" }, "geometry": { "type": "Point", "coordinates": [ 6.25, 4.61 ] } },
{ "type": "Feature", "properties": { "crs": 0.2182, "risk_tier": "low", "colour": "#69F0AE" }, "geometry": { "type": "Point", "coordinates": [ 6.26, 4.61 ] } },
{ "type": "Feature", "properties": { "crs": 0.1536, "risk_tier": "low", "colour": "#69F0AE" }, "geometry": { "type": "Point", "coordinates": [ 7.01, 4.61 ] } },
{ "type": "Feature", "properties": { "crs": 0.1553, "risk_tier": "low", "colour": "#69F0AE" }, "geometry": { "type": "Point", "coordinates": [ 7.02, 4.61 ] } },
{ "type": "Feature", "properties": { "crs": 0.1535, "risk_tier": "low", "colour": "#69F0AE" }, "geometry": { "type": "Point", "coordinates": [ 7.08, 4.61 ] } },
{ "type": "Feature", "properties": { "crs": 0.1591, "risk_tier": "low", "colour": "#69F0AE" }, "geometry": { "type": "Point", "coordinates": [ 7.1, 4.61 ] } },
{ "type": "Feature", "properties": { "crs": 0.1635, "risk_tier": "low", "colour": "#69F0AE" }, "geometry": { "type": "Point", "coordinates": [ 7.11, 4.61 ] } },
{ "type": "Feature", "properties": { "crs": 0.1629, "risk_tier": "low", "colour": "#69F0AE" }, "geometry": { "type": "Point", "coordinates": [ 7.21, 4.61 ] } },
{ "type": "Feature", "properties": { "crs": 0.1686, "risk_tier": "low", "colour": "#69F0AE" }, "geometry": { "type": "Point", "coordinates": [ 7.24, 4.61 ] } },
{ "type": "Feature", "properties": { "crs": 0.1687, "risk_tier": "low", "colour": "#69F0AE" }, "geometry": { "type": "Point", "coordinates": [ 7.25, 4.61 ] } },
{ "type": "Feature", "properties": { "crs": 0.1838, "risk_tier": "low", "colour": "#69F0AE" }, "geometry": { "type": "Point", "coordinates": [ 7.26, 4.61 ] } },
{ "type": "Feature", "properties": { "crs": 0.176, "risk_tier": "low", "colour": "#69F0AE" }, "geometry": { "type": "Point", "coordinates": [ 7.27, 4.61 ] } },
{ "type": "Feature", "properties": { "crs": 0.2141, "risk_tier": "low", "colour": "#69F0AE" }, "geometry": { "type": "Point", "coordinates": [ 5.83, 4.62 ] } },
{ "type": "Feature", "properties": { "crs": 0.2363, "risk_tier": "low", "colour": "#69F0AE" }, "geometry": { "type": "Point", "coordinates": [ 5.84, 4.62 ] } },
{ "type": "Feature", "properties": { "crs": 0.2362, "risk_tier": "low", "colour": "#69F0AE" }, "geometry": { "type": "Point", "coordinates": [ 5.85, 4.62 ] } },
{ "type": "Feature", "properties": { "crs": 0.2566, "risk_tier": "medium", "colour": "#FFD600" }, "geometry": { "type": "Point", "coordinates": [ 5.86, 4.62 ] } },
{ "type": "Feature", "properties": { "crs": 0.2632, "risk_tier": "medium", "colour": "#FFD600" }, "geometry": { "type": "Point", "coordinates": [ 5.87, 4.62 ] } },
{ "type": "Feature", "properties": { "crs": 0.2317, "risk_tier": "low", "colour": "#69F0AE" }, "geometry": { "type": "Point", "coordinates": [ 5.88, 4.62 ] } },
{ "type": "Feature", "properties": { "crs": 0.3079, "risk_tier": "medium", "colour": "#FFD600" }, "geometry": { "type": "Point", "coordinates": [ 5.89, 4.62 ] } },
{ "type": "Feature", "properties": { "crs": 0.3009, "risk_tier": "medium", "colour": "#FFD600" }, "geometry": { "type": "Point", "coordinates": [ 5.9, 4.62 ] } },
{ "type": "Feature", "properties": { "crs": 0.301, "risk_tier": "medium", "colour": "#FFD600" }, "geometry": { "type": "Point", "coordinates": [ 5.91, 4.62 ] } },
{ "type": "Feature", "properties": { "crs": 0.301, "risk_tier": "medium", "colour": "#FFD600" }, "geometry": { "type": "Point", "coordinates": [ 5.92, 4.62 ] } },
{ "type": "Feature", "properties": { "crs": 0.3163, "risk_tier": "medium", "colour": "#FFD600" }, "geometry": { "type": "Point", "coordinates": [ 5.93, 4.62 ] } },
{ "type": "Feature", "properties": { "crs": 0.3009, "risk_tier": "medium", "colour": "#FFD600" }, "geometry": { "type": "Point", "coordinates": [ 5.94, 4.62 ] } },
{ "type": "Feature", "properties": { "crs": 0.3163, "risk_tier": "medium", "colour": "#FFD600" }, "geometry": { "type": "Point", "coordinates": [ 5.95, 4.62 ] } },
{ "type": "Feature", "properties": { "crs": 0.3009, "risk_tier": "medium", "colour": "#FFD600" }, "geometry": { "type": "Point", "coordinates": [ 5.96, 4.62 ] } },
{ "type": "Feature", "properties": { "crs": 0.3009, "risk_tier": "medium", "colour": "#FFD600" }, "geometry": { "type": "Point", "coordinates": [ 5.97, 4.62 ] } },
{ "type": "Feature", "properties": { "crs": 0.3008, "risk_tier": "medium", "colour": "#FFD600" }, "geometry": { "type": "Point", "coordinates": [ 5.98, 4.62 ] } },
{ "type": "Feature", "properties": { "crs": 0.326, "risk_tier": "medium", "colour": "#FFD600" }, "geometry": { "type": "Point", "coordinates": [ 5.99, 4.62 ] } },
{ "type": "Feature", "properties": { "crs": 0.3166, "risk_tier": "medium", "colour": "#FFD600" }, "geometry": { "type": "Point", "coordinates": [ 6.0, 4.62 ] } },
{ "type": "Feature", "properties": { "crs": 0.3166, "risk_tier": "medium", "colour": "#FFD600" }, "geometry": { "type": "Point", "coordinates": [ 6.01, 4.62 ] } },
{ "type": "Feature", "properties": { "crs": 0.3028, "risk_tier": "medium", "colour": "#FFD600" }, "geometry": { "type": "Point", "coordinates": [ 6.02, 4.62 ] } },
{ "type": "Feature", "properties": { "crs": 0.3001, "risk_tier": "medium", "colour": "#FFD600" }, "geometry": { "type": "Point", "coordinates": [ 6.03, 4.62 ] } },
{ "type": "Feature", "properties": { "crs": 0.2301, "risk_tier": "low", "colour": "#69F0AE" }, "geometry": { "type": "Point", "coordinates": [ 6.04, 4.62 ] } },
{ "type": "Feature", "properties": { "crs": 0.2208, "risk_tier": "low", "colour": "#69F0AE" }, "geometry": { "type": "Point", "coordinates": [ 6.21, 4.62 ] } },
{ "type": "Feature", "properties": { "crs": 0.2208, "risk_tier": "low", "colour": "#69F0AE" }, "geometry": { "type": "Point", "coordinates": [ 6.22, 4.62 ] } },
{ "type": "Feature", "properties": { "crs": 0.2175, "risk_tier": "low", "colour": "#69F0AE" }, "geometry": { "type": "Point", "coordinates": [ 6.23, 4.62 ] } },
{ "type": "Feature", "properties": { "crs": 0.2208, "risk_tier": "low", "colour": "#69F0AE" }, "geometry": { "type": "Point", "coordinates": [ 6.24, 4.62 ] } },
{ "type": "Feature", "properties": { "crs": 0.2181, "risk_tier": "low", "colour": "#69F0AE" }, "geometry": { "type": "Point", "coordinates": [ 6.25, 4.62 ] } },
{ "type": "Feature", "properties": { "crs": 0.2318, "risk_tier": "low", "colour": "#69F0AE" }, "geometry": { "type": "Point", "coordinates": [ 6.26, 4.62 ] } },
{ "type": "Feature", "properties": { "crs": 0.1534, "risk_tier": "low", "colour": "#69F0AE" }, "geometry": { "type": "Point", "coordinates": [ 7.02, 4.62 ] } },
{ "type": "Feature", "properties": { "crs": 0.1632, "risk_tier": "low", "colour": "#69F0AE" }, "geometry": { "type": "Point", "coordinates": [ 7.03, 4.62 ] } },
{ "type": "Feature", "properties": { "crs": 0.1516, "risk_tier": "low", "colour": "#69F0AE" }, "geometry": { "type": "Point", "coordinates": [ 7.05, 4.62 ] } },
{ "type": "Feature", "properties": { "crs": 0.1606, "risk_tier": "low", "colour": "#69F0AE" }, "geometry": { "type": "Point", "coordinates": [ 7.1, 4.62 ] } },
{ "type": "Feature", "properties": { "crs": 0.1874, "risk_tier": "low", "colour": "#69F0AE" }, "geometry": { "type": "Point", "coordinates": [ 7.2, 4.62 ] } },
{ "type": "Feature", "properties": { "crs": 0.1906, "risk_tier": "low", "colour": "#69F0AE" }, "geometry": { "type": "Point", "coordinates": [ 7.21, 4.62 ] } },
{ "type": "Feature", "properties": { "crs": 0.1882, "risk_tier": "low", "colour": "#69F0AE" }, "geometry": { "type": "Point", "coordinates": [ 7.22, 4.62 ] } },
{ "type": "Feature", "properties": { "crs": 0.1803, "risk_tier": "low", "colour": "#69F0AE" }, "geometry": { "type": "Point", "coordinates": [ 7.23, 4.62 ] } },
{ "type": "Feature", "properties": { "crs": 0.1729, "risk_tier": "low", "colour": "#69F0AE" }, "geometry": { "type": "Point", "coordinates": [ 7.24, 4.62 ] } },
{ "type": "Feature", "properties": { "crs": 0.1755, "risk_tier": "low", "colour": "#69F0AE" }, "geometry": { "type": "Point", "coordinates": [ 7.25, 4.62 ] } },
{ "type": "Feature", "properties": { "crs": 0.1722, "risk_tier": "low", "colour": "#69F0AE" }, "geometry": { "type": "Point", "coordinates": [ 7.26, 4.62 ] } },
{ "type": "Feature", "properties": { "crs": 0.1838, "risk_tier": "low", "colour": "#69F0AE" }, "geometry": { "type": "Point", "coordinates": [ 7.27, 4.62 ] } },
{ "type": "Feature", "properties": { "crs": 0.2293, "risk_tier": "low", "colour": "#69F0AE" }, "geometry": { "type": "Point", "coordinates": [ 5.83, 4.63 ] } },
{ "type": "Feature", "properties": { "crs": 0.234, "risk_tier": "low", "colour": "#69F0AE" }, "geometry": { "type": "Point", "coordinates": [ 5.84, 4.63 ] } },
{ "type": "Feature", "properties": { "crs": 0.2566, "risk_tier": "medium", "colour": "#FFD600" }, "geometry": { "type": "Point", "coordinates": [ 5.85, 4.63 ] } },
{ "type": "Feature", "properties": { "crs": 0.2565, "risk_tier": "medium", "colour": "#FFD600" }, "geometry": { "type": "Point", "coordinates": [ 5.86, 4.63 ] } },
{ "type": "Feature", "properties": { "crs": 0.2574, "risk_tier": "medium", "colour": "#FFD600" }, "geometry": { "type": "Point", "coordinates": [ 5.87, 4.63 ] } },
{ "type": "Feature", "properties": { "crs": 0.2309, "risk_tier": "low", "colour": "#69F0AE" }, "geometry": { "type": "Point", "coordinates": [ 5.88, 4.63 ] } },
{ "type": "Feature", "properties": { "crs": 0.2309, "risk_tier": "low", "colour": "#69F0AE" }, "geometry": { "type": "Point", "coordinates": [ 5.89, 4.63 ] } },
{ "type": "Feature", "properties": { "crs": 0.301, "risk_tier": "medium", "colour": "#FFD600" }, "geometry": { "type": "Point", "coordinates": [ 5.9, 4.63 ] } },
{ "type": "Feature", "properties": { "crs": 0.301, "risk_tier": "medium", "colour": "#FFD600" }, "geometry": { "type": "Point", "coordinates": [ 5.91, 4.63 ] } },
{ "type": "Feature", "properties": { "crs": 0.3047, "risk_tier": "medium", "colour": "#FFD600" }, "geometry": { "type": "Point", "coordinates": [ 5.92, 4.63 ] } },
{ "type": "Feature", "properties": { "crs": 0.3163, "risk_tier": "medium", "colour": "#FFD600" }, "geometry": { "type": "Point", "coordinates": [ 5.93, 4.63 ] } },
{ "type": "Feature", "properties": { "crs": 0.3009, "risk_tier": "medium", "colour": "#FFD600" }, "geometry": { "type": "Point", "coordinates": [ 5.94, 4.63 ] } },
{ "type": "Feature", "properties": { "crs": 0.3393, "risk_tier": "medium", "colour": "#FFD600" }, "geometry": { "type": "Point", "coordinates": [ 5.95, 4.63 ] } },
{ "type": "Feature", "properties": { "crs": 0.3393, "risk_tier": "medium", "colour": "#FFD600" }, "geometry": { "type": "Point", "coordinates": [ 5.96, 4.63 ] } },
{ "type": "Feature", "properties": { "crs": 0.3238, "risk_tier": "medium", "colour": "#FFD600" }, "geometry": { "type": "Point", "coordinates": [ 5.97, 4.63 ] } },
{ "type": "Feature", "properties": { "crs": 0.3008, "risk_tier": "medium", "colour": "#FFD600" }, "geometry": { "type": "Point", "coordinates": [ 5.98, 4.63 ] } },
{ "type": "Feature", "properties": { "crs": 0.3001, "risk_tier": "medium", "colour": "#FFD600" }, "geometry": { "type": "Point", "coordinates": [ 5.99, 4.63 ] } },
{ "type": "Feature", "properties": { "crs": 0.2979, "risk_tier": "medium", "colour": "#FFD600" }, "geometry": { "type": "Point", "coordinates": [ 6.0, 4.63 ] } },
{ "type": "Feature", "properties": { "crs": 0.2309, "risk_tier": "low", "colour": "#69F0AE" }, "geometry": { "type": "Point", "coordinates": [ 6.01, 4.63 ] } },
{ "type": "Feature", "properties": { "crs": 0.2176, "risk_tier": "low", "colour": "#69F0AE" }, "geometry": { "type": "Point", "coordinates": [ 6.02, 4.63 ] } },
{ "type": "Feature", "properties": { "crs": 0.2176, "risk_tier": "low", "colour": "#69F0AE" }, "geometry": { "type": "Point", "coordinates": [ 6.03, 4.63 ] } },
{ "type": "Feature", "properties": { "crs": 0.1958, "risk_tier": "low", "colour": "#69F0AE" }, "geometry": { "type": "Point", "coordinates": [ 6.22, 4.63 ] } },
{ "type": "Feature", "properties": { "crs": 0.2264, "risk_tier": "low", "colour": "#69F0AE" }, "geometry": { "type": "Point", "coordinates": [ 6.23, 4.63 ] } },
{ "type": "Feature", "properties": { "crs": 0.2312, "risk_tier": "low", "colour": "#69F0AE" }, "geometry": { "type": "Point", "coordinates": [ 6.24, 4.63 ] } },
{ "type": "Feature", "properties": { "crs": 0.218, "risk_tier": "low", "colour": "#69F0AE" }, "geometry": { "type": "Point", "coordinates": [ 6.25, 4.63 ] } },
{ "type": "Feature", "properties": { "crs": 0.2251, "risk_tier": "low", "colour": "#69F0AE" }, "geometry": { "type": "Point", "coordinates": [ 6.26, 4.63 ] } },
{ "type": "Feature", "properties": { "crs": 0.1611, "risk_tier": "low", "colour": "#69F0AE" }, "geometry": { "type": "Point", "coordinates": [ 7.03, 4.63 ] } },
{ "type": "Feature", "properties": { "crs": 0.1688, "risk_tier": "low", "colour": "#69F0AE" }, "geometry": { "type": "Point", "coordinates": [ 7.04, 4.63 ] } },
{ "type": "Feature", "properties": { "crs": 0.1578, "risk_tier": "low", "colour": "#69F0AE" }, "geometry": { "type": "Point", "coordinates": [ 7.1, 4.63 ] } },
{ "type": "Feature", "properties": { "crs": 0.1567, "risk_tier": "low", "colour": "#69F0AE" }, "geometry": { "type": "Point", "coordinates": [ 7.18, 4.63 ] } },
{ "type": "Feature", "properties": { "crs": 0.1902, "risk_tier": "low", "colour": "#69F0AE" }, "geometry": { "type": "Point", "coordinates": [ 7.19, 4.63 ] } },
{ "type": "Feature", "properties": { "crs": 0.1905, "risk_tier": "low", "colour": "#69F0AE" }, "geometry": { "type": "Point", "coordinates": [ 7.2, 4.63 ] } },
{ "type": "Feature", "properties": { "crs": 0.1908, "risk_tier": "low", "colour": "#69F0AE" }, "geometry": { "type": "Point", "coordinates": [ 7.21, 4.63 ] } },
{ "type": "Feature", "properties": { "crs": 0.2154, "risk_tier": "low", "colour": "#69F0AE" }, "geometry": { "type": "Point", "coordinates": [ 7.22, 4.63 ] } },
{ "type": "Feature", "properties": { "crs": 0.2153, "risk_tier": "low", "colour": "#69F0AE" }, "geometry": { "type": "Point", "coordinates": [ 7.23, 4.63 ] } },
{ "type": "Feature", "properties": { "crs": 0.2154, "risk_tier": "low", "colour": "#69F0AE" }, "geometry": { "type": "Point", "coordinates": [ 7.24, 4.63 ] } },
{ "type": "Feature", "properties": { "crs": 0.1729, "risk_tier": "low", "colour": "#69F0AE" }, "geometry": { "type": "Point", "coordinates": [ 7.25, 4.63 ] } },
{ "type": "Feature", "properties": { "crs": 0.1731, "risk_tier": "low", "colour": "#69F0AE" }, "geometry": { "type": "Point", "coordinates": [ 7.26, 4.63 ] } },
{ "type": "Feature", "properties": { "crs": 0.1984, "risk_tier": "low", "colour": "#69F0AE" }, "geometry": { "type": "Point", "coordinates": [ 5.82, 4.64 ] } },
{ "type": "Feature", "properties": { "crs": 0.2339, "risk_tier": "low", "colour": "#69F0AE" }, "geometry": { "type": "Point", "coordinates": [ 5.83, 4.64 ] } },
{ "type": "Feature", "properties": { "crs": 0.2339, "risk_tier": "low", "colour": "#69F0AE" }, "geometry": { "type": "Point", "coordinates": [ 5.84, 4.64 ] } },
{ "type": "Feature", "properties": { "crs": 0.2632, "risk_tier": "medium", "colour": "#FFD600" }, "geometry": { "type": "Point", "coordinates": [ 5.85, 4.64 ] } },
{ "type": "Feature", "properties": { "crs": 0.2574, "risk_tier": "medium", "colour": "#FFD600" }, "geometry": { "type": "Point", "coordinates": [ 5.86, 4.64 ] } },
{ "type": "Feature", "properties": { "crs": 0.2621, "risk_tier": "medium", "colour": "#FFD600" }, "geometry": { "type": "Point", "coordinates": [ 5.87, 4.64 ] } },
{ "type": "Feature", "properties": { "crs": 0.2309, "risk_tier": "low", "colour": "#69F0AE" }, "geometry": { "type": "Point", "coordinates": [ 5.88, 4.64 ] } },
{ "type": "Feature", "properties": { "crs": 0.231, "risk_tier": "low", "colour": "#69F0AE" }, "geometry": { "type": "Point", "coordinates": [ 5.89, 4.64 ] } },
{ "type": "Feature", "properties": { "crs": 0.305, "risk_tier": "medium", "colour": "#FFD600" }, "geometry": { "type": "Point", "coordinates": [ 5.9, 4.64 ] } },
{ "type": "Feature", "properties": { "crs": 0.3009, "risk_tier": "medium", "colour": "#FFD600" }, "geometry": { "type": "Point", "coordinates": [ 5.91, 4.64 ] } },
{ "type": "Feature", "properties": { "crs": 0.3163, "risk_tier": "medium", "colour": "#FFD600" }, "geometry": { "type": "Point", "coordinates": [ 5.92, 4.64 ] } },
{ "type": "Feature", "properties": { "crs": 0.3163, "risk_tier": "medium", "colour": "#FFD600" }, "geometry": { "type": "Point", "coordinates": [ 5.93, 4.64 ] } },
{ "type": "Feature", "properties": { "crs": 0.3006, "risk_tier": "medium", "colour": "#FFD600" }, "geometry": { "type": "Point", "coordinates": [ 5.94, 4.64 ] } },
{ "type": "Feature", "properties": { "crs": 0.3393, "risk_tier": "medium", "colour": "#FFD600" }, "geometry": { "type": "Point", "coordinates": [ 5.95, 4.64 ] } },
{ "type": "Feature", "properties": { "crs": 0.3393, "risk_tier": "medium", "colour": "#FFD600" }, "geometry": { "type": "Point", "coordinates": [ 5.96, 4.64 ] } },
{ "type": "Feature", "properties": { "crs": 0.3237, "risk_tier": "medium", "colour": "#FFD600" }, "geometry": { "type": "Point", "coordinates": [ 5.97, 4.64 ] } },
{ "type": "Feature", "properties": { "crs": 0.3, "risk_tier": "medium", "colour": "#FFD600" }, "geometry": { "type": "Point", "coordinates": [ 5.98, 4.64 ] } },
{ "type": "Feature", "properties": { "crs": 0.23, "risk_tier": "low", "colour": "#69F0AE" }, "geometry": { "type": "Point", "coordinates": [ 5.99, 4.64 ] } },
{ "type": "Feature", "properties": { "crs": 0.2426, "risk_tier": "low", "colour": "#69F0AE" }, "geometry": { "type": "Point", "coordinates": [ 6.0, 4.64 ] } },
{ "type": "Feature", "properties": { "crs": 0.2381, "risk_tier": "low", "colour": "#69F0AE" }, "geometry": { "type": "Point", "coordinates": [ 6.01, 4.64 ] } },
{ "type": "Feature", "properties": { "crs": 0.2176, "risk_tier": "low", "colour": "#69F0AE" }, "geometry": { "type": "Point", "coordinates": [ 6.02, 4.64 ] } },
{ "type": "Feature", "properties": { "crs": 0.2176, "risk_tier": "low", "colour": "#69F0AE" }, "geometry": { "type": "Point", "coordinates": [ 6.03, 4.64 ] } },
{ "type": "Feature", "properties": { "crs": 0.2176, "risk_tier": "low", "colour": "#69F0AE" }, "geometry": { "type": "Point", "coordinates": [ 6.04, 4.64 ] } },
{ "type": "Feature", "properties": { "crs": 0.1833, "risk_tier": "low", "colour": "#69F0AE" }, "geometry": { "type": "Point", "coordinates": [ 6.22, 4.64 ] } },
{ "type": "Feature", "properties": { "crs": 0.1833, "risk_tier": "low", "colour": "#69F0AE" }, "geometry": { "type": "Point", "coordinates": [ 6.23, 4.64 ] } },
{ "type": "Feature", "properties": { "crs": 0.1839, "risk_tier": "low", "colour": "#69F0AE" }, "geometry": { "type": "Point", "coordinates": [ 6.24, 4.64 ] } },
{ "type": "Feature", "properties": { "crs": 0.1839, "risk_tier": "low", "colour": "#69F0AE" }, "geometry": { "type": "Point", "coordinates": [ 6.25, 4.64 ] } },
{ "type": "Feature", "properties": { "crs": 0.1619, "risk_tier": "low", "colour": "#69F0AE" }, "geometry": { "type": "Point", "coordinates": [ 7.04, 4.64 ] } },
{ "type": "Feature", "properties": { "crs": 0.1609, "risk_tier": "low", "colour": "#69F0AE" }, "geometry": { "type": "Point", "coordinates": [ 7.05, 4.64 ] } },
{ "type": "Feature", "properties": { "crs": 0.1508, "risk_tier": "low", "colour": "#69F0AE" }, "geometry": { "type": "Point", "coordinates": [ 7.18, 4.64 ] } },
{ "type": "Feature", "properties": { "crs": 0.1913, "risk_tier": "low", "colour": "#69F0AE" }, "geometry": { "type": "Point", "coordinates": [ 7.19, 4.64 ] } },
{ "type": "Feature", "properties": { "crs": 0.1908, "risk_tier": "low", "colour": "#69F0AE" }, "geometry": { "type": "Point", "coordinates": [ 7.2, 4.64 ] } },
{ "type": "Feature", "properties": { "crs": 0.218, "risk_tier": "low", "colour": "#69F0AE" }, "geometry": { "type": "Point", "coordinates": [ 7.21, 4.64 ] } },
{ "type": "Feature", "properties": { "crs": 0.2167, "risk_tier": "low", "colour": "#69F0AE" }, "geometry": { "type": "Point", "coordinates": [ 7.22, 4.64 ] } },
{ "type": "Feature", "properties": { "crs": 0.2153, "risk_tier": "low", "colour": "#69F0AE" }, "geometry": { "type": "Point", "coordinates": [ 7.23, 4.64 ] } },
{ "type": "Feature", "properties": { "crs": 0.2154, "risk_tier": "low", "colour": "#69F0AE" }, "geometry": { "type": "Point", "coordinates": [ 7.24, 4.64 ] } },
{ "type": "Feature", "properties": { "crs": 0.2154, "risk_tier": "low", "colour": "#69F0AE" }, "geometry": { "type": "Point", "coordinates": [ 7.25, 4.64 ] } },
{ "type": "Feature", "properties": { "crs": 0.2303, "risk_tier": "low", "colour": "#69F0AE" }, "geometry": { "type": "Point", "coordinates": [ 5.81, 4.65 ] } },
{ "type": "Feature", "properties": { "crs": 0.2551, "risk_tier": "medium", "colour": "#FFD600" }, "geometry": { "type": "Point", "coordinates": [ 5.82, 4.65 ] } },
{ "type": "Feature", "properties": { "crs": 0.2551, "risk_tier": "medium", "colour": "#FFD600" }, "geometry": { "type": "Point", "coordinates": [ 5.83, 4.65 ] } },
{ "type": "Feature", "properties": { "crs": 0.2347, "risk_tier": "low", "colour": "#69F0AE" }, "geometry": { "type": "Point", "coordinates": [ 5.84, 4.65 ] } },
{ "type": "Feature", "properties": { "crs": 0.2551, "risk_tier": "medium", "colour": "#FFD600" }, "geometry": { "type": "Point", "coordinates": [ 5.85, 4.65 ] } },
{ "type": "Feature", "properties": { "crs": 0.2574, "risk_tier": "medium", "colour": "#FFD600" }, "geometry": { "type": "Point", "coordinates": [ 5.86, 4.65 ] } },
{ "type": "Feature", "properties": { "crs": 0.2554, "risk_tier": "medium", "colour": "#FFD600" }, "geometry": { "type": "Point", "coordinates": [ 5.87, 4.65 ] } },
{ "type": "Feature", "properties": { "crs": 0.2372, "risk_tier": "low", "colour": "#69F0AE" }, "geometry": { "type": "Point", "coordinates": [ 5.88, 4.65 ] } },
{ "type": "Feature", "properties": { "crs": 0.2309, "risk_tier": "low", "colour": "#69F0AE" }, "geometry": { "type": "Point", "coordinates": [ 5.89, 4.65 ] } },
{ "type": "Feature", "properties": { "crs": 0.2429, "risk_tier": "low", "colour": "#69F0AE" }, "geometry": { "type": "Point", "coordinates": [ 5.9, 4.65 ] } },
{ "type": "Feature", "properties": { "crs": 0.3163, "risk_tier": "medium", "colour": "#FFD600" }, "geometry": { "type": "Point", "coordinates": [ 5.91, 4.65 ] } },
{ "type": "Feature", "properties": { "crs": 0.3163, "risk_tier": "medium", "colour": "#FFD600" }, "geometry": { "type": "Point", "coordinates": [ 5.92, 4.65 ] } },
{ "type": "Feature", "properties": { "crs": 0.3009, "risk_tier": "medium", "colour": "#FFD600" }, "geometry": { "type": "Point", "coordinates": [ 5.93, 4.65 ] } },
{ "type": "Feature", "properties": { "crs": 0.3009, "risk_tier": "medium", "colour": "#FFD600" }, "geometry": { "type": "Point", "coordinates": [ 5.94, 4.65 ] } },
{ "type": "Feature", "properties": { "crs": 0.3046, "risk_tier": "medium", "colour": "#FFD600" }, "geometry": { "type": "Point", "coordinates": [ 5.95, 4.65 ] } },
{ "type": "Feature", "properties": { "crs": 0.3162, "risk_tier": "medium", "colour": "#FFD600" }, "geometry": { "type": "Point", "coordinates": [ 5.96, 4.65 ] } },
{ "type": "Feature", "properties": { "crs": 0.3002, "risk_tier": "medium", "colour": "#FFD600" }, "geometry": { "type": "Point", "coordinates": [ 5.97, 4.65 ] } },
{ "type": "Feature", "properties": { "crs": 0.3001, "risk_tier": "medium", "colour": "#FFD600" }, "geometry": { "type": "Point", "coordinates": [ 5.98, 4.65 ] } },
{ "type": "Feature", "properties": { "crs": 0.3001, "risk_tier": "medium", "colour": "#FFD600" }, "geometry": { "type": "Point", "coordinates": [ 5.99, 4.65 ] } },
{ "type": "Feature", "properties": { "crs": 0.2363, "risk_tier": "low", "colour": "#69F0AE" }, "geometry": { "type": "Point", "coordinates": [ 6.0, 4.65 ] } },
{ "type": "Feature", "properties": { "crs": 0.2308, "risk_tier": "low", "colour": "#69F0AE" }, "geometry": { "type": "Point", "coordinates": [ 6.01, 4.65 ] } },
{ "type": "Feature", "properties": { "crs": 0.2372, "risk_tier": "low", "colour": "#69F0AE" }, "geometry": { "type": "Point", "coordinates": [ 6.02, 4.65 ] } },
{ "type": "Feature", "properties": { "crs": 0.2176, "risk_tier": "low", "colour": "#69F0AE" }, "geometry": { "type": "Point", "coordinates": [ 6.03, 4.65 ] } },
{ "type": "Feature", "properties": { "crs": 0.2176, "risk_tier": "low", "colour": "#69F0AE" }, "geometry": { "type": "Point", "coordinates": [ 6.04, 4.65 ] } },
{ "type": "Feature", "properties": { "crs": 0.2175, "risk_tier": "low", "colour": "#69F0AE" }, "geometry": { "type": "Point", "coordinates": [ 6.05, 4.65 ] } },
{ "type": "Feature", "properties": { "crs": 0.1833, "risk_tier": "low", "colour": "#69F0AE" }, "geometry": { "type": "Point", "coordinates": [ 6.22, 4.65 ] } },
{ "type": "Feature", "properties": { "crs": 0.1833, "risk_tier": "low", "colour": "#69F0AE" }, "geometry": { "type": "Point", "coordinates": [ 6.23, 4.65 ] } },
{ "type": "Feature", "properties": { "crs": 0.1838, "risk_tier": "low", "colour": "#69F0AE" }, "geometry": { "type": "Point", "coordinates": [ 6.24, 4.65 ] } },
{ "type": "Feature", "properties": { "crs": 0.2278, "risk_tier": "low", "colour": "#69F0AE" }, "geometry": { "type": "Point", "coordinates": [ 7.2, 4.65 ] } },
{ "type": "Feature", "properties": { "crs": 0.2153, "risk_tier": "low", "colour": "#69F0AE" }, "geometry": { "type": "Point", "coordinates": [ 7.21, 4.65 ] } },
{ "type": "Feature", "properties": { "crs": 0.2154, "risk_tier": "low", "colour": "#69F0AE" }, "geometry": { "type": "Point", "coordinates": [ 7.22, 4.65 ] } },
{ "type": "Feature", "properties": { "crs": 0.2154, "risk_tier": "low", "colour": "#69F0AE" }, "geometry": { "type": "Point", "coordinates": [ 7.23, 4.65 ] } },
{ "type": "Feature", "properties": { "crs": 0.2154, "risk_tier": "low", "colour": "#69F0AE" }, "geometry": { "type": "Point", "coordinates": [ 7.24, 4.65 ] } },
{ "type": "Feature", "properties": { "crs": 0.1746, "risk_tier": "low", "colour": "#69F0AE" }, "geometry": { "type": "Point", "coordinates": [ 7.25, 4.65 ] } },
{ "type": "Feature", "properties": { "crs": 0.203, "risk_tier": "low", "colour": "#69F0AE" }, "geometry": { "type": "Point", "coordinates": [ 7.26, 4.65 ] } },
{ "type": "Feature", "properties": { "crs": 0.2295, "risk_tier": "low", "colour": "#69F0AE" }, "geometry": { "type": "Point", "coordinates": [ 5.79, 4.66 ] } },
{ "type": "Feature", "properties": { "crs": 0.2342, "risk_tier": "low", "colour": "#69F0AE" }, "geometry": { "type": "Point", "coordinates": [ 5.8, 4.66 ] } },
{ "type": "Feature", "properties": { "crs": 0.235, "risk_tier": "low", "colour": "#69F0AE" }, "geometry": { "type": "Point", "coordinates": [ 5.81, 4.66 ] } },
{ "type": "Feature", "properties": { "crs": 0.2551, "risk_tier": "medium", "colour": "#FFD600" }, "geometry": { "type": "Point", "coordinates": [ 5.82, 4.66 ] } },
{ "type": "Feature", "properties": { "crs": 0.2609, "risk_tier": "medium", "colour": "#FFD600" }, "geometry": { "type": "Point", "coordinates": [ 5.83, 4.66 ] } },
{ "type": "Feature", "properties": { "crs": 0.2543, "risk_tier": "medium", "colour": "#FFD600" }, "geometry": { "type": "Point", "coordinates": [ 5.84, 4.66 ] } },
{ "type": "Feature", "properties": { "crs": 0.2532, "risk_tier": "medium", "colour": "#FFD600" }, "geometry": { "type": "Point", "coordinates": [ 5.85, 4.66 ] } },
{ "type": "Feature", "properties": { "crs": 0.2555, "risk_tier": "medium", "colour": "#FFD600" }, "geometry": { "type": "Point", "coordinates": [ 5.86, 4.66 ] } },
{ "type": "Feature", "properties": { "crs": 0.2565, "risk_tier": "medium", "colour": "#FFD600" }, "geometry": { "type": "Point", "coordinates": [ 5.87, 4.66 ] } },
{ "type": "Feature", "properties": { "crs": 0.2309, "risk_tier": "low", "colour": "#69F0AE" }, "geometry": { "type": "Point", "coordinates": [ 5.88, 4.66 ] } },
{ "type": "Feature", "properties": { "crs": 0.2309, "risk_tier": "low", "colour": "#69F0AE" }, "geometry": { "type": "Point", "coordinates": [ 5.89, 4.66 ] } },
{ "type": "Feature", "properties": { "crs": 0.2343, "risk_tier": "low", "colour": "#69F0AE" }, "geometry": { "type": "Point", "coordinates": [ 5.9, 4.66 ] } },
{ "type": "Feature", "properties": { "crs": 0.3163, "risk_tier": "medium", "colour": "#FFD600" }, "geometry": { "type": "Point", "coordinates": [ 5.91, 4.66 ] } },
{ "type": "Feature", "properties": { "crs": 0.3163, "risk_tier": "medium", "colour": "#FFD600" }, "geometry": { "type": "Point", "coordinates": [ 5.92, 4.66 ] } },
{ "type": "Feature", "properties": { "crs": 0.3009, "risk_tier": "medium", "colour": "#FFD600" }, "geometry": { "type": "Point", "coordinates": [ 5.93, 4.66 ] } },
{ "type": "Feature", "properties": { "crs": 0.3008, "risk_tier": "medium", "colour": "#FFD600" }, "geometry": { "type": "Point", "coordinates": [ 5.94, 4.66 ] } },
{ "type": "Feature", "properties": { "crs": 0.3008, "risk_tier": "medium", "colour": "#FFD600" }, "geometry": { "type": "Point", "coordinates": [ 5.95, 4.66 ] } },
{ "type": "Feature", "properties": { "crs": 0.3155, "risk_tier": "medium", "colour": "#FFD600" }, "geometry": { "type": "Point", "coordinates": [ 5.96, 4.66 ] } },
{ "type": "Feature", "properties": { "crs": 0.3001, "risk_tier": "medium", "colour": "#FFD600" }, "geometry": { "type": "Point", "coordinates": [ 5.97, 4.66 ] } },
{ "type": "Feature", "properties": { "crs": 0.3001, "risk_tier": "medium", "colour": "#FFD600" }, "geometry": { "type": "Point", "coordinates": [ 5.98, 4.66 ] } },
{ "type": "Feature", "properties": { "crs": 0.3001, "risk_tier": "medium", "colour": "#FFD600" }, "geometry": { "type": "Point", "coordinates": [ 5.99, 4.66 ] } },
{ "type": "Feature", "properties": { "crs": 0.3029, "risk_tier": "medium", "colour": "#FFD600" }, "geometry": { "type": "Point", "coordinates": [ 6.0, 4.66 ] } },
{ "type": "Feature", "properties": { "crs": 0.2308, "risk_tier": "low", "colour": "#69F0AE" }, "geometry": { "type": "Point", "coordinates": [ 6.01, 4.66 ] } },
{ "type": "Feature", "properties": { "crs": 0.2426, "risk_tier": "low", "colour": "#69F0AE" }, "geometry": { "type": "Point", "coordinates": [ 6.02, 4.66 ] } },
{ "type": "Feature", "properties": { "crs": 0.2372, "risk_tier": "low", "colour": "#69F0AE" }, "geometry": { "type": "Point", "coordinates": [ 6.03, 4.66 ] } },
{ "type": "Feature", "properties": { "crs": 0.2372, "risk_tier": "low", "colour": "#69F0AE" }, "geometry": { "type": "Point", "coordinates": [ 6.04, 4.66 ] } },
{ "type": "Feature", "properties": { "crs": 0.2175, "risk_tier": "low", "colour": "#69F0AE" }, "geometry": { "type": "Point", "coordinates": [ 6.05, 4.66 ] } },
{ "type": "Feature", "properties": { "crs": 0.1514, "risk_tier": "low", "colour": "#69F0AE" }, "geometry": { "type": "Point", "coordinates": [ 7.05, 4.66 ] } },
{ "type": "Feature", "properties": { "crs": 0.1512, "risk_tier": "low", "colour": "#69F0AE" }, "geometry": { "type": "Point", "coordinates": [ 7.06, 4.66 ] } },
{ "type": "Feature", "properties": { "crs": 0.1587, "risk_tier": "low", "colour": "#69F0AE" }, "geometry": { "type": "Point", "coordinates": [ 7.07, 4.66 ] } },
{ "type": "Feature", "properties": { "crs": 0.3757, "risk_tier": "medium", "colour": "#FFD600" }, "geometry": { "type": "Point", "coordinates": [ 7.1, 4.66 ] } },
{ "type": "Feature", "properties": { "crs": 0.3055, "risk_tier": "medium", "colour": "#FFD600" }, "geometry": { "type": "Point", "coordinates": [ 7.11, 4.66 ] } },
{ "type": "Feature", "properties": { "crs": 0.3155, "risk_tier": "medium", "colour": "#FFD600" }, "geometry": { "type": "Point", "coordinates": [ 7.12, 4.66 ] } },
{ "type": "Feature", "properties": { "crs": 0.1732, "risk_tier": "low", "colour": "#69F0AE" }, "geometry": { "type": "Point", "coordinates": [ 7.15, 4.66 ] } },
{ "type": "Feature", "properties": { "crs": 0.1531, "risk_tier": "low", "colour": "#69F0AE" }, "geometry": { "type": "Point", "coordinates": [ 7.16, 4.66 ] } },
{ "type": "Feature", "properties": { "crs": 0.1628, "risk_tier": "low", "colour": "#69F0AE" }, "geometry": { "type": "Point", "coordinates": [ 7.19, 4.66 ] } },
{ "type": "Feature", "properties": { "crs": 0.2143, "risk_tier": "low", "colour": "#69F0AE" }, "geometry": { "type": "Point", "coordinates": [ 7.2, 4.66 ] } },
{ "type": "Feature", "properties": { "crs": 0.2154, "risk_tier": "low", "colour": "#69F0AE" }, "geometry": { "type": "Point", "coordinates": [ 7.21, 4.66 ] } },
{ "type": "Feature", "properties": { "crs": 0.2154, "risk_tier": "low", "colour": "#69F0AE" }, "geometry": { "type": "Point", "coordinates": [ 7.22, 4.66 ] } },
{ "type": "Feature", "properties": { "crs": 0.2154, "risk_tier": "low", "colour": "#69F0AE" }, "geometry": { "type": "Point", "coordinates": [ 7.23, 4.66 ] } },
{ "type": "Feature", "properties": { "crs": 0.1744, "risk_tier": "low", "colour": "#69F0AE" }, "geometry": { "type": "Point", "coordinates": [ 7.24, 4.66 ] } },
{ "type": "Feature", "properties": { "crs": 0.1738, "risk_tier": "low", "colour": "#69F0AE" }, "geometry": { "type": "Point", "coordinates": [ 7.25, 4.66 ] } },
{ "type": "Feature", "properties": { "crs": 0.1802, "risk_tier": "low", "colour": "#69F0AE" }, "geometry": { "type": "Point", "coordinates": [ 7.26, 4.66 ] } },
{ "type": "Feature", "properties": { "crs": 0.2018, "risk_tier": "low", "colour": "#69F0AE" }, "geometry": { "type": "Point", "coordinates": [ 5.78, 4.67 ] } },
{ "type": "Feature", "properties": { "crs": 0.2343, "risk_tier": "low", "colour": "#69F0AE" }, "geometry": { "type": "Point", "coordinates": [ 5.79, 4.67 ] } },
{ "type": "Feature", "properties": { "crs": 0.2341, "risk_tier": "low", "colour": "#69F0AE" }, "geometry": { "type": "Point", "coordinates": [ 5.8, 4.67 ] } },
{ "type": "Feature", "properties": { "crs": 0.2611, "risk_tier": "medium", "colour": "#FFD600" }, "geometry": { "type": "Point", "coordinates": [ 5.81, 4.67 ] } },
{ "type": "Feature", "properties": { "crs": 0.261, "risk_tier": "medium", "colour": "#FFD600" }, "geometry": { "type": "Point", "coordinates": [ 5.82, 4.67 ] } },
{ "type": "Feature", "properties": { "crs": 0.2532, "risk_tier": "medium", "colour": "#FFD600" }, "geometry": { "type": "Point", "coordinates": [ 5.83, 4.67 ] } },
{ "type": "Feature", "properties": { "crs": 0.2533, "risk_tier": "medium", "colour": "#FFD600" }, "geometry": { "type": "Point", "coordinates": [ 5.84, 4.67 ] } },
{ "type": "Feature", "properties": { "crs": 0.2533, "risk_tier": "medium", "colour": "#FFD600" }, "geometry": { "type": "Point", "coordinates": [ 5.85, 4.67 ] } },
{ "type": "Feature", "properties": { "crs": 0.2533, "risk_tier": "medium", "colour": "#FFD600" }, "geometry": { "type": "Point", "coordinates": [ 5.86, 4.67 ] } },
{ "type": "Feature", "properties": { "crs": 0.249, "risk_tier": "low", "colour": "#69F0AE" }, "geometry": { "type": "Point", "coordinates": [ 5.87, 4.67 ] } },
{ "type": "Feature", "properties": { "crs": 0.3009, "risk_tier": "medium", "colour": "#FFD600" }, "geometry": { "type": "Point", "coordinates": [ 5.88, 4.67 ] } },
{ "type": "Feature", "properties": { "crs": 0.2309, "risk_tier": "low", "colour": "#69F0AE" }, "geometry": { "type": "Point", "coordinates": [ 5.89, 4.67 ] } },
{ "type": "Feature", "properties": { "crs": 0.3204, "risk_tier": "medium", "colour": "#FFD600" }, "geometry": { "type": "Point", "coordinates": [ 5.9, 4.67 ] } },
{ "type": "Feature", "properties": { "crs": 0.3163, "risk_tier": "medium", "colour": "#FFD600" }, "geometry": { "type": "Point", "coordinates": [ 5.91, 4.67 ] } },
{ "type": "Feature", "properties": { "crs": 0.3046, "risk_tier": "medium", "colour": "#FFD600" }, "geometry": { "type": "Point", "coordinates": [ 5.92, 4.67 ] } },
{ "type": "Feature", "properties": { "crs": 0.3008, "risk_tier": "medium", "colour": "#FFD600" }, "geometry": { "type": "Point", "coordinates": [ 5.93, 4.67 ] } },
{ "type": "Feature", "properties": { "crs": 0.3008, "risk_tier": "medium", "colour": "#FFD600" }, "geometry": { "type": "Point", "coordinates": [ 5.94, 4.67 ] } },
{ "type": "Feature", "properties": { "crs": 0.3002, "risk_tier": "medium", "colour": "#FFD600" }, "geometry": { "type": "Point", "coordinates": [ 5.95, 4.67 ] } },
{ "type": "Feature", "properties": { "crs": 0.3155, "risk_tier": "medium", "colour": "#FFD600" }, "geometry": { "type": "Point", "coordinates": [ 5.96, 4.67 ] } },
{ "type": "Feature", "properties": { "crs": 0.3001, "risk_tier": "medium", "colour": "#FFD600" }, "geometry": { "type": "Point", "coordinates": [ 5.97, 4.67 ] } },
{ "type": "Feature", "properties": { "crs": 0.3001, "risk_tier": "medium", "colour": "#FFD600" }, "geometry": { "type": "Point", "coordinates": [ 5.98, 4.67 ] } },
{ "type": "Feature", "properties": { "crs": 0.3, "risk_tier": "medium", "colour": "#FFD600" }, "geometry": { "type": "Point", "coordinates": [ 5.99, 4.67 ] } },
{ "type": "Feature", "properties": { "crs": 0.3, "risk_tier": "medium", "colour": "#FFD600" }, "geometry": { "type": "Point", "coordinates": [ 6.0, 4.67 ] } },
{ "type": "Feature", "properties": { "crs": 0.3028, "risk_tier": "medium", "colour": "#FFD600" }, "geometry": { "type": "Point", "coordinates": [ 6.01, 4.67 ] } },
{ "type": "Feature", "properties": { "crs": 0.2299, "risk_tier": "low", "colour": "#69F0AE" }, "geometry": { "type": "Point", "coordinates": [ 6.02, 4.67 ] } },
{ "type": "Feature", "properties": { "crs": 0.2361, "risk_tier": "low", "colour": "#69F0AE" }, "geometry": { "type": "Point", "coordinates": [ 6.03, 4.67 ] } },
{ "type": "Feature", "properties": { "crs": 0.2545, "risk_tier": "medium", "colour": "#FFD600" }, "geometry": { "type": "Point", "coordinates": [ 6.04, 4.67 ] } },
{ "type": "Feature", "properties": { "crs": 0.2372, "risk_tier": "low", "colour": "#69F0AE" }, "geometry": { "type": "Point", "coordinates": [ 6.05, 4.67 ] } },
{ "type": "Feature", "properties": { "crs": 0.2175, "risk_tier": "low", "colour": "#69F0AE" }, "geometry": { "type": "Point", "coordinates": [ 6.06, 4.67 ] } },
{ "type": "Feature", "properties": { "crs": 0.3574, "risk_tier": "medium", "colour": "#FFD600" }, "geometry": { "type": "Point", "coordinates": [ 7.07, 4.67 ] } },
{ "type": "Feature", "properties": { "crs": 0.3675, "risk_tier": "medium", "colour": "#FFD600" }, "geometry": { "type": "Point", "coordinates": [ 7.08, 4.67 ] } },
{ "type": "Feature", "properties": { "crs": 0.3598, "risk_tier": "medium", "colour": "#FFD600" }, "geometry": { "type": "Point", "coordinates": [ 7.09, 4.67 ] } },
{ "type": "Feature", "properties": { "crs": 0.4922, "risk_tier": "medium", "colour": "#FFD600" }, "geometry": { "type": "Point", "coordinates": [ 7.1, 4.67 ] } },
{ "type": "Feature", "properties": { "crs": 0.4045, "risk_tier": "medium", "colour": "#FFD600" }, "geometry": { "type": "Point", "coordinates": [ 7.11, 4.67 ] } },
{ "type": "Feature", "properties": { "crs": 0.3709, "risk_tier": "medium", "colour": "#FFD600" }, "geometry": { "type": "Point", "coordinates": [ 7.12, 4.67 ] } },
{ "type": "Feature", "properties": { "crs": 0.3708, "risk_tier": "medium", "colour": "#FFD600" }, "geometry": { "type": "Point", "coordinates": [ 7.13, 4.67 ] } },
{ "type": "Feature", "properties": { "crs": 0.1687, "risk_tier": "low", "colour": "#69F0AE" }, "geometry": { "type": "Point", "coordinates": [ 7.14, 4.67 ] } },
{ "type": "Feature", "properties": { "crs": 0.1944, "risk_tier": "low", "colour": "#69F0AE" }, "geometry": { "type": "Point", "coordinates": [ 7.15, 4.67 ] } },
{ "type": "Feature", "properties": { "crs": 0.155, "risk_tier": "low", "colour": "#69F0AE" }, "geometry": { "type": "Point", "coordinates": [ 7.16, 4.67 ] } },
{ "type": "Feature", "properties": { "crs": 0.1701, "risk_tier": "low", "colour": "#69F0AE" }, "geometry": { "type": "Point", "coordinates": [ 7.18, 4.67 ] } },
{ "type": "Feature", "properties": { "crs": 0.1724, "risk_tier": "low", "colour": "#69F0AE" }, "geometry": { "type": "Point", "coordinates": [ 7.19, 4.67 ] } },
{ "type": "Feature", "properties": { "crs": 0.2318, "risk_tier": "low", "colour": "#69F0AE" }, "geometry": { "type": "Point", "coordinates": [ 7.2, 4.67 ] } },
{ "type": "Feature", "properties": { "crs": 0.2154, "risk_tier": "low", "colour": "#69F0AE" }, "geometry": { "type": "Point", "coordinates": [ 7.21, 4.67 ] } },
{ "type": "Feature", "properties": { "crs": 0.2074, "risk_tier": "low", "colour": "#69F0AE" }, "geometry": { "type": "Point", "coordinates": [ 7.22, 4.67 ] } },
{ "type": "Feature", "properties": { "crs": 0.1809, "risk_tier": "low", "colour": "#69F0AE" }, "geometry": { "type": "Point", "coordinates": [ 7.23, 4.67 ] } },
{ "type": "Feature", "properties": { "crs": 0.1732, "risk_tier": "low", "colour": "#69F0AE" }, "geometry": { "type": "Point", "coordinates": [ 7.24, 4.67 ] } },
{ "type": "Feature", "properties": { "crs": 0.1796, "risk_tier": "low", "colour": "#69F0AE" }, "geometry": { "type": "Point", "coordinates": [ 7.25, 4.67 ] } },
{ "type": "Feature", "properties": { "crs": 0.1793, "risk_tier": "low", "colour": "#69F0AE" }, "geometry": { "type": "Point", "coordinates": [ 7.26, 4.67 ] } },
{ "type": "Feature", "properties": { "crs": 0.2484, "risk_tier": "low", "colour": "#69F0AE" }, "geometry": { "type": "Point", "coordinates": [ 5.78, 4.68 ] } },
{ "type": "Feature", "properties": { "crs": 0.2546, "risk_tier": "medium", "colour": "#FFD600" }, "geometry": { "type": "Point", "coordinates": [ 5.79, 4.68 ] } },
{ "type": "Feature", "properties": { "crs": 0.2545, "risk_tier": "medium", "colour": "#FFD600" }, "geometry": { "type": "Point", "coordinates": [ 5.8, 4.68 ] } },
{ "type": "Feature", "properties": { "crs": 0.2553, "risk_tier": "medium", "colour": "#FFD600" }, "geometry": { "type": "Point", "coordinates": [ 5.81, 4.68 ] } },
{ "type": "Feature", "properties": { "crs": 0.2545, "risk_tier": "medium", "colour": "#FFD600" }, "geometry": { "type": "Point", "coordinates": [ 5.82, 4.68 ] } },
{ "type": "Feature", "properties": { "crs": 0.2469, "risk_tier": "low", "colour": "#69F0AE" }, "geometry": { "type": "Point", "coordinates": [ 5.83, 4.68 ] } },
{ "type": "Feature", "properties": { "crs": 0.2469, "risk_tier": "low", "colour": "#69F0AE" }, "geometry": { "type": "Point", "coordinates": [ 5.84, 4.68 ] } },
{ "type": "Feature", "properties": { "crs": 0.2468, "risk_tier": "low", "colour": "#69F0AE" }, "geometry": { "type": "Point", "coordinates": [ 5.85, 4.68 ] } },
{ "type": "Feature", "properties": { "crs": 0.2533, "risk_tier": "medium", "colour": "#FFD600" }, "geometry": { "type": "Point", "coordinates": [ 5.86, 4.68 ] } },
{ "type": "Feature", "properties": { "crs": 0.2468, "risk_tier": "low", "colour": "#69F0AE" }, "geometry": { "type": "Point", "coordinates": [ 5.87, 4.68 ] } },
{ "type": "Feature", "properties": { "crs": 0.3155, "risk_tier": "medium", "colour": "#FFD600" }, "geometry": { "type": "Point", "coordinates": [ 5.88, 4.68 ] } },
{ "type": "Feature", "properties": { "crs": 0.3046, "risk_tier": "medium", "colour": "#FFD600" }, "geometry": { "type": "Point", "coordinates": [ 5.89, 4.68 ] } },
{ "type": "Feature", "properties": { "crs": 0.3163, "risk_tier": "medium", "colour": "#FFD600" }, "geometry": { "type": "Point", "coordinates": [ 5.9, 4.68 ] } },
{ "type": "Feature", "properties": { "crs": 0.3162, "risk_tier": "medium", "colour": "#FFD600" }, "geometry": { "type": "Point", "coordinates": [ 5.91, 4.68 ] } },
{ "type": "Feature", "properties": { "crs": 0.3162, "risk_tier": "medium", "colour": "#FFD600" }, "geometry": { "type": "Point", "coordinates": [ 5.92, 4.68 ] } },
{ "type": "Feature", "properties": { "crs": 0.3045, "risk_tier": "medium", "colour": "#FFD600" }, "geometry": { "type": "Point", "coordinates": [ 5.93, 4.68 ] } },
{ "type": "Feature", "properties": { "crs": 0.3162, "risk_tier": "medium", "colour": "#FFD600" }, "geometry": { "type": "Point", "coordinates": [ 5.94, 4.68 ] } },
{ "type": "Feature", "properties": { "crs": 0.3001, "risk_tier": "medium", "colour": "#FFD600" }, "geometry": { "type": "Point", "coordinates": [ 5.95, 4.68 ] } },
{ "type": "Feature", "properties": { "crs": 0.3155, "risk_tier": "medium", "colour": "#FFD600" }, "geometry": { "type": "Point", "coordinates": [ 5.96, 4.68 ] } },
{ "type": "Feature", "properties": { "crs": 0.3038, "risk_tier": "medium", "colour": "#FFD600" }, "geometry": { "type": "Point", "coordinates": [ 5.97, 4.68 ] } },
{ "type": "Feature", "properties": { "crs": 0.3001, "risk_tier": "medium", "colour": "#FFD600" }, "geometry": { "type": "Point", "coordinates": [ 5.98, 4.68 ] } },
{ "type": "Feature", "properties": { "crs": 0.3, "risk_tier": "medium", "colour": "#FFD600" }, "geometry": { "type": "Point", "coordinates": [ 5.99, 4.68 ] } },
{ "type": "Feature", "properties": { "crs": 0.3, "risk_tier": "medium", "colour": "#FFD600" }, "geometry": { "type": "Point", "coordinates": [ 6.0, 4.68 ] } },
{ "type": "Feature", "properties": { "crs": 0.3, "risk_tier": "medium", "colour": "#FFD600" }, "geometry": { "type": "Point", "coordinates": [ 6.01, 4.68 ] } },
{ "type": "Feature", "properties": { "crs": 0.2299, "risk_tier": "low", "colour": "#69F0AE" }, "geometry": { "type": "Point", "coordinates": [ 6.02, 4.68 ] } },
{ "type": "Feature", "properties": { "crs": 0.2299, "risk_tier": "low", "colour": "#69F0AE" }, "geometry": { "type": "Point", "coordinates": [ 6.03, 4.68 ] } },
{ "type": "Feature", "properties": { "crs": 0.2362, "risk_tier": "low", "colour": "#69F0AE" }, "geometry": { "type": "Point", "coordinates": [ 6.04, 4.68 ] } },
{ "type": "Feature", "properties": { "crs": 0.2545, "risk_tier": "medium", "colour": "#FFD600" }, "geometry": { "type": "Point", "coordinates": [ 6.05, 4.68 ] } },
{ "type": "Feature", "properties": { "crs": 0.2174, "risk_tier": "low", "colour": "#69F0AE" }, "geometry": { "type": "Point", "coordinates": [ 6.06, 4.68 ] } },
{ "type": "Feature", "properties": { "crs": 0.357, "risk_tier": "medium", "colour": "#FFD600" }, "geometry": { "type": "Point", "coordinates": [ 7.06, 4.68 ] } },
{ "type": "Feature", "properties": { "crs": 0.5274, "risk_tier": "high", "colour": "#FF6D00" }, "geometry": { "type": "Point", "coordinates": [ 7.07, 4.68 ] } },
{ "type": "Feature", "properties": { "crs": 0.5095, "risk_tier": "high", "colour": "#FF6D00" }, "geometry": { "type": "Point", "coordinates": [ 7.08, 4.68 ] } },
{ "type": "Feature", "properties": { "crs": 0.5189, "risk_tier": "high", "colour": "#FF6D00" }, "geometry": { "type": "Point", "coordinates": [ 7.09, 4.68 ] } },
{ "type": "Feature", "properties": { "crs": 0.5952, "risk_tier": "high", "colour": "#FF6D00" }, "geometry": { "type": "Point", "coordinates": [ 7.1, 4.68 ] } },
{ "type": "Feature", "properties": { "crs": 0.494, "risk_tier": "medium", "colour": "#FFD600" }, "geometry": { "type": "Point", "coordinates": [ 7.11, 4.68 ] } },
{ "type": "Feature", "properties": { "crs": 0.541, "risk_tier": "high", "colour": "#FF6D00" }, "geometry": { "type": "Point", "coordinates": [ 7.12, 4.68 ] } },
{ "type": "Feature", "properties": { "crs": 0.4786, "risk_tier": "medium", "colour": "#FFD600" }, "geometry": { "type": "Point", "coordinates": [ 7.13, 4.68 ] } },
{ "type": "Feature", "properties": { "crs": 0.5608, "risk_tier": "high", "colour": "#FF6D00" }, "geometry": { "type": "Point", "coordinates": [ 7.14, 4.68 ] } },
{ "type": "Feature", "properties": { "crs": 0.4901, "risk_tier": "medium", "colour": "#FFD600" }, "geometry": { "type": "Point", "coordinates": [ 7.15, 4.68 ] } },
{ "type": "Feature", "properties": { "crs": 0.1621, "risk_tier": "low", "colour": "#69F0AE" }, "geometry": { "type": "Point", "coordinates": [ 7.17, 4.68 ] } },
{ "type": "Feature", "properties": { "crs": 0.1643, "risk_tier": "low", "colour": "#69F0AE" }, "geometry": { "type": "Point", "coordinates": [ 7.18, 4.68 ] } },
{ "type": "Feature", "properties": { "crs": 0.1647, "risk_tier": "low", "colour": "#69F0AE" }, "geometry": { "type": "Point", "coordinates": [ 7.19, 4.68 ] } },
{ "type": "Feature", "properties": { "crs": 0.1616, "risk_tier": "low", "colour": "#69F0AE" }, "geometry": { "type": "Point", "coordinates": [ 7.2, 4.68 ] } },
{ "type": "Feature", "properties": { "crs": 0.2229, "risk_tier": "low", "colour": "#69F0AE" }, "geometry": { "type": "Point", "coordinates": [ 7.21, 4.68 ] } },
{ "type": "Feature", "properties": { "crs": 0.1803, "risk_tier": "low", "colour": "#69F0AE" }, "geometry": { "type": "Point", "coordinates": [ 7.22, 4.68 ] } },
{ "type": "Feature", "properties": { "crs": 0.1911, "risk_tier": "low", "colour": "#69F0AE" }, "geometry": { "type": "Point", "coordinates": [ 7.23, 4.68 ] } },
{ "type": "Feature", "properties": { "crs": 0.1637, "risk_tier": "low", "colour": "#69F0AE" }, "geometry": { "type": "Point", "coordinates": [ 7.24, 4.68 ] } },
{ "type": "Feature", "properties": { "crs": 0.1902, "risk_tier": "low", "colour": "#69F0AE" }, "geometry": { "type": "Point", "coordinates": [ 7.25, 4.68 ] } },
{ "type": "Feature", "properties": { "crs": 0.1989, "risk_tier": "low", "colour": "#69F0AE" }, "geometry": { "type": "Point", "coordinates": [ 7.26, 4.68 ] } },
{ "type": "Feature", "properties": { "crs": 0.2545, "risk_tier": "medium", "colour": "#FFD600" }, "geometry": { "type": "Point", "coordinates": [ 5.79, 4.69 ] } },
{ "type": "Feature", "properties": { "crs": 0.261, "risk_tier": "medium", "colour": "#FFD600" }, "geometry": { "type": "Point", "coordinates": [ 5.8, 4.69 ] } },
{ "type": "Feature", "properties": { "crs": 0.26, "risk_tier": "medium", "colour": "#FFD600" }, "geometry": { "type": "Point", "coordinates": [ 5.81, 4.69 ] } },
{ "type": "Feature", "properties": { "crs": 0.2534, "risk_tier": "medium", "colour": "#FFD600" }, "geometry": { "type": "Point", "coordinates": [ 5.82, 4.69 ] } },
{ "type": "Feature", "properties": { "crs": 0.2493, "risk_tier": "low", "colour": "#69F0AE" }, "geometry": { "type": "Point", "coordinates": [ 5.83, 4.69 ] } },
{ "type": "Feature", "properties": { "crs": 0.2468, "risk_tier": "low", "colour": "#69F0AE" }, "geometry": { "type": "Point", "coordinates": [ 5.84, 4.69 ] } },
{ "type": "Feature", "properties": { "crs": 0.2598, "risk_tier": "medium", "colour": "#FFD600" }, "geometry": { "type": "Point", "coordinates": [ 5.85, 4.69 ] } },
{ "type": "Feature", "properties": { "crs": 0.2503, "risk_tier": "medium", "colour": "#FFD600" }, "geometry": { "type": "Point", "coordinates": [ 5.86, 4.69 ] } },
{ "type": "Feature", "properties": { "crs": 0.313, "risk_tier": "medium", "colour": "#FFD600" }, "geometry": { "type": "Point", "coordinates": [ 5.87, 4.69 ] } },
{ "type": "Feature", "properties": { "crs": 0.3167, "risk_tier": "medium", "colour": "#FFD600" }, "geometry": { "type": "Point", "coordinates": [ 5.88, 4.69 ] } },
{ "type": "Feature", "properties": { "crs": 0.3269, "risk_tier": "medium", "colour": "#FFD600" }, "geometry": { "type": "Point", "coordinates": [ 5.89, 4.69 ] } },
{ "type": "Feature", "properties": { "crs": 0.3162, "risk_tier": "medium", "colour": "#FFD600" }, "geometry": { "type": "Point", "coordinates": [ 5.9, 4.69 ] } },
{ "type": "Feature", "properties": { "crs": 0.3008, "risk_tier": "medium", "colour": "#FFD600" }, "geometry": { "type": "Point", "coordinates": [ 5.91, 4.69 ] } },
{ "type": "Feature", "properties": { "crs": 0.3162, "risk_tier": "medium", "colour": "#FFD600" }, "geometry": { "type": "Point", "coordinates": [ 5.92, 4.69 ] } },
{ "type": "Feature", "properties": { "crs": 0.3162, "risk_tier": "medium", "colour": "#FFD600" }, "geometry": { "type": "Point", "coordinates": [ 5.93, 4.69 ] } },
{ "type": "Feature", "properties": { "crs": 0.3155, "risk_tier": "medium", "colour": "#FFD600" }, "geometry": { "type": "Point", "coordinates": [ 5.94, 4.69 ] } },
{ "type": "Feature", "properties": { "crs": 0.3231, "risk_tier": "medium", "colour": "#FFD600" }, "geometry": { "type": "Point", "coordinates": [ 5.95, 4.69 ] } },
{ "type": "Feature", "properties": { "crs": 0.3386, "risk_tier": "medium", "colour": "#FFD600" }, "geometry": { "type": "Point", "coordinates": [ 5.96, 4.69 ] } },
{ "type": "Feature", "properties": { "crs": 0.3153, "risk_tier": "medium", "colour": "#FFD600" }, "geometry": { "type": "Point", "coordinates": [ 5.97, 4.69 ] } },
{ "type": "Feature", "properties": { "crs": 0.3153, "risk_tier": "medium", "colour": "#FFD600" }, "geometry": { "type": "Point", "coordinates": [ 5.98, 4.69 ] } },
{ "type": "Feature", "properties": { "crs": 0.323, "risk_tier": "medium", "colour": "#FFD600" }, "geometry": { "type": "Point", "coordinates": [ 5.99, 4.69 ] } },
{ "type": "Feature", "properties": { "crs": 0.3, "risk_tier": "medium", "colour": "#FFD600" }, "geometry": { "type": "Point", "coordinates": [ 6.0, 4.69 ] } },
{ "type": "Feature", "properties": { "crs": 0.3, "risk_tier": "medium", "colour": "#FFD600" }, "geometry": { "type": "Point", "coordinates": [ 6.01, 4.69 ] } },
{ "type": "Feature", "properties": { "crs": 0.2999, "risk_tier": "medium", "colour": "#FFD600" }, "geometry": { "type": "Point", "coordinates": [ 6.02, 4.69 ] } },
{ "type": "Feature", "properties": { "crs": 0.2299, "risk_tier": "low", "colour": "#69F0AE" }, "geometry": { "type": "Point", "coordinates": [ 6.03, 4.69 ] } },
{ "type": "Feature", "properties": { "crs": 0.248, "risk_tier": "low", "colour": "#69F0AE" }, "geometry": { "type": "Point", "coordinates": [ 6.04, 4.69 ] } },
{ "type": "Feature", "properties": { "crs": 0.2545, "risk_tier": "medium", "colour": "#FFD600" }, "geometry": { "type": "Point", "coordinates": [ 6.05, 4.69 ] } },
{ "type": "Feature", "properties": { "crs": 0.2555, "risk_tier": "medium", "colour": "#FFD600" }, "geometry": { "type": "Point", "coordinates": [ 6.06, 4.69 ] } },
{ "type": "Feature", "properties": { "crs": 0.4568, "risk_tier": "medium", "colour": "#FFD600" }, "geometry": { "type": "Point", "coordinates": [ 7.06, 4.69 ] } },
{ "type": "Feature", "properties": { "crs": 0.4951, "risk_tier": "medium", "colour": "#FFD600" }, "geometry": { "type": "Point", "coordinates": [ 7.07, 4.69 ] } },
{ "type": "Feature", "properties": { "crs": 0.498, "risk_tier": "medium", "colour": "#FFD600" }, "geometry": { "type": "Point", "coordinates": [ 7.08, 4.69 ] } },
{ "type": "Feature", "properties": { "crs": 0.5498, "risk_tier": "high", "colour": "#FF6D00" }, "geometry": { "type": "Point", "coordinates": [ 7.09, 4.69 ] } },
{ "type": "Feature", "properties": { "crs": 0.5861, "risk_tier": "high", "colour": "#FF6D00" }, "geometry": { "type": "Point", "coordinates": [ 7.1, 4.69 ] } },
{ "type": "Feature", "properties": { "crs": 0.5739, "risk_tier": "high", "colour": "#FF6D00" }, "geometry": { "type": "Point", "coordinates": [ 7.11, 4.69 ] } },
{ "type": "Feature", "properties": { "crs": 0.589, "risk_tier": "high", "colour": "#FF6D00" }, "geometry": { "type": "Point", "coordinates": [ 7.12, 4.69 ] } },
{ "type": "Feature", "properties": { "crs": 0.6733, "risk_tier": "high", "colour": "#FF6D00" }, "geometry": { "type": "Point", "coordinates": [ 7.13, 4.69 ] } },
{ "type": "Feature", "properties": { "crs": 0.6287, "risk_tier": "high", "colour": "#FF6D00" }, "geometry": { "type": "Point", "coordinates": [ 7.14, 4.69 ] } },
{ "type": "Feature", "properties": { "crs": 0.5461, "risk_tier": "high", "colour": "#FF6D00" }, "geometry": { "type": "Point", "coordinates": [ 7.15, 4.69 ] } },
{ "type": "Feature", "properties": { "crs": 0.4685, "risk_tier": "medium", "colour": "#FFD600" }, "geometry": { "type": "Point", "coordinates": [ 7.16, 4.69 ] } },
{ "type": "Feature", "properties": { "crs": 0.2982, "risk_tier": "medium", "colour": "#FFD600" }, "geometry": { "type": "Point", "coordinates": [ 7.17, 4.69 ] } },
{ "type": "Feature", "properties": { "crs": 0.1626, "risk_tier": "low", "colour": "#69F0AE" }, "geometry": { "type": "Point", "coordinates": [ 7.18, 4.69 ] } },
{ "type": "Feature", "properties": { "crs": 0.1684, "risk_tier": "low", "colour": "#69F0AE" }, "geometry": { "type": "Point", "coordinates": [ 7.19, 4.69 ] } },
{ "type": "Feature", "properties": { "crs": 0.1664, "risk_tier": "low", "colour": "#69F0AE" }, "geometry": { "type": "Point", "coordinates": [ 7.2, 4.69 ] } },
{ "type": "Feature", "properties": { "crs": 0.1928, "risk_tier": "low", "colour": "#69F0AE" }, "geometry": { "type": "Point", "coordinates": [ 7.24, 4.69 ] } },
{ "type": "Feature", "properties": { "crs": 0.1936, "risk_tier": "low", "colour": "#69F0AE" }, "geometry": { "type": "Point", "coordinates": [ 7.25, 4.69 ] } },
{ "type": "Feature", "properties": { "crs": 0.2338, "risk_tier": "low", "colour": "#69F0AE" }, "geometry": { "type": "Point", "coordinates": [ 5.79, 4.7 ] } },
{ "type": "Feature", "properties": { "crs": 0.2411, "risk_tier": "low", "colour": "#69F0AE" }, "geometry": { "type": "Point", "coordinates": [ 5.8, 4.7 ] } },
{ "type": "Feature", "properties": { "crs": 0.2465, "risk_tier": "low", "colour": "#69F0AE" }, "geometry": { "type": "Point", "coordinates": [ 5.81, 4.7 ] } },
{ "type": "Feature", "properties": { "crs": 0.2338, "risk_tier": "low", "colour": "#69F0AE" }, "geometry": { "type": "Point", "coordinates": [ 5.82, 4.7 ] } },
{ "type": "Feature", "properties": { "crs": 0.2338, "risk_tier": "low", "colour": "#69F0AE" }, "geometry": { "type": "Point", "coordinates": [ 5.83, 4.7 ] } },
{ "type": "Feature", "properties": { "crs": 0.2338, "risk_tier": "low", "colour": "#69F0AE" }, "geometry": { "type": "Point", "coordinates": [ 5.84, 4.7 ] } },
{ "type": "Feature", "properties": { "crs": 0.2467, "risk_tier": "low", "colour": "#69F0AE" }, "geometry": { "type": "Point", "coordinates": [ 5.85, 4.7 ] } },
{ "type": "Feature", "properties": { "crs": 0.2369, "risk_tier": "low", "colour": "#69F0AE" }, "geometry": { "type": "Point", "coordinates": [ 5.86, 4.7 ] } },
{ "type": "Feature", "properties": { "crs": 0.3008, "risk_tier": "medium", "colour": "#FFD600" }, "geometry": { "type": "Point", "coordinates": [ 5.87, 4.7 ] } },
{ "type": "Feature", "properties": { "crs": 0.315, "risk_tier": "medium", "colour": "#FFD600" }, "geometry": { "type": "Point", "coordinates": [ 5.88, 4.7 ] } },
{ "type": "Feature", "properties": { "crs": 0.315, "risk_tier": "medium", "colour": "#FFD600" }, "geometry": { "type": "Point", "coordinates": [ 5.89, 4.7 ] } },
{ "type": "Feature", "properties": { "crs": 0.3031, "risk_tier": "medium", "colour": "#FFD600" }, "geometry": { "type": "Point", "coordinates": [ 5.9, 4.7 ] } },
{ "type": "Feature", "properties": { "crs": 0.3068, "risk_tier": "medium", "colour": "#FFD600" }, "geometry": { "type": "Point", "coordinates": [ 5.91, 4.7 ] } },
{ "type": "Feature", "properties": { "crs": 0.3044, "risk_tier": "medium", "colour": "#FFD600" }, "geometry": { "type": "Point", "coordinates": [ 5.92, 4.7 ] } },
{ "type": "Feature", "properties": { "crs": 0.3268, "risk_tier": "medium", "colour": "#FFD600" }, "geometry": { "type": "Point", "coordinates": [ 5.93, 4.7 ] } },
{ "type": "Feature", "properties": { "crs": 0.3108, "risk_tier": "medium", "colour": "#FFD600" }, "geometry": { "type": "Point", "coordinates": [ 5.94, 4.7 ] } },
{ "type": "Feature", "properties": { "crs": 0.3108, "risk_tier": "medium", "colour": "#FFD600" }, "geometry": { "type": "Point", "coordinates": [ 5.95, 4.7 ] } },
{ "type": "Feature", "properties": { "crs": 0.3267, "risk_tier": "medium", "colour": "#FFD600" }, "geometry": { "type": "Point", "coordinates": [ 5.96, 4.7 ] } },
{ "type": "Feature", "properties": { "crs": 0.3267, "risk_tier": "medium", "colour": "#FFD600" }, "geometry": { "type": "Point", "coordinates": [ 5.97, 4.7 ] } },
{ "type": "Feature", "properties": { "crs": 0.3266, "risk_tier": "medium", "colour": "#FFD600" }, "geometry": { "type": "Point", "coordinates": [ 5.98, 4.7 ] } },
{ "type": "Feature", "properties": { "crs": 0.3107, "risk_tier": "medium", "colour": "#FFD600" }, "geometry": { "type": "Point", "coordinates": [ 5.99, 4.7 ] } },
{ "type": "Feature", "properties": { "crs": 0.2879, "risk_tier": "medium", "colour": "#FFD600" }, "geometry": { "type": "Point", "coordinates": [ 6.0, 4.7 ] } },
{ "type": "Feature", "properties": { "crs": 0.2878, "risk_tier": "medium", "colour": "#FFD600" }, "geometry": { "type": "Point", "coordinates": [ 6.01, 4.7 ] } },
{ "type": "Feature", "properties": { "crs": 0.2878, "risk_tier": "medium", "colour": "#FFD600" }, "geometry": { "type": "Point", "coordinates": [ 6.02, 4.7 ] } },
{ "type": "Feature", "properties": { "crs": 0.3035, "risk_tier": "medium", "colour": "#FFD600" }, "geometry": { "type": "Point", "coordinates": [ 6.03, 4.7 ] } },
{ "type": "Feature", "properties": { "crs": 0.3075, "risk_tier": "medium", "colour": "#FFD600" }, "geometry": { "type": "Point", "coordinates": [ 6.04, 4.7 ] } },
{ "type": "Feature", "properties": { "crs": 0.2347, "risk_tier": "low", "colour": "#69F0AE" }, "geometry": { "type": "Point", "coordinates": [ 6.05, 4.7 ] } },
{ "type": "Feature", "properties": { "crs": 0.242, "risk_tier": "low", "colour": "#69F0AE" }, "geometry": { "type": "Point", "coordinates": [ 6.06, 4.7 ] } },
{ "type": "Feature", "properties": { "crs": 0.2332, "risk_tier": "low", "colour": "#69F0AE" }, "geometry": { "type": "Point", "coordinates": [ 7.06, 4.7 ] } },
{ "type": "Feature", "properties": { "crs": 0.4045, "risk_tier": "medium", "colour": "#FFD600" }, "geometry": { "type": "Point", "coordinates": [ 7.07, 4.7 ] } },
{ "type": "Feature", "properties": { "crs": 0.4792, "risk_tier": "medium", "colour": "#FFD600" }, "geometry": { "type": "Point", "coordinates": [ 7.08, 4.7 ] } },
{ "type": "Feature", "properties": { "crs": 0.5118, "risk_tier": "high", "colour": "#FF6D00" }, "geometry": { "type": "Point", "coordinates": [ 7.09, 4.7 ] } },
{ "type": "Feature", "properties": { "crs": 0.6107, "risk_tier": "high", "colour": "#FF6D00" }, "geometry": { "type": "Point", "coordinates": [ 7.1, 4.7 ] } },
{ "type": "Feature", "properties": { "crs": 0.615, "risk_tier": "high", "colour": "#FF6D00" }, "geometry": { "type": "Point", "coordinates": [ 7.11, 4.7 ] } },
{ "type": "Feature", "properties": { "crs": 0.6207, "risk_tier": "high", "colour": "#FF6D00" }, "geometry": { "type": "Point", "coordinates": [ 7.12, 4.7 ] } },
{ "type": "Feature", "properties": { "crs": 0.6686, "risk_tier": "high", "colour": "#FF6D00" }, "geometry": { "type": "Point", "coordinates": [ 7.13, 4.7 ] } },
{ "type": "Feature", "properties": { "crs": 0.6932, "risk_tier": "high", "colour": "#FF6D00" }, "geometry": { "type": "Point", "coordinates": [ 7.14, 4.7 ] } },
{ "type": "Feature", "properties": { "crs": 0.7281, "risk_tier": "high", "colour": "#FF6D00" }, "geometry": { "type": "Point", "coordinates": [ 7.15, 4.7 ] } },
{ "type": "Feature", "properties": { "crs": 0.7185, "risk_tier": "high", "colour": "#FF6D00" }, "geometry": { "type": "Point", "coordinates": [ 7.16, 4.7 ] } },
{ "type": "Feature", "properties": { "crs": 0.4356, "risk_tier": "medium", "colour": "#FFD600" }, "geometry": { "type": "Point", "coordinates": [ 7.17, 4.7 ] } },
{ "type": "Feature", "properties": { "crs": 0.2282, "risk_tier": "low", "colour": "#69F0AE" }, "geometry": { "type": "Point", "coordinates": [ 7.18, 4.7 ] } },
{ "type": "Feature", "properties": { "crs": 0.1601, "risk_tier": "low", "colour": "#69F0AE" }, "geometry": { "type": "Point", "coordinates": [ 7.19, 4.7 ] } },
{ "type": "Feature", "properties": { "crs": 0.1659, "risk_tier": "low", "colour": "#69F0AE" }, "geometry": { "type": "Point", "coordinates": [ 7.2, 4.7 ] } },
{ "type": "Feature", "properties": { "crs": 0.165, "risk_tier": "low", "colour": "#69F0AE" }, "geometry": { "type": "Point", "coordinates": [ 7.21, 4.7 ] } },
{ "type": "Feature", "properties": { "crs": 0.24, "risk_tier": "low", "colour": "#69F0AE" }, "geometry": { "type": "Point", "coordinates": [ 5.79, 4.71 ] } },
{ "type": "Feature", "properties": { "crs": 0.24, "risk_tier": "low", "colour": "#69F0AE" }, "geometry": { "type": "Point", "coordinates": [ 5.8, 4.71 ] } },
{ "type": "Feature", "properties": { "crs": 0.2399, "risk_tier": "low", "colour": "#69F0AE" }, "geometry": { "type": "Point", "coordinates": [ 5.81, 4.71 ] } },
{ "type": "Feature", "properties": { "crs": 0.2336, "risk_tier": "low", "colour": "#69F0AE" }, "geometry": { "type": "Point", "coordinates": [ 5.82, 4.71 ] } },
{ "type": "Feature", "properties": { "crs": 0.2336, "risk_tier": "low", "colour": "#69F0AE" }, "geometry": { "type": "Point", "coordinates": [ 5.83, 4.71 ] } },
{ "type": "Feature", "properties": { "crs": 0.2336, "risk_tier": "low", "colour": "#69F0AE" }, "geometry": { "type": "Point", "coordinates": [ 5.84, 4.71 ] } },
{ "type": "Feature", "properties": { "crs": 0.2336, "risk_tier": "low", "colour": "#69F0AE" }, "geometry": { "type": "Point", "coordinates": [ 5.85, 4.71 ] } },
{ "type": "Feature", "properties": { "crs": 0.2367, "risk_tier": "low", "colour": "#69F0AE" }, "geometry": { "type": "Point", "coordinates": [ 5.86, 4.71 ] } },
{ "type": "Feature", "properties": { "crs": 0.3149, "risk_tier": "medium", "colour": "#FFD600" }, "geometry": { "type": "Point", "coordinates": [ 5.87, 4.71 ] } },
{ "type": "Feature", "properties": { "crs": 0.3148, "risk_tier": "medium", "colour": "#FFD600" }, "geometry": { "type": "Point", "coordinates": [ 5.88, 4.71 ] } },
{ "type": "Feature", "properties": { "crs": 0.303, "risk_tier": "medium", "colour": "#FFD600" }, "geometry": { "type": "Point", "coordinates": [ 5.89, 4.71 ] } },
{ "type": "Feature", "properties": { "crs": 0.3029, "risk_tier": "medium", "colour": "#FFD600" }, "geometry": { "type": "Point", "coordinates": [ 5.9, 4.71 ] } },
{ "type": "Feature", "properties": { "crs": 0.3029, "risk_tier": "medium", "colour": "#FFD600" }, "geometry": { "type": "Point", "coordinates": [ 5.91, 4.71 ] } },
{ "type": "Feature", "properties": { "crs": 0.3271, "risk_tier": "medium", "colour": "#FFD600" }, "geometry": { "type": "Point", "coordinates": [ 5.92, 4.71 ] } },
{ "type": "Feature", "properties": { "crs": 0.3144, "risk_tier": "medium", "colour": "#FFD600" }, "geometry": { "type": "Point", "coordinates": [ 5.93, 4.71 ] } },
{ "type": "Feature", "properties": { "crs": 0.3106, "risk_tier": "medium", "colour": "#FFD600" }, "geometry": { "type": "Point", "coordinates": [ 5.94, 4.71 ] } },
{ "type": "Feature", "properties": { "crs": 0.3106, "risk_tier": "medium", "colour": "#FFD600" }, "geometry": { "type": "Point", "coordinates": [ 5.95, 4.71 ] } },
{ "type": "Feature", "properties": { "crs": 0.3106, "risk_tier": "medium", "colour": "#FFD600" }, "geometry": { "type": "Point", "coordinates": [ 5.96, 4.71 ] } },
{ "type": "Feature", "properties": { "crs": 0.3264, "risk_tier": "medium", "colour": "#FFD600" }, "geometry": { "type": "Point", "coordinates": [ 5.97, 4.71 ] } },
{ "type": "Feature", "properties": { "crs": 0.3264, "risk_tier": "medium", "colour": "#FFD600" }, "geometry": { "type": "Point", "coordinates": [ 5.98, 4.71 ] } },
{ "type": "Feature", "properties": { "crs": 0.3264, "risk_tier": "medium", "colour": "#FFD600" }, "geometry": { "type": "Point", "coordinates": [ 5.99, 4.71 ] } },
{ "type": "Feature", "properties": { "crs": 0.3033, "risk_tier": "medium", "colour": "#FFD600" }, "geometry": { "type": "Point", "coordinates": [ 6.0, 4.71 ] } },
{ "type": "Feature", "properties": { "crs": 0.2913, "risk_tier": "medium", "colour": "#FFD600" }, "geometry": { "type": "Point", "coordinates": [ 6.01, 4.71 ] } },
{ "type": "Feature", "properties": { "crs": 0.3033, "risk_tier": "medium", "colour": "#FFD600" }, "geometry": { "type": "Point", "coordinates": [ 6.02, 4.71 ] } },
{ "type": "Feature", "properties": { "crs": 0.3138, "risk_tier": "medium", "colour": "#FFD600" }, "geometry": { "type": "Point", "coordinates": [ 6.03, 4.71 ] } },
{ "type": "Feature", "properties": { "crs": 0.3138, "risk_tier": "medium", "colour": "#FFD600" }, "geometry": { "type": "Point", "coordinates": [ 6.04, 4.71 ] } },
{ "type": "Feature", "properties": { "crs": 0.3019, "risk_tier": "medium", "colour": "#FFD600" }, "geometry": { "type": "Point", "coordinates": [ 6.05, 4.71 ] } },
{ "type": "Feature", "properties": { "crs": 0.2344, "risk_tier": "low", "colour": "#69F0AE" }, "geometry": { "type": "Point", "coordinates": [ 6.06, 4.71 ] } },
{ "type": "Feature", "properties": { "crs": 0.2219, "risk_tier": "low", "colour": "#69F0AE" }, "geometry": { "type": "Point", "coordinates": [ 6.07, 4.71 ] } },
{ "type": "Feature", "properties": { "crs": 0.1964, "risk_tier": "low", "colour": "#69F0AE" }, "geometry": { "type": "Point", "coordinates": [ 6.08, 4.71 ] } },
{ "type": "Feature", "properties": { "crs": 0.1867, "risk_tier": "low", "colour": "#69F0AE" }, "geometry": { "type": "Point", "coordinates": [ 6.09, 4.71 ] } },
{ "type": "Feature", "properties": { "crs": 0.1867, "risk_tier": "low", "colour": "#69F0AE" }, "geometry": { "type": "Point", "coordinates": [ 6.1, 4.71 ] } },
{ "type": "Feature", "properties": { "crs": 0.1847, "risk_tier": "low", "colour": "#69F0AE" }, "geometry": { "type": "Point", "coordinates": [ 6.11, 4.71 ] } },
{ "type": "Feature", "properties": { "crs": 0.2586, "risk_tier": "medium", "colour": "#FFD600" }, "geometry": { "type": "Point", "coordinates": [ 7.06, 4.71 ] } },
{ "type": "Feature", "properties": { "crs": 0.3008, "risk_tier": "medium", "colour": "#FFD600" }, "geometry": { "type": "Point", "coordinates": [ 7.07, 4.71 ] } },
{ "type": "Feature", "properties": { "crs": 0.3066, "risk_tier": "medium", "colour": "#FFD600" }, "geometry": { "type": "Point", "coordinates": [ 7.08, 4.71 ] } },
{ "type": "Feature", "properties": { "crs": 0.4618, "risk_tier": "medium", "colour": "#FFD600" }, "geometry": { "type": "Point", "coordinates": [ 7.09, 4.71 ] } },
{ "type": "Feature", "properties": { "crs": 0.5751, "risk_tier": "high", "colour": "#FF6D00" }, "geometry": { "type": "Point", "coordinates": [ 7.1, 4.71 ] } },
{ "type": "Feature", "properties": { "crs": 0.6719, "risk_tier": "high", "colour": "#FF6D00" }, "geometry": { "type": "Point", "coordinates": [ 7.11, 4.71 ] } },
{ "type": "Feature", "properties": { "crs": 0.7198, "risk_tier": "high", "colour": "#FF6D00" }, "geometry": { "type": "Point", "coordinates": [ 7.12, 4.71 ] } },
{ "type": "Feature", "properties": { "crs": 0.7634, "risk_tier": "critical", "colour": "#FF1744" }, "geometry": { "type": "Point", "coordinates": [ 7.13, 4.71 ] } },
{ "type": "Feature", "properties": { "crs": 0.7615, "risk_tier": "critical", "colour": "#FF1744" }, "geometry": { "type": "Point", "coordinates": [ 7.14, 4.71 ] } },
{ "type": "Feature", "properties": { "crs": 0.7324, "risk_tier": "high", "colour": "#FF6D00" }, "geometry": { "type": "Point", "coordinates": [ 7.15, 4.71 ] } },
{ "type": "Feature", "properties": { "crs": 0.6198, "risk_tier": "high", "colour": "#FF6D00" }, "geometry": { "type": "Point", "coordinates": [ 7.16, 4.71 ] } },
{ "type": "Feature", "properties": { "crs": 0.339, "risk_tier": "medium", "colour": "#FFD600" }, "geometry": { "type": "Point", "coordinates": [ 7.17, 4.71 ] } },
{ "type": "Feature", "properties": { "crs": 0.152, "risk_tier": "low", "colour": "#69F0AE" }, "geometry": { "type": "Point", "coordinates": [ 7.18, 4.71 ] } },
{ "type": "Feature", "properties": { "crs": 0.1511, "risk_tier": "low", "colour": "#69F0AE" }, "geometry": { "type": "Point", "coordinates": [ 7.2, 4.71 ] } },
{ "type": "Feature", "properties": { "crs": 0.1521, "risk_tier": "low", "colour": "#69F0AE" }, "geometry": { "type": "Point", "coordinates": [ 7.21, 4.71 ] } },
{ "type": "Feature", "properties": { "crs": 0.168, "risk_tier": "low", "colour": "#69F0AE" }, "geometry": { "type": "Point", "coordinates": [ 7.22, 4.71 ] } },
{ "type": "Feature", "properties": { "crs": 0.3226, "risk_tier": "medium", "colour": "#FFD600" }, "geometry": { "type": "Point", "coordinates": [ 5.79, 4.72 ] } },
{ "type": "Feature", "properties": { "crs": 0.3226, "risk_tier": "medium", "colour": "#FFD600" }, "geometry": { "type": "Point", "coordinates": [ 5.8, 4.72 ] } },
{ "type": "Feature", "properties": { "crs": 0.3225, "risk_tier": "medium", "colour": "#FFD600" }, "geometry": { "type": "Point", "coordinates": [ 5.81, 4.72 ] } },
{ "type": "Feature", "properties": { "crs": 0.3226, "risk_tier": "medium", "colour": "#FFD600" }, "geometry": { "type": "Point", "coordinates": [ 5.82, 4.72 ] } },
{ "type": "Feature", "properties": { "crs": 0.3225, "risk_tier": "medium", "colour": "#FFD600" }, "geometry": { "type": "Point", "coordinates": [ 5.83, 4.72 ] } },
{ "type": "Feature", "properties": { "crs": 0.3947, "risk_tier": "medium", "colour": "#FFD600" }, "geometry": { "type": "Point", "coordinates": [ 5.84, 4.72 ] } },
{ "type": "Feature", "properties": { "crs": 0.3263, "risk_tier": "medium", "colour": "#FFD600" }, "geometry": { "type": "Point", "coordinates": [ 5.85, 4.72 ] } },
{ "type": "Feature", "properties": { "crs": 0.3378, "risk_tier": "medium", "colour": "#FFD600" }, "geometry": { "type": "Point", "coordinates": [ 5.86, 4.72 ] } },
{ "type": "Feature", "properties": { "crs": 0.3903, "risk_tier": "medium", "colour": "#FFD600" }, "geometry": { "type": "Point", "coordinates": [ 5.87, 4.72 ] } },
{ "type": "Feature", "properties": { "crs": 0.3903, "risk_tier": "medium", "colour": "#FFD600" }, "geometry": { "type": "Point", "coordinates": [ 5.88, 4.72 ] } },
{ "type": "Feature", "properties": { "crs": 0.3903, "risk_tier": "medium", "colour": "#FFD600" }, "geometry": { "type": "Point", "coordinates": [ 5.89, 4.72 ] } },
{ "type": "Feature", "properties": { "crs": 0.3903, "risk_tier": "medium", "colour": "#FFD600" }, "geometry": { "type": "Point", "coordinates": [ 5.9, 4.72 ] } },
{ "type": "Feature", "properties": { "crs": 0.4185, "risk_tier": "medium", "colour": "#FFD600" }, "geometry": { "type": "Point", "coordinates": [ 5.91, 4.72 ] } },
{ "type": "Feature", "properties": { "crs": 0.4185, "risk_tier": "medium", "colour": "#FFD600" }, "geometry": { "type": "Point", "coordinates": [ 5.92, 4.72 ] } },
{ "type": "Feature", "properties": { "crs": 0.4002, "risk_tier": "medium", "colour": "#FFD600" }, "geometry": { "type": "Point", "coordinates": [ 5.93, 4.72 ] } },
{ "type": "Feature", "properties": { "crs": 0.4002, "risk_tier": "medium", "colour": "#FFD600" }, "geometry": { "type": "Point", "coordinates": [ 5.94, 4.72 ] } },
{ "type": "Feature", "properties": { "crs": 0.4002, "risk_tier": "medium", "colour": "#FFD600" }, "geometry": { "type": "Point", "coordinates": [ 5.95, 4.72 ] } },
{ "type": "Feature", "properties": { "crs": 0.4163, "risk_tier": "medium", "colour": "#FFD600" }, "geometry": { "type": "Point", "coordinates": [ 5.96, 4.72 ] } },
{ "type": "Feature", "properties": { "crs": 0.4163, "risk_tier": "medium", "colour": "#FFD600" }, "geometry": { "type": "Point", "coordinates": [ 5.97, 4.72 ] } },
{ "type": "Feature", "properties": { "crs": 0.4037, "risk_tier": "medium", "colour": "#FFD600" }, "geometry": { "type": "Point", "coordinates": [ 5.98, 4.72 ] } },
{ "type": "Feature", "properties": { "crs": 0.3774, "risk_tier": "medium", "colour": "#FFD600" }, "geometry": { "type": "Point", "coordinates": [ 5.99, 4.72 ] } },
{ "type": "Feature", "properties": { "crs": 0.3774, "risk_tier": "medium", "colour": "#FFD600" }, "geometry": { "type": "Point", "coordinates": [ 6.0, 4.72 ] } },
{ "type": "Feature", "properties": { "crs": 0.3774, "risk_tier": "medium", "colour": "#FFD600" }, "geometry": { "type": "Point", "coordinates": [ 6.01, 4.72 ] } },
{ "type": "Feature", "properties": { "crs": 0.381, "risk_tier": "medium", "colour": "#FFD600" }, "geometry": { "type": "Point", "coordinates": [ 6.02, 4.72 ] } },
{ "type": "Feature", "properties": { "crs": 0.381, "risk_tier": "medium", "colour": "#FFD600" }, "geometry": { "type": "Point", "coordinates": [ 6.03, 4.72 ] } },
{ "type": "Feature", "properties": { "crs": 0.3917, "risk_tier": "medium", "colour": "#FFD600" }, "geometry": { "type": "Point", "coordinates": [ 6.04, 4.72 ] } },
{ "type": "Feature", "properties": { "crs": 0.3892, "risk_tier": "medium", "colour": "#FFD600" }, "geometry": { "type": "Point", "coordinates": [ 6.05, 4.72 ] } },
{ "type": "Feature", "properties": { "crs": 0.3211, "risk_tier": "medium", "colour": "#FFD600" }, "geometry": { "type": "Point", "coordinates": [ 6.06, 4.72 ] } },
{ "type": "Feature", "properties": { "crs": 0.3292, "risk_tier": "medium", "colour": "#FFD600" }, "geometry": { "type": "Point", "coordinates": [ 6.07, 4.72 ] } },
{ "type": "Feature", "properties": { "crs": 0.3085, "risk_tier": "medium", "colour": "#FFD600" }, "geometry": { "type": "Point", "coordinates": [ 6.08, 4.72 ] } },
{ "type": "Feature", "properties": { "crs": 0.3199, "risk_tier": "medium", "colour": "#FFD600" }, "geometry": { "type": "Point", "coordinates": [ 6.09, 4.72 ] } },
{ "type": "Feature", "properties": { "crs": 0.3199, "risk_tier": "medium", "colour": "#FFD600" }, "geometry": { "type": "Point", "coordinates": [ 6.1, 4.72 ] } },
{ "type": "Feature", "properties": { "crs": 0.2428, "risk_tier": "low", "colour": "#69F0AE" }, "geometry": { "type": "Point", "coordinates": [ 6.11, 4.72 ] } },
{ "type": "Feature", "properties": { "crs": 0.2427, "risk_tier": "low", "colour": "#69F0AE" }, "geometry": { "type": "Point", "coordinates": [ 6.12, 4.72 ] } },
{ "type": "Feature", "properties": { "crs": 0.1716, "risk_tier": "low", "colour": "#69F0AE" }, "geometry": { "type": "Point", "coordinates": [ 6.13, 4.72 ] } },
{ "type": "Feature", "properties": { "crs": 0.1716, "risk_tier": "low", "colour": "#69F0AE" }, "geometry": { "type": "Point", "coordinates": [ 6.14, 4.72 ] } },
{ "type": "Feature", "properties": { "crs": 0.1629, "risk_tier": "low", "colour": "#69F0AE" }, "geometry": { "type": "Point", "coordinates": [ 6.15, 4.72 ] } },
{ "type": "Feature", "properties": { "crs": 0.1583, "risk_tier": "low", "colour": "#69F0AE" }, "geometry": { "type": "Point", "coordinates": [ 6.16, 4.72 ] } },
{ "type": "Feature", "properties": { "crs": 0.1629, "risk_tier": "low", "colour": "#69F0AE" }, "geometry": { "type": "Point", "coordinates": [ 6.17, 4.72 ] } },
{ "type": "Feature", "properties": { "crs": 0.2895, "risk_tier": "medium", "colour": "#FFD600" }, "geometry": { "type": "Point", "coordinates": [ 7.06, 4.72 ] } },
{ "type": "Feature", "properties": { "crs": 0.4591, "risk_tier": "medium", "colour": "#FFD600" }, "geometry": { "type": "Point", "coordinates": [ 7.07, 4.72 ] } },
{ "type": "Feature", "properties": { "crs": 0.3533, "risk_tier": "medium", "colour": "#FFD600" }, "geometry": { "type": "Point", "coordinates": [ 7.08, 4.72 ] } },
{ "type": "Feature", "properties": { "crs": 0.5789, "risk_tier": "high", "colour": "#FF6D00" }, "geometry": { "type": "Point", "coordinates": [ 7.09, 4.72 ] } },
{ "type": "Feature", "properties": { "crs": 0.6889, "risk_tier": "high", "colour": "#FF6D00" }, "geometry": { "type": "Point", "coordinates": [ 7.1, 4.72 ] } },
{ "type": "Feature", "properties": { "crs": 0.7263, "risk_tier": "high", "colour": "#FF6D00" }, "geometry": { "type": "Point", "coordinates": [ 7.11, 4.72 ] } },
{ "type": "Feature", "properties": { "crs": 0.7896, "risk_tier": "critical", "colour": "#FF1744" }, "geometry": { "type": "Point", "coordinates": [ 7.12, 4.72 ] } },
{ "type": "Feature", "properties": { "crs": 0.8059, "risk_tier": "critical", "colour": "#FF1744" }, "geometry": { "type": "Point", "coordinates": [ 7.13, 4.72 ] } },
{ "type": "Feature", "properties": { "crs": 0.8021, "risk_tier": "critical", "colour": "#FF1744" }, "geometry": { "type": "Point", "coordinates": [ 7.14, 4.72 ] } },
{ "type": "Feature", "properties": { "crs": 0.8072, "risk_tier": "critical", "colour": "#FF1744" }, "geometry": { "type": "Point", "coordinates": [ 7.15, 4.72 ] } },
{ "type": "Feature", "properties": { "crs": 0.6898, "risk_tier": "high", "colour": "#FF6D00" }, "geometry": { "type": "Point", "coordinates": [ 7.16, 4.72 ] } },
{ "type": "Feature", "properties": { "crs": 0.1727, "risk_tier": "low", "colour": "#69F0AE" }, "geometry": { "type": "Point", "coordinates": [ 7.17, 4.72 ] } },
{ "type": "Feature", "properties": { "crs": 0.1748, "risk_tier": "low", "colour": "#69F0AE" }, "geometry": { "type": "Point", "coordinates": [ 7.21, 4.72 ] } },
{ "type": "Feature", "properties": { "crs": 0.2207, "risk_tier": "low", "colour": "#69F0AE" }, "geometry": { "type": "Point", "coordinates": [ 7.22, 4.72 ] } },
{ "type": "Feature", "properties": { "crs": 0.2143, "risk_tier": "low", "colour": "#69F0AE" }, "geometry": { "type": "Point", "coordinates": [ 7.23, 4.72 ] } },
{ "type": "Feature", "properties": { "crs": 0.3226, "risk_tier": "medium", "colour": "#FFD600" }, "geometry": { "type": "Point", "coordinates": [ 5.8, 4.73 ] } },
{ "type": "Feature", "properties": { "crs": 0.3226, "risk_tier": "medium", "colour": "#FFD600" }, "geometry": { "type": "Point", "coordinates": [ 5.81, 4.73 ] } },
{ "type": "Feature", "properties": { "crs": 0.3947, "risk_tier": "medium", "colour": "#FFD600" }, "geometry": { "type": "Point", "coordinates": [ 5.82, 4.73 ] } },
{ "type": "Feature", "properties": { "crs": 0.3904, "risk_tier": "medium", "colour": "#FFD600" }, "geometry": { "type": "Point", "coordinates": [ 5.83, 4.73 ] } },
{ "type": "Feature", "properties": { "crs": 0.3263, "risk_tier": "medium", "colour": "#FFD600" }, "geometry": { "type": "Point", "coordinates": [ 5.84, 4.73 ] } },
{ "type": "Feature", "properties": { "crs": 0.4094, "risk_tier": "medium", "colour": "#FFD600" }, "geometry": { "type": "Point", "coordinates": [ 5.85, 4.73 ] } },
{ "type": "Feature", "properties": { "crs": 0.3377, "risk_tier": "medium", "colour": "#FFD600" }, "geometry": { "type": "Point", "coordinates": [ 5.86, 4.73 ] } },
{ "type": "Feature", "properties": { "crs": 0.3224, "risk_tier": "medium", "colour": "#FFD600" }, "geometry": { "type": "Point", "coordinates": [ 5.87, 4.73 ] } },
{ "type": "Feature", "properties": { "crs": 0.3903, "risk_tier": "medium", "colour": "#FFD600" }, "geometry": { "type": "Point", "coordinates": [ 5.88, 4.73 ] } },
{ "type": "Feature", "properties": { "crs": 0.3903, "risk_tier": "medium", "colour": "#FFD600" }, "geometry": { "type": "Point", "coordinates": [ 5.89, 4.73 ] } },
{ "type": "Feature", "properties": { "crs": 0.4126, "risk_tier": "medium", "colour": "#FFD600" }, "geometry": { "type": "Point", "coordinates": [ 5.9, 4.73 ] } },
{ "type": "Feature", "properties": { "crs": 0.417, "risk_tier": "medium", "colour": "#FFD600" }, "geometry": { "type": "Point", "coordinates": [ 5.91, 4.73 ] } },
{ "type": "Feature", "properties": { "crs": 0.4044, "risk_tier": "medium", "colour": "#FFD600" }, "geometry": { "type": "Point", "coordinates": [ 5.92, 4.73 ] } },
{ "type": "Feature", "properties": { "crs": 0.4143, "risk_tier": "medium", "colour": "#FFD600" }, "geometry": { "type": "Point", "coordinates": [ 5.93, 4.73 ] } },
{ "type": "Feature", "properties": { "crs": 0.4143, "risk_tier": "medium", "colour": "#FFD600" }, "geometry": { "type": "Point", "coordinates": [ 5.94, 4.73 ] } },
{ "type": "Feature", "properties": { "crs": 0.4002, "risk_tier": "medium", "colour": "#FFD600" }, "geometry": { "type": "Point", "coordinates": [ 5.95, 4.73 ] } },
{ "type": "Feature", "properties": { "crs": 0.4163, "risk_tier": "medium", "colour": "#FFD600" }, "geometry": { "type": "Point", "coordinates": [ 5.96, 4.73 ] } },
{ "type": "Feature", "properties": { "crs": 0.4162, "risk_tier": "medium", "colour": "#FFD600" }, "geometry": { "type": "Point", "coordinates": [ 5.97, 4.73 ] } },
{ "type": "Feature", "properties": { "crs": 0.4162, "risk_tier": "medium", "colour": "#FFD600" }, "geometry": { "type": "Point", "coordinates": [ 5.98, 4.73 ] } },
{ "type": "Feature", "properties": { "crs": 0.3774, "risk_tier": "medium", "colour": "#FFD600" }, "geometry": { "type": "Point", "coordinates": [ 5.99, 4.73 ] } },
{ "type": "Feature", "properties": { "crs": 0.3774, "risk_tier": "medium", "colour": "#FFD600" }, "geometry": { "type": "Point", "coordinates": [ 6.0, 4.73 ] } },
{ "type": "Feature", "properties": { "crs": 0.3773, "risk_tier": "medium", "colour": "#FFD600" }, "geometry": { "type": "Point", "coordinates": [ 6.01, 4.73 ] } },
{ "type": "Feature", "properties": { "crs": 0.3771, "risk_tier": "medium", "colour": "#FFD600" }, "geometry": { "type": "Point", "coordinates": [ 6.02, 4.73 ] } },
{ "type": "Feature", "properties": { "crs": 0.3771, "risk_tier": "medium", "colour": "#FFD600" }, "geometry": { "type": "Point", "coordinates": [ 6.03, 4.73 ] } },
{ "type": "Feature", "properties": { "crs": 0.4116, "risk_tier": "medium", "colour": "#FFD600" }, "geometry": { "type": "Point", "coordinates": [ 6.04, 4.73 ] } },
{ "type": "Feature", "properties": { "crs": 0.4116, "risk_tier": "medium", "colour": "#FFD600" }, "geometry": { "type": "Point", "coordinates": [ 6.05, 4.73 ] } },
{ "type": "Feature", "properties": { "crs": 0.3892, "risk_tier": "medium", "colour": "#FFD600" }, "geometry": { "type": "Point", "coordinates": [ 6.06, 4.73 ] } },
{ "type": "Feature", "properties": { "crs": 0.328, "risk_tier": "medium", "colour": "#FFD600" }, "geometry": { "type": "Point", "coordinates": [ 6.07, 4.73 ] } },
{ "type": "Feature", "properties": { "crs": 0.3047, "risk_tier": "medium", "colour": "#FFD600" }, "geometry": { "type": "Point", "coordinates": [ 6.08, 4.73 ] } },
{ "type": "Feature", "properties": { "crs": 0.3084, "risk_tier": "medium", "colour": "#FFD600" }, "geometry": { "type": "Point", "coordinates": [ 6.09, 4.73 ] } },
{ "type": "Feature", "properties": { "crs": 0.3084, "risk_tier": "medium", "colour": "#FFD600" }, "geometry": { "type": "Point", "coordinates": [ 6.1, 4.73 ] } },
{ "type": "Feature", "properties": { "crs": 0.3046, "risk_tier": "medium", "colour": "#FFD600" }, "geometry": { "type": "Point", "coordinates": [ 6.11, 4.73 ] } },
{ "type": "Feature", "properties": { "crs": 0.307, "risk_tier": "medium", "colour": "#FFD600" }, "geometry": { "type": "Point", "coordinates": [ 6.12, 4.73 ] } },
{ "type": "Feature", "properties": { "crs": 0.2873, "risk_tier": "medium", "colour": "#FFD600" }, "geometry": { "type": "Point", "coordinates": [ 6.13, 4.73 ] } },
{ "type": "Feature", "properties": { "crs": 0.2684, "risk_tier": "medium", "colour": "#FFD600" }, "geometry": { "type": "Point", "coordinates": [ 6.14, 4.73 ] } },
{ "type": "Feature", "properties": { "crs": 0.2618, "risk_tier": "medium", "colour": "#FFD600" }, "geometry": { "type": "Point", "coordinates": [ 6.15, 4.73 ] } },
{ "type": "Feature", "properties": { "crs": 0.2742, "risk_tier": "medium", "colour": "#FFD600" }, "geometry": { "type": "Point", "coordinates": [ 7.06, 4.73 ] } },
{ "type": "Feature", "properties": { "crs": 0.3526, "risk_tier": "medium", "colour": "#FFD600" }, "geometry": { "type": "Point", "coordinates": [ 7.07, 4.73 ] } },
{ "type": "Feature", "properties": { "crs": 0.4776, "risk_tier": "medium", "colour": "#FFD600" }, "geometry": { "type": "Point", "coordinates": [ 7.08, 4.73 ] } },
{ "type": "Feature", "properties": { "crs": 0.5197, "risk_tier": "high", "colour": "#FF6D00" }, "geometry": { "type": "Point", "coordinates": [ 7.09, 4.73 ] } },
{ "type": "Feature", "properties": { "crs": 0.6974, "risk_tier": "high", "colour": "#FF6D00" }, "geometry": { "type": "Point", "coordinates": [ 7.1, 4.73 ] } },
{ "type": "Feature", "properties": { "crs": 0.7262, "risk_tier": "high", "colour": "#FF6D00" }, "geometry": { "type": "Point", "coordinates": [ 7.11, 4.73 ] } },
{ "type": "Feature", "properties": { "crs": 0.8047, "risk_tier": "critical", "colour": "#FF1744" }, "geometry": { "type": "Point", "coordinates": [ 7.12, 4.73 ] } },
{ "type": "Feature", "properties": { "crs": 0.8105, "risk_tier": "critical", "colour": "#FF1744" }, "geometry": { "type": "Point", "coordinates": [ 7.13, 4.73 ] } },
{ "type": "Feature", "properties": { "crs": 0.803, "risk_tier": "critical", "colour": "#FF1744" }, "geometry": { "type": "Point", "coordinates": [ 7.14, 4.73 ] } },
{ "type": "Feature", "properties": { "crs": 0.8009, "risk_tier": "critical", "colour": "#FF1744" }, "geometry": { "type": "Point", "coordinates": [ 7.15, 4.73 ] } },
{ "type": "Feature", "properties": { "crs": 0.7792, "risk_tier": "critical", "colour": "#FF1744" }, "geometry": { "type": "Point", "coordinates": [ 7.16, 4.73 ] } },
{ "type": "Feature", "properties": { "crs": 0.4983, "risk_tier": "medium", "colour": "#FFD600" }, "geometry": { "type": "Point", "coordinates": [ 7.17, 4.73 ] } },
{ "type": "Feature", "properties": { "crs": 0.238, "risk_tier": "low", "colour": "#69F0AE" }, "geometry": { "type": "Point", "coordinates": [ 7.18, 4.73 ] } },
{ "type": "Feature", "properties": { "crs": 0.2263, "risk_tier": "low", "colour": "#69F0AE" }, "geometry": { "type": "Point", "coordinates": [ 7.21, 4.73 ] } },
{ "type": "Feature", "properties": { "crs": 0.2109, "risk_tier": "low", "colour": "#69F0AE" }, "geometry": { "type": "Point", "coordinates": [ 7.22, 4.73 ] } },
{ "type": "Feature", "properties": { "crs": 0.1739, "risk_tier": "low", "colour": "#69F0AE" }, "geometry": { "type": "Point", "coordinates": [ 5.8, 4.74 ] } },
{ "type": "Feature", "properties": { "crs": 0.3226, "risk_tier": "medium", "colour": "#FFD600" }, "geometry": { "type": "Point", "coordinates": [ 5.81, 4.74 ] } },
{ "type": "Feature", "properties": { "crs": 0.3263, "risk_tier": "medium", "colour": "#FFD600" }, "geometry": { "type": "Point", "coordinates": [ 5.82, 4.74 ] } },
{ "type": "Feature", "properties": { "crs": 0.4055, "risk_tier": "medium", "colour": "#FFD600" }, "geometry": { "type": "Point", "coordinates": [ 5.83, 4.74 ] } },
{ "type": "Feature", "properties": { "crs": 0.4052, "risk_tier": "medium", "colour": "#FFD600" }, "geometry": { "type": "Point", "coordinates": [ 5.84, 4.74 ] } },
{ "type": "Feature", "properties": { "crs": 0.3262, "risk_tier": "medium", "colour": "#FFD600" }, "geometry": { "type": "Point", "coordinates": [ 5.85, 4.74 ] } },
{ "type": "Feature", "properties": { "crs": 0.3224, "risk_tier": "medium", "colour": "#FFD600" }, "geometry": { "type": "Point", "coordinates": [ 5.86, 4.74 ] } },
{ "type": "Feature", "properties": { "crs": 0.3224, "risk_tier": "medium", "colour": "#FFD600" }, "geometry": { "type": "Point", "coordinates": [ 5.87, 4.74 ] } },
{ "type": "Feature", "properties": { "crs": 0.3905, "risk_tier": "medium", "colour": "#FFD600" }, "geometry": { "type": "Point", "coordinates": [ 5.88, 4.74 ] } },
{ "type": "Feature", "properties": { "crs": 0.4126, "risk_tier": "medium", "colour": "#FFD600" }, "geometry": { "type": "Point", "coordinates": [ 5.89, 4.74 ] } },
{ "type": "Feature", "properties": { "crs": 0.4126, "risk_tier": "medium", "colour": "#FFD600" }, "geometry": { "type": "Point", "coordinates": [ 5.9, 4.74 ] } },
{ "type": "Feature", "properties": { "crs": 0.427, "risk_tier": "medium", "colour": "#FFD600" }, "geometry": { "type": "Point", "coordinates": [ 5.91, 4.74 ] } },
{ "type": "Feature", "properties": { "crs": 0.4008, "risk_tier": "medium", "colour": "#FFD600" }, "geometry": { "type": "Point", "coordinates": [ 5.92, 4.74 ] } },
{ "type": "Feature", "properties": { "crs": 0.4008, "risk_tier": "medium", "colour": "#FFD600" }, "geometry": { "type": "Point", "coordinates": [ 5.93, 4.74 ] } },
{ "type": "Feature", "properties": { "crs": 0.4169, "risk_tier": "medium", "colour": "#FFD600" }, "geometry": { "type": "Point", "coordinates": [ 5.94, 4.74 ] } },
{ "type": "Feature", "properties": { "crs": 0.4178, "risk_tier": "medium", "colour": "#FFD600" }, "geometry": { "type": "Point", "coordinates": [ 5.95, 4.74 ] } },
{ "type": "Feature", "properties": { "crs": 0.4142, "risk_tier": "medium", "colour": "#FFD600" }, "geometry": { "type": "Point", "coordinates": [ 5.96, 4.74 ] } },
{ "type": "Feature", "properties": { "crs": 0.4162, "risk_tier": "medium", "colour": "#FFD600" }, "geometry": { "type": "Point", "coordinates": [ 5.97, 4.74 ] } },
{ "type": "Feature", "properties": { "crs": 0.3939, "risk_tier": "medium", "colour": "#FFD600" }, "geometry": { "type": "Point", "coordinates": [ 5.98, 4.74 ] } },
{ "type": "Feature", "properties": { "crs": 0.3774, "risk_tier": "medium", "colour": "#FFD600" }, "geometry": { "type": "Point", "coordinates": [ 5.99, 4.74 ] } },
{ "type": "Feature", "properties": { "crs": 0.3773, "risk_tier": "medium", "colour": "#FFD600" }, "geometry": { "type": "Point", "coordinates": [ 6.0, 4.74 ] } },
{ "type": "Feature", "properties": { "crs": 0.3773, "risk_tier": "medium", "colour": "#FFD600" }, "geometry": { "type": "Point", "coordinates": [ 6.01, 4.74 ] } },
{ "type": "Feature", "properties": { "crs": 0.3808, "risk_tier": "medium", "colour": "#FFD600" }, "geometry": { "type": "Point", "coordinates": [ 6.02, 4.74 ] } },
{ "type": "Feature", "properties": { "crs": 0.4161, "risk_tier": "medium", "colour": "#FFD600" }, "geometry": { "type": "Point", "coordinates": [ 6.03, 4.74 ] } },
{ "type": "Feature", "properties": { "crs": 0.4035, "risk_tier": "medium", "colour": "#FFD600" }, "geometry": { "type": "Point", "coordinates": [ 6.04, 4.74 ] } },
{ "type": "Feature", "properties": { "crs": 0.4116, "risk_tier": "medium", "colour": "#FFD600" }, "geometry": { "type": "Point", "coordinates": [ 6.05, 4.74 ] } },
{ "type": "Feature", "properties": { "crs": 0.4116, "risk_tier": "medium", "colour": "#FFD600" }, "geometry": { "type": "Point", "coordinates": [ 6.06, 4.74 ] } },
{ "type": "Feature", "properties": { "crs": 0.321, "risk_tier": "medium", "colour": "#FFD600" }, "geometry": { "type": "Point", "coordinates": [ 6.07, 4.74 ] } },
{ "type": "Feature", "properties": { "crs": 0.3047, "risk_tier": "medium", "colour": "#FFD600" }, "geometry": { "type": "Point", "coordinates": [ 6.08, 4.74 ] } },
{ "type": "Feature", "properties": { "crs": 0.3046, "risk_tier": "medium", "colour": "#FFD600" }, "geometry": { "type": "Point", "coordinates": [ 6.09, 4.74 ] } },
{ "type": "Feature", "properties": { "crs": 0.3198, "risk_tier": "medium", "colour": "#FFD600" }, "geometry": { "type": "Point", "coordinates": [ 6.1, 4.74 ] } },
{ "type": "Feature", "properties": { "crs": 0.3083, "risk_tier": "medium", "colour": "#FFD600" }, "geometry": { "type": "Point", "coordinates": [ 6.11, 4.74 ] } },
{ "type": "Feature", "properties": { "crs": 0.3076, "risk_tier": "medium", "colour": "#FFD600" }, "geometry": { "type": "Point", "coordinates": [ 6.12, 4.74 ] } },
{ "type": "Feature", "properties": { "crs": 0.3051, "risk_tier": "medium", "colour": "#FFD600" }, "geometry": { "type": "Point", "coordinates": [ 6.13, 4.74 ] } },
{ "type": "Feature", "properties": { "crs": 0.3138, "risk_tier": "medium", "colour": "#FFD600" }, "geometry": { "type": "Point", "coordinates": [ 7.07, 4.74 ] } },
{ "type": "Feature", "properties": { "crs": 0.4777, "risk_tier": "medium", "colour": "#FFD600" }, "geometry": { "type": "Point", "coordinates": [ 7.08, 4.74 ] } },
{ "type": "Feature", "properties": { "crs": 0.5367, "risk_tier": "high", "colour": "#FF6D00" }, "geometry": { "type": "Point", "coordinates": [ 7.09, 4.74 ] } },
{ "type": "Feature", "properties": { "crs": 0.656, "risk_tier": "high", "colour": "#FF6D00" }, "geometry": { "type": "Point", "coordinates": [ 7.1, 4.74 ] } },
{ "type": "Feature", "properties": { "crs": 0.7829, "risk_tier": "critical", "colour": "#FF1744" }, "geometry": { "type": "Point", "coordinates": [ 7.11, 4.74 ] } },
{ "type": "Feature", "properties": { "crs": 0.8047, "risk_tier": "critical", "colour": "#FF1744" }, "geometry": { "type": "Point", "coordinates": [ 7.12, 4.74 ] } },
{ "type": "Feature", "properties": { "crs": 0.8006, "risk_tier": "critical", "colour": "#FF1744" }, "geometry": { "type": "Point", "coordinates": [ 7.13, 4.74 ] } },
{ "type": "Feature", "properties": { "crs": 0.8041, "risk_tier": "critical", "colour": "#FF1744" }, "geometry": { "type": "Point", "coordinates": [ 7.14, 4.74 ] } },
{ "type": "Feature", "properties": { "crs": 0.7914, "risk_tier": "critical", "colour": "#FF1744" }, "geometry": { "type": "Point", "coordinates": [ 7.15, 4.74 ] } },
{ "type": "Feature", "properties": { "crs": 0.7347, "risk_tier": "high", "colour": "#FF6D00" }, "geometry": { "type": "Point", "coordinates": [ 7.16, 4.74 ] } },
{ "type": "Feature", "properties": { "crs": 0.699, "risk_tier": "high", "colour": "#FF6D00" }, "geometry": { "type": "Point", "coordinates": [ 7.17, 4.74 ] } },
{ "type": "Feature", "properties": { "crs": 0.6307, "risk_tier": "high", "colour": "#FF6D00" }, "geometry": { "type": "Point", "coordinates": [ 7.18, 4.74 ] } },
{ "type": "Feature", "properties": { "crs": 0.6206, "risk_tier": "high", "colour": "#FF6D00" }, "geometry": { "type": "Point", "coordinates": [ 7.19, 4.74 ] } },
{ "type": "Feature", "properties": { "crs": 0.2266, "risk_tier": "low", "colour": "#69F0AE" }, "geometry": { "type": "Point", "coordinates": [ 7.2, 4.74 ] } },
{ "type": "Feature", "properties": { "crs": 0.1538, "risk_tier": "low", "colour": "#69F0AE" }, "geometry": { "type": "Point", "coordinates": [ 7.21, 4.74 ] } },
{ "type": "Feature", "properties": { "crs": 0.2895, "risk_tier": "medium", "colour": "#FFD600" }, "geometry": { "type": "Point", "coordinates": [ 5.81, 4.75 ] } },
{ "type": "Feature", "properties": { "crs": 0.3378, "risk_tier": "medium", "colour": "#FFD600" }, "geometry": { "type": "Point", "coordinates": [ 5.82, 4.75 ] } },
{ "type": "Feature", "properties": { "crs": 0.3378, "risk_tier": "medium", "colour": "#FFD600" }, "geometry": { "type": "Point", "coordinates": [ 5.83, 4.75 ] } },
{ "type": "Feature", "properties": { "crs": 0.3906, "risk_tier": "medium", "colour": "#FFD600" }, "geometry": { "type": "Point", "coordinates": [ 5.84, 4.75 ] } },
{ "type": "Feature", "properties": { "crs": 0.3225, "risk_tier": "medium", "colour": "#FFD600" }, "geometry": { "type": "Point", "coordinates": [ 5.85, 4.75 ] } },
{ "type": "Feature", "properties": { "crs": 0.3224, "risk_tier": "medium", "colour": "#FFD600" }, "geometry": { "type": "Point", "coordinates": [ 5.86, 4.75 ] } },
{ "type": "Feature", "properties": { "crs": 0.3224, "risk_tier": "medium", "colour": "#FFD600" }, "geometry": { "type": "Point", "coordinates": [ 5.87, 4.75 ] } },
{ "type": "Feature", "properties": { "crs": 0.3904, "risk_tier": "medium", "colour": "#FFD600" }, "geometry": { "type": "Point", "coordinates": [ 5.88, 4.75 ] } },
{ "type": "Feature", "properties": { "crs": 0.4128, "risk_tier": "medium", "colour": "#FFD600" }, "geometry": { "type": "Point", "coordinates": [ 5.89, 4.75 ] } },
{ "type": "Feature", "properties": { "crs": 0.4125, "risk_tier": "medium", "colour": "#FFD600" }, "geometry": { "type": "Point", "coordinates": [ 5.9, 4.75 ] } },
{ "type": "Feature", "properties": { "crs": 0.4149, "risk_tier": "medium", "colour": "#FFD600" }, "geometry": { "type": "Point", "coordinates": [ 5.91, 4.75 ] } },
{ "type": "Feature", "properties": { "crs": 0.4008, "risk_tier": "medium", "colour": "#FFD600" }, "geometry": { "type": "Point", "coordinates": [ 5.92, 4.75 ] } },
{ "type": "Feature", "properties": { "crs": 0.4007, "risk_tier": "medium", "colour": "#FFD600" }, "geometry": { "type": "Point", "coordinates": [ 5.93, 4.75 ] } },
{ "type": "Feature", "properties": { "crs": 0.4169, "risk_tier": "medium", "colour": "#FFD600" }, "geometry": { "type": "Point", "coordinates": [ 5.94, 4.75 ] } },
{ "type": "Feature", "properties": { "crs": 0.4168, "risk_tier": "medium", "colour": "#FFD600" }, "geometry": { "type": "Point", "coordinates": [ 5.95, 4.75 ] } },
{ "type": "Feature", "properties": { "crs": 0.4007, "risk_tier": "medium", "colour": "#FFD600" }, "geometry": { "type": "Point", "coordinates": [ 5.96, 4.75 ] } },
{ "type": "Feature", "properties": { "crs": 0.4168, "risk_tier": "medium", "colour": "#FFD600" }, "geometry": { "type": "Point", "coordinates": [ 5.97, 4.75 ] } },
{ "type": "Feature", "properties": { "crs": 0.4042, "risk_tier": "medium", "colour": "#FFD600" }, "geometry": { "type": "Point", "coordinates": [ 5.98, 4.75 ] } },
{ "type": "Feature", "properties": { "crs": 0.3918, "risk_tier": "medium", "colour": "#FFD600" }, "geometry": { "type": "Point", "coordinates": [ 5.99, 4.75 ] } },
{ "type": "Feature", "properties": { "crs": 0.3917, "risk_tier": "medium", "colour": "#FFD600" }, "geometry": { "type": "Point", "coordinates": [ 6.0, 4.75 ] } },
{ "type": "Feature", "properties": { "crs": 0.3917, "risk_tier": "medium", "colour": "#FFD600" }, "geometry": { "type": "Point", "coordinates": [ 6.01, 4.75 ] } },
{ "type": "Feature", "properties": { "crs": 0.4261, "risk_tier": "medium", "colour": "#FFD600" }, "geometry": { "type": "Point", "coordinates": [ 6.02, 4.75 ] } },
{ "type": "Feature", "properties": { "crs": 0.4261, "risk_tier": "medium", "colour": "#FFD600" }, "geometry": { "type": "Point", "coordinates": [ 6.03, 4.75 ] } },
{ "type": "Feature", "properties": { "crs": 0.4139, "risk_tier": "medium", "colour": "#FFD600" }, "geometry": { "type": "Point", "coordinates": [ 6.04, 4.75 ] } },
{ "type": "Feature", "properties": { "crs": 0.4116, "risk_tier": "medium", "colour": "#FFD600" }, "geometry": { "type": "Point", "coordinates": [ 6.05, 4.75 ] } },
{ "type": "Feature", "properties": { "crs": 0.3932, "risk_tier": "medium", "colour": "#FFD600" }, "geometry": { "type": "Point", "coordinates": [ 6.06, 4.75 ] } },
{ "type": "Feature", "properties": { "crs": 0.321, "risk_tier": "medium", "colour": "#FFD600" }, "geometry": { "type": "Point", "coordinates": [ 6.07, 4.75 ] } },
{ "type": "Feature", "properties": { "crs": 0.3046, "risk_tier": "medium", "colour": "#FFD600" }, "geometry": { "type": "Point", "coordinates": [ 6.08, 4.75 ] } },
{ "type": "Feature", "properties": { "crs": 0.3052, "risk_tier": "medium", "colour": "#FFD600" }, "geometry": { "type": "Point", "coordinates": [ 6.09, 4.75 ] } },
{ "type": "Feature", "properties": { "crs": 0.3203, "risk_tier": "medium", "colour": "#FFD600" }, "geometry": { "type": "Point", "coordinates": [ 6.1, 4.75 ] } },
{ "type": "Feature", "properties": { "crs": 0.3089, "risk_tier": "medium", "colour": "#FFD600" }, "geometry": { "type": "Point", "coordinates": [ 6.11, 4.75 ] } },
{ "type": "Feature", "properties": { "crs": 0.4994, "risk_tier": "medium", "colour": "#FFD600" }, "geometry": { "type": "Point", "coordinates": [ 7.07, 4.75 ] } },
{ "type": "Feature", "properties": { "crs": 0.6228, "risk_tier": "high", "colour": "#FF6D00" }, "geometry": { "type": "Point", "coordinates": [ 7.08, 4.75 ] } },
{ "type": "Feature", "properties": { "crs": 0.554, "risk_tier": "high", "colour": "#FF6D00" }, "geometry": { "type": "Point", "coordinates": [ 7.09, 4.75 ] } },
{ "type": "Feature", "properties": { "crs": 0.6731, "risk_tier": "high", "colour": "#FF6D00" }, "geometry": { "type": "Point", "coordinates": [ 7.1, 4.75 ] } },
{ "type": "Feature", "properties": { "crs": 0.7726, "risk_tier": "critical", "colour": "#FF1744" }, "geometry": { "type": "Point", "coordinates": [ 7.11, 4.75 ] } },
{ "type": "Feature", "properties": { "crs": 0.7888, "risk_tier": "critical", "colour": "#FF1744" }, "geometry": { "type": "Point", "coordinates": [ 7.12, 4.75 ] } },
{ "type": "Feature", "properties": { "crs": 0.8047, "risk_tier": "critical", "colour": "#FF1744" }, "geometry": { "type": "Point", "coordinates": [ 7.13, 4.75 ] } },
{ "type": "Feature", "properties": { "crs": 0.7962, "risk_tier": "critical", "colour": "#FF1744" }, "geometry": { "type": "Point", "coordinates": [ 7.14, 4.75 ] } },
{ "type": "Feature", "properties": { "crs": 0.7589, "risk_tier": "critical", "colour": "#FF1744" }, "geometry": { "type": "Point", "coordinates": [ 7.15, 4.75 ] } },
{ "type": "Feature", "properties": { "crs": 0.7262, "risk_tier": "high", "colour": "#FF6D00" }, "geometry": { "type": "Point", "coordinates": [ 7.16, 4.75 ] } },
{ "type": "Feature", "properties": { "crs": 0.6965, "risk_tier": "high", "colour": "#FF6D00" }, "geometry": { "type": "Point", "coordinates": [ 7.17, 4.75 ] } },
{ "type": "Feature", "properties": { "crs": 0.6457, "risk_tier": "high", "colour": "#FF6D00" }, "geometry": { "type": "Point", "coordinates": [ 7.18, 4.75 ] } },
{ "type": "Feature", "properties": { "crs": 0.6434, "risk_tier": "high", "colour": "#FF6D00" }, "geometry": { "type": "Point", "coordinates": [ 7.19, 4.75 ] } },
{ "type": "Feature", "properties": { "crs": 0.6717, "risk_tier": "high", "colour": "#FF6D00" }, "geometry": { "type": "Point", "coordinates": [ 7.2, 4.75 ] } },
{ "type": "Feature", "properties": { "crs": 0.1784, "risk_tier": "low", "colour": "#69F0AE" }, "geometry": { "type": "Point", "coordinates": [ 7.22, 4.75 ] } },
{ "type": "Feature", "properties": { "crs": 0.1945, "risk_tier": "low", "colour": "#69F0AE" }, "geometry": { "type": "Point", "coordinates": [ 7.23, 4.75 ] } },
{ "type": "Feature", "properties": { "crs": 0.182, "risk_tier": "low", "colour": "#69F0AE" }, "geometry": { "type": "Point", "coordinates": [ 5.82, 4.76 ] } },
{ "type": "Feature", "properties": { "crs": 0.3061, "risk_tier": "medium", "colour": "#FFD600" }, "geometry": { "type": "Point", "coordinates": [ 5.83, 4.76 ] } },
{ "type": "Feature", "properties": { "crs": 0.3225, "risk_tier": "medium", "colour": "#FFD600" }, "geometry": { "type": "Point", "coordinates": [ 5.84, 4.76 ] } },
{ "type": "Feature", "properties": { "crs": 0.3903, "risk_tier": "medium", "colour": "#FFD600" }, "geometry": { "type": "Point", "coordinates": [ 5.85, 4.76 ] } },
{ "type": "Feature", "properties": { "crs": 0.3224, "risk_tier": "medium", "colour": "#FFD600" }, "geometry": { "type": "Point", "coordinates": [ 5.86, 4.76 ] } },
{ "type": "Feature", "properties": { "crs": 0.3223, "risk_tier": "medium", "colour": "#FFD600" }, "geometry": { "type": "Point", "coordinates": [ 5.87, 4.76 ] } },
{ "type": "Feature", "properties": { "crs": 0.3901, "risk_tier": "medium", "colour": "#FFD600" }, "geometry": { "type": "Point", "coordinates": [ 5.88, 4.76 ] } },
{ "type": "Feature", "properties": { "crs": 0.4127, "risk_tier": "medium", "colour": "#FFD600" }, "geometry": { "type": "Point", "coordinates": [ 5.89, 4.76 ] } },
{ "type": "Feature", "properties": { "crs": 0.4127, "risk_tier": "medium", "colour": "#FFD600" }, "geometry": { "type": "Point", "coordinates": [ 5.9, 4.76 ] } },
{ "type": "Feature", "properties": { "crs": 0.4125, "risk_tier": "medium", "colour": "#FFD600" }, "geometry": { "type": "Point", "coordinates": [ 5.91, 4.76 ] } },
{ "type": "Feature", "properties": { "crs": 0.4148, "risk_tier": "medium", "colour": "#FFD600" }, "geometry": { "type": "Point", "coordinates": [ 5.92, 4.76 ] } },
{ "type": "Feature", "properties": { "crs": 0.4007, "risk_tier": "medium", "colour": "#FFD600" }, "geometry": { "type": "Point", "coordinates": [ 5.93, 4.76 ] } },
{ "type": "Feature", "properties": { "crs": 0.4007, "risk_tier": "medium", "colour": "#FFD600" }, "geometry": { "type": "Point", "coordinates": [ 5.94, 4.76 ] } },
{ "type": "Feature", "properties": { "crs": 0.4007, "risk_tier": "medium", "colour": "#FFD600" }, "geometry": { "type": "Point", "coordinates": [ 5.95, 4.76 ] } },
{ "type": "Feature", "properties": { "crs": 0.4006, "risk_tier": "medium", "colour": "#FFD600" }, "geometry": { "type": "Point", "coordinates": [ 5.96, 4.76 ] } },
{ "type": "Feature", "properties": { "crs": 0.4049, "risk_tier": "medium", "colour": "#FFD600" }, "geometry": { "type": "Point", "coordinates": [ 5.97, 4.76 ] } },
{ "type": "Feature", "properties": { "crs": 0.3945, "risk_tier": "medium", "colour": "#FFD600" }, "geometry": { "type": "Point", "coordinates": [ 5.98, 4.76 ] } },
{ "type": "Feature", "properties": { "crs": 0.3924, "risk_tier": "medium", "colour": "#FFD600" }, "geometry": { "type": "Point", "coordinates": [ 5.99, 4.76 ] } },
{ "type": "Feature", "properties": { "crs": 0.3779, "risk_tier": "medium", "colour": "#FFD600" }, "geometry": { "type": "Point", "coordinates": [ 6.0, 4.76 ] } },
{ "type": "Feature", "properties": { "crs": 0.3923, "risk_tier": "medium", "colour": "#FFD600" }, "geometry": { "type": "Point", "coordinates": [ 6.01, 4.76 ] } },
{ "type": "Feature", "properties": { "crs": 0.4145, "risk_tier": "medium", "colour": "#FFD600" }, "geometry": { "type": "Point", "coordinates": [ 6.02, 4.76 ] } },
{ "type": "Feature", "properties": { "crs": 0.4181, "risk_tier": "medium", "colour": "#FFD600" }, "geometry": { "type": "Point", "coordinates": [ 6.03, 4.76 ] } },
{ "type": "Feature", "properties": { "crs": 0.4121, "risk_tier": "medium", "colour": "#FFD600" }, "geometry": { "type": "Point", "coordinates": [ 6.04, 4.76 ] } },
{ "type": "Feature", "properties": { "crs": 0.4121, "risk_tier": "medium", "colour": "#FFD600" }, "geometry": { "type": "Point", "coordinates": [ 6.05, 4.76 ] } },
{ "type": "Feature", "properties": { "crs": 0.4121, "risk_tier": "medium", "colour": "#FFD600" }, "geometry": { "type": "Point", "coordinates": [ 6.06, 4.76 ] } },
{ "type": "Feature", "properties": { "crs": 0.3447, "risk_tier": "medium", "colour": "#FFD600" }, "geometry": { "type": "Point", "coordinates": [ 6.07, 4.76 ] } },
{ "type": "Feature", "properties": { "crs": 0.3204, "risk_tier": "medium", "colour": "#FFD600" }, "geometry": { "type": "Point", "coordinates": [ 6.08, 4.76 ] } },
{ "type": "Feature", "properties": { "crs": 0.4495, "risk_tier": "medium", "colour": "#FFD600" }, "geometry": { "type": "Point", "coordinates": [ 7.06, 4.76 ] } },
{ "type": "Feature", "properties": { "crs": 0.6274, "risk_tier": "high", "colour": "#FF6D00" }, "geometry": { "type": "Point", "coordinates": [ 7.07, 4.76 ] } },
{ "type": "Feature", "properties": { "crs": 0.6076, "risk_tier": "high", "colour": "#FF6D00" }, "geometry": { "type": "Point", "coordinates": [ 7.08, 4.76 ] } },
{ "type": "Feature", "properties": { "crs": 0.7013, "risk_tier": "high", "colour": "#FF6D00" }, "geometry": { "type": "Point", "coordinates": [ 7.09, 4.76 ] } },
{ "type": "Feature", "properties": { "crs": 0.6788, "risk_tier": "high", "colour": "#FF6D00" }, "geometry": { "type": "Point", "coordinates": [ 7.1, 4.76 ] } },
{ "type": "Feature", "properties": { "crs": 0.6783, "risk_tier": "high", "colour": "#FF6D00" }, "geometry": { "type": "Point", "coordinates": [ 7.11, 4.76 ] } },
{ "type": "Feature", "properties": { "crs": 0.7425, "risk_tier": "high", "colour": "#FF6D00" }, "geometry": { "type": "Point", "coordinates": [ 7.12, 4.76 ] } },
{ "type": "Feature", "properties": { "crs": 0.752, "risk_tier": "critical", "colour": "#FF1744" }, "geometry": { "type": "Point", "coordinates": [ 7.13, 4.76 ] } },
{ "type": "Feature", "properties": { "crs": 0.7827, "risk_tier": "critical", "colour": "#FF1744" }, "geometry": { "type": "Point", "coordinates": [ 7.14, 4.76 ] } },
{ "type": "Feature", "properties": { "crs": 0.7534, "risk_tier": "critical", "colour": "#FF1744" }, "geometry": { "type": "Point", "coordinates": [ 7.15, 4.76 ] } },
{ "type": "Feature", "properties": { "crs": 0.703, "risk_tier": "high", "colour": "#FF6D00" }, "geometry": { "type": "Point", "coordinates": [ 7.16, 4.76 ] } },
{ "type": "Feature", "properties": { "crs": 0.7325, "risk_tier": "high", "colour": "#FF6D00" }, "geometry": { "type": "Point", "coordinates": [ 7.17, 4.76 ] } },
{ "type": "Feature", "properties": { "crs": 0.6795, "risk_tier": "high", "colour": "#FF6D00" }, "geometry": { "type": "Point", "coordinates": [ 7.18, 4.76 ] } },
{ "type": "Feature", "properties": { "crs": 0.6644, "risk_tier": "high", "colour": "#FF6D00" }, "geometry": { "type": "Point", "coordinates": [ 7.19, 4.76 ] } },
{ "type": "Feature", "properties": { "crs": 0.2617, "risk_tier": "medium", "colour": "#FFD600" }, "geometry": { "type": "Point", "coordinates": [ 7.2, 4.76 ] } },
{ "type": "Feature", "properties": { "crs": 0.1559, "risk_tier": "low", "colour": "#69F0AE" }, "geometry": { "type": "Point", "coordinates": [ 7.23, 4.76 ] } },
{ "type": "Feature", "properties": { "crs": 0.3063, "risk_tier": "medium", "colour": "#FFD600" }, "geometry": { "type": "Point", "coordinates": [ 5.84, 4.77 ] } },
{ "type": "Feature", "properties": { "crs": 0.3224, "risk_tier": "medium", "colour": "#FFD600" }, "geometry": { "type": "Point", "coordinates": [ 5.85, 4.77 ] } },
{ "type": "Feature", "properties": { "crs": 0.3222, "risk_tier": "medium", "colour": "#FFD600" }, "geometry": { "type": "Point", "coordinates": [ 5.86, 4.77 ] } },
{ "type": "Feature", "properties": { "crs": 0.3223, "risk_tier": "medium", "colour": "#FFD600" }, "geometry": { "type": "Point", "coordinates": [ 5.87, 4.77 ] } },
{ "type": "Feature", "properties": { "crs": 0.3932, "risk_tier": "medium", "colour": "#FFD600" }, "geometry": { "type": "Point", "coordinates": [ 5.88, 4.77 ] } },
{ "type": "Feature", "properties": { "crs": 0.4126, "risk_tier": "medium", "colour": "#FFD600" }, "geometry": { "type": "Point", "coordinates": [ 5.89, 4.77 ] } },
{ "type": "Feature", "properties": { "crs": 0.4126, "risk_tier": "medium", "colour": "#FFD600" }, "geometry": { "type": "Point", "coordinates": [ 5.9, 4.77 ] } },
{ "type": "Feature", "properties": { "crs": 0.4124, "risk_tier": "medium", "colour": "#FFD600" }, "geometry": { "type": "Point", "coordinates": [ 5.91, 4.77 ] } },
{ "type": "Feature", "properties": { "crs": 0.4124, "risk_tier": "medium", "colour": "#FFD600" }, "geometry": { "type": "Point", "coordinates": [ 5.92, 4.77 ] } },
{ "type": "Feature", "properties": { "crs": 0.4148, "risk_tier": "medium", "colour": "#FFD600" }, "geometry": { "type": "Point", "coordinates": [ 5.93, 4.77 ] } },
{ "type": "Feature", "properties": { "crs": 0.4148, "risk_tier": "medium", "colour": "#FFD600" }, "geometry": { "type": "Point", "coordinates": [ 5.94, 4.77 ] } },
{ "type": "Feature", "properties": { "crs": 0.3922, "risk_tier": "medium", "colour": "#FFD600" }, "geometry": { "type": "Point", "coordinates": [ 5.95, 4.77 ] } },
{ "type": "Feature", "properties": { "crs": 0.378, "risk_tier": "medium", "colour": "#FFD600" }, "geometry": { "type": "Point", "coordinates": [ 5.96, 4.77 ] } },
{ "type": "Feature", "properties": { "crs": 0.3817, "risk_tier": "medium", "colour": "#FFD600" }, "geometry": { "type": "Point", "coordinates": [ 5.97, 4.77 ] } },
{ "type": "Feature", "properties": { "crs": 0.3945, "risk_tier": "medium", "colour": "#FFD600" }, "geometry": { "type": "Point", "coordinates": [ 5.98, 4.77 ] } },
{ "type": "Feature", "properties": { "crs": 0.3779, "risk_tier": "medium", "colour": "#FFD600" }, "geometry": { "type": "Point", "coordinates": [ 5.99, 4.77 ] } },
{ "type": "Feature", "properties": { "crs": 0.3923, "risk_tier": "medium", "colour": "#FFD600" }, "geometry": { "type": "Point", "coordinates": [ 6.0, 4.77 ] } },
{ "type": "Feature", "properties": { "crs": 0.3896, "risk_tier": "medium", "colour": "#FFD600" }, "geometry": { "type": "Point", "coordinates": [ 6.01, 4.77 ] } },
{ "type": "Feature", "properties": { "crs": 0.4122, "risk_tier": "medium", "colour": "#FFD600" }, "geometry": { "type": "Point", "coordinates": [ 6.02, 4.77 ] } },
{ "type": "Feature", "properties": { "crs": 0.4145, "risk_tier": "medium", "colour": "#FFD600" }, "geometry": { "type": "Point", "coordinates": [ 6.03, 4.77 ] } },
{ "type": "Feature", "properties": { "crs": 0.4145, "risk_tier": "medium", "colour": "#FFD600" }, "geometry": { "type": "Point", "coordinates": [ 6.04, 4.77 ] } },
{ "type": "Feature", "properties": { "crs": 0.3919, "risk_tier": "medium", "colour": "#FFD600" }, "geometry": { "type": "Point", "coordinates": [ 6.05, 4.77 ] } },
{ "type": "Feature", "properties": { "crs": 0.412, "risk_tier": "medium", "colour": "#FFD600" }, "geometry": { "type": "Point", "coordinates": [ 6.06, 4.77 ] } },
{ "type": "Feature", "properties": { "crs": 0.3945, "risk_tier": "medium", "colour": "#FFD600" }, "geometry": { "type": "Point", "coordinates": [ 7.05, 4.77 ] } },
{ "type": "Feature", "properties": { "crs": 0.5378, "risk_tier": "high", "colour": "#FF6D00" }, "geometry": { "type": "Point", "coordinates": [ 7.06, 4.77 ] } },
{ "type": "Feature", "properties": { "crs": 0.533, "risk_tier": "high", "colour": "#FF6D00" }, "geometry": { "type": "Point", "coordinates": [ 7.07, 4.77 ] } },
{ "type": "Feature", "properties": { "crs": 0.5909, "risk_tier": "high", "colour": "#FF6D00" }, "geometry": { "type": "Point", "coordinates": [ 7.08, 4.77 ] } },
{ "type": "Feature", "properties": { "crs": 0.5097, "risk_tier": "high", "colour": "#FF6D00" }, "geometry": { "type": "Point", "coordinates": [ 7.09, 4.77 ] } },
{ "type": "Feature", "properties": { "crs": 0.6306, "risk_tier": "high", "colour": "#FF6D00" }, "geometry": { "type": "Point", "coordinates": [ 7.1, 4.77 ] } },
{ "type": "Feature", "properties": { "crs": 0.6376, "risk_tier": "high", "colour": "#FF6D00" }, "geometry": { "type": "Point", "coordinates": [ 7.11, 4.77 ] } },
{ "type": "Feature", "properties": { "crs": 0.7024, "risk_tier": "high", "colour": "#FF6D00" }, "geometry": { "type": "Point", "coordinates": [ 7.12, 4.77 ] } },
{ "type": "Feature", "properties": { "crs": 0.7073, "risk_tier": "high", "colour": "#FF6D00" }, "geometry": { "type": "Point", "coordinates": [ 7.13, 4.77 ] } },
{ "type": "Feature", "properties": { "crs": 0.7432, "risk_tier": "high", "colour": "#FF6D00" }, "geometry": { "type": "Point", "coordinates": [ 7.14, 4.77 ] } },
{ "type": "Feature", "properties": { "crs": 0.7386, "risk_tier": "high", "colour": "#FF6D00" }, "geometry": { "type": "Point", "coordinates": [ 7.15, 4.77 ] } },
{ "type": "Feature", "properties": { "crs": 0.7288, "risk_tier": "high", "colour": "#FF6D00" }, "geometry": { "type": "Point", "coordinates": [ 7.16, 4.77 ] } },
{ "type": "Feature", "properties": { "crs": 0.7131, "risk_tier": "high", "colour": "#FF6D00" }, "geometry": { "type": "Point", "coordinates": [ 7.17, 4.77 ] } },
{ "type": "Feature", "properties": { "crs": 0.5483, "risk_tier": "high", "colour": "#FF6D00" }, "geometry": { "type": "Point", "coordinates": [ 7.18, 4.77 ] } },
{ "type": "Feature", "properties": { "crs": 0.3212, "risk_tier": "medium", "colour": "#FFD600" }, "geometry": { "type": "Point", "coordinates": [ 7.19, 4.77 ] } },
{ "type": "Feature", "properties": { "crs": 0.5171, "risk_tier": "high", "colour": "#FF6D00" }, "geometry": { "type": "Point", "coordinates": [ 7.2, 4.77 ] } },
{ "type": "Feature", "properties": { "crs": 0.1639, "risk_tier": "low", "colour": "#69F0AE" }, "geometry": { "type": "Point", "coordinates": [ 7.21, 4.77 ] } },
{ "type": "Feature", "properties": { "crs": 0.1505, "risk_tier": "low", "colour": "#69F0AE" }, "geometry": { "type": "Point", "coordinates": [ 7.22, 4.77 ] } },
{ "type": "Feature", "properties": { "crs": 0.3262, "risk_tier": "medium", "colour": "#FFD600" }, "geometry": { "type": "Point", "coordinates": [ 5.86, 4.78 ] } },
{ "type": "Feature", "properties": { "crs": 0.3253, "risk_tier": "medium", "colour": "#FFD600" }, "geometry": { "type": "Point", "coordinates": [ 5.87, 4.78 ] } },
{ "type": "Feature", "properties": { "crs": 0.3778, "risk_tier": "medium", "colour": "#FFD600" }, "geometry": { "type": "Point", "coordinates": [ 5.88, 4.78 ] } },
{ "type": "Feature", "properties": { "crs": 0.3831, "risk_tier": "medium", "colour": "#FFD600" }, "geometry": { "type": "Point", "coordinates": [ 5.89, 4.78 ] } },
{ "type": "Feature", "properties": { "crs": 0.4113, "risk_tier": "medium", "colour": "#FFD600" }, "geometry": { "type": "Point", "coordinates": [ 5.9, 4.78 ] } },
{ "type": "Feature", "properties": { "crs": 0.4086, "risk_tier": "medium", "colour": "#FFD600" }, "geometry": { "type": "Point", "coordinates": [ 5.91, 4.78 ] } },
{ "type": "Feature", "properties": { "crs": 0.4086, "risk_tier": "medium", "colour": "#FFD600" }, "geometry": { "type": "Point", "coordinates": [ 5.92, 4.78 ] } },
{ "type": "Feature", "properties": { "crs": 0.3859, "risk_tier": "medium", "colour": "#FFD600" }, "geometry": { "type": "Point", "coordinates": [ 5.93, 4.78 ] } },
{ "type": "Feature", "properties": { "crs": 0.3861, "risk_tier": "medium", "colour": "#FFD600" }, "geometry": { "type": "Point", "coordinates": [ 5.94, 4.78 ] } },
{ "type": "Feature", "properties": { "crs": 0.3861, "risk_tier": "medium", "colour": "#FFD600" }, "geometry": { "type": "Point", "coordinates": [ 5.95, 4.78 ] } },
{ "type": "Feature", "properties": { "crs": 0.386, "risk_tier": "medium", "colour": "#FFD600" }, "geometry": { "type": "Point", "coordinates": [ 5.96, 4.78 ] } },
{ "type": "Feature", "properties": { "crs": 0.3921, "risk_tier": "medium", "colour": "#FFD600" }, "geometry": { "type": "Point", "coordinates": [ 5.97, 4.78 ] } },
{ "type": "Feature", "properties": { "crs": 0.4009, "risk_tier": "medium", "colour": "#FFD600" }, "geometry": { "type": "Point", "coordinates": [ 5.98, 4.78 ] } },
{ "type": "Feature", "properties": { "crs": 0.3884, "risk_tier": "medium", "colour": "#FFD600" }, "geometry": { "type": "Point", "coordinates": [ 5.99, 4.78 ] } },
{ "type": "Feature", "properties": { "crs": 0.3859, "risk_tier": "medium", "colour": "#FFD600" }, "geometry": { "type": "Point", "coordinates": [ 6.0, 4.78 ] } },
{ "type": "Feature", "properties": { "crs": 0.4083, "risk_tier": "medium", "colour": "#FFD600" }, "geometry": { "type": "Point", "coordinates": [ 6.01, 4.78 ] } },
{ "type": "Feature", "properties": { "crs": 0.4082, "risk_tier": "medium", "colour": "#FFD600" }, "geometry": { "type": "Point", "coordinates": [ 6.02, 4.78 ] } },
{ "type": "Feature", "properties": { "crs": 0.4083, "risk_tier": "medium", "colour": "#FFD600" }, "geometry": { "type": "Point", "coordinates": [ 6.03, 4.78 ] } },
{ "type": "Feature", "properties": { "crs": 0.1754, "risk_tier": "low", "colour": "#69F0AE" }, "geometry": { "type": "Point", "coordinates": [ 7.04, 4.78 ] } },
{ "type": "Feature", "properties": { "crs": 0.5309, "risk_tier": "high", "colour": "#FF6D00" }, "geometry": { "type": "Point", "coordinates": [ 7.05, 4.78 ] } },
{ "type": "Feature", "properties": { "crs": 0.4983, "risk_tier": "medium", "colour": "#FFD600" }, "geometry": { "type": "Point", "coordinates": [ 7.06, 4.78 ] } },
{ "type": "Feature", "properties": { "crs": 0.534, "risk_tier": "high", "colour": "#FF6D00" }, "geometry": { "type": "Point", "coordinates": [ 7.07, 4.78 ] } },
{ "type": "Feature", "properties": { "crs": 0.4812, "risk_tier": "medium", "colour": "#FFD600" }, "geometry": { "type": "Point", "coordinates": [ 7.08, 4.78 ] } },
{ "type": "Feature", "properties": { "crs": 0.5264, "risk_tier": "high", "colour": "#FF6D00" }, "geometry": { "type": "Point", "coordinates": [ 7.09, 4.78 ] } },
{ "type": "Feature", "properties": { "crs": 0.6014, "risk_tier": "high", "colour": "#FF6D00" }, "geometry": { "type": "Point", "coordinates": [ 7.1, 4.78 ] } },
{ "type": "Feature", "properties": { "crs": 0.6037, "risk_tier": "high", "colour": "#FF6D00" }, "geometry": { "type": "Point", "coordinates": [ 7.11, 4.78 ] } },
{ "type": "Feature", "properties": { "crs": 0.6467, "risk_tier": "high", "colour": "#FF6D00" }, "geometry": { "type": "Point", "coordinates": [ 7.12, 4.78 ] } },
{ "type": "Feature", "properties": { "crs": 0.6894, "risk_tier": "high", "colour": "#FF6D00" }, "geometry": { "type": "Point", "coordinates": [ 7.13, 4.78 ] } },
{ "type": "Feature", "properties": { "crs": 0.7071, "risk_tier": "high", "colour": "#FF6D00" }, "geometry": { "type": "Point", "coordinates": [ 7.14, 4.78 ] } },
{ "type": "Feature", "properties": { "crs": 0.7367, "risk_tier": "high", "colour": "#FF6D00" }, "geometry": { "type": "Point", "coordinates": [ 7.15, 4.78 ] } },
{ "type": "Feature", "properties": { "crs": 0.7249, "risk_tier": "high", "colour": "#FF6D00" }, "geometry": { "type": "Point", "coordinates": [ 7.16, 4.78 ] } },
{ "type": "Feature", "properties": { "crs": 0.6467, "risk_tier": "high", "colour": "#FF6D00" }, "geometry": { "type": "Point", "coordinates": [ 7.17, 4.78 ] } },
{ "type": "Feature", "properties": { "crs": 0.5857, "risk_tier": "high", "colour": "#FF6D00" }, "geometry": { "type": "Point", "coordinates": [ 7.18, 4.78 ] } },
{ "type": "Feature", "properties": { "crs": 0.5574, "risk_tier": "high", "colour": "#FF6D00" }, "geometry": { "type": "Point", "coordinates": [ 7.19, 4.78 ] } },
{ "type": "Feature", "properties": { "crs": 0.1513, "risk_tier": "low", "colour": "#69F0AE" }, "geometry": { "type": "Point", "coordinates": [ 7.22, 4.78 ] } },
{ "type": "Feature", "properties": { "crs": 0.1735, "risk_tier": "low", "colour": "#69F0AE" }, "geometry": { "type": "Point", "coordinates": [ 5.86, 4.79 ] } },
{ "type": "Feature", "properties": { "crs": 0.2697, "risk_tier": "medium", "colour": "#FFD600" }, "geometry": { "type": "Point", "coordinates": [ 5.87, 4.79 ] } },
{ "type": "Feature", "properties": { "crs": 0.303, "risk_tier": "medium", "colour": "#FFD600" }, "geometry": { "type": "Point", "coordinates": [ 5.88, 4.79 ] } },
{ "type": "Feature", "properties": { "crs": 0.374, "risk_tier": "medium", "colour": "#FFD600" }, "geometry": { "type": "Point", "coordinates": [ 5.89, 4.79 ] } },
{ "type": "Feature", "properties": { "crs": 0.374, "risk_tier": "medium", "colour": "#FFD600" }, "geometry": { "type": "Point", "coordinates": [ 5.9, 4.79 ] } },
{ "type": "Feature", "properties": { "crs": 0.3711, "risk_tier": "medium", "colour": "#FFD600" }, "geometry": { "type": "Point", "coordinates": [ 5.91, 4.79 ] } },
{ "type": "Feature", "properties": { "crs": 0.3709, "risk_tier": "medium", "colour": "#FFD600" }, "geometry": { "type": "Point", "coordinates": [ 5.92, 4.79 ] } },
{ "type": "Feature", "properties": { "crs": 0.3709, "risk_tier": "medium", "colour": "#FFD600" }, "geometry": { "type": "Point", "coordinates": [ 5.93, 4.79 ] } },
{ "type": "Feature", "properties": { "crs": 0.386, "risk_tier": "medium", "colour": "#FFD600" }, "geometry": { "type": "Point", "coordinates": [ 5.94, 4.79 ] } },
{ "type": "Feature", "properties": { "crs": 0.3708, "risk_tier": "medium", "colour": "#FFD600" }, "geometry": { "type": "Point", "coordinates": [ 5.95, 4.79 ] } },
{ "type": "Feature", "properties": { "crs": 0.3708, "risk_tier": "medium", "colour": "#FFD600" }, "geometry": { "type": "Point", "coordinates": [ 5.96, 4.79 ] } },
{ "type": "Feature", "properties": { "crs": 0.3859, "risk_tier": "medium", "colour": "#FFD600" }, "geometry": { "type": "Point", "coordinates": [ 5.97, 4.79 ] } },
{ "type": "Feature", "properties": { "crs": 0.3858, "risk_tier": "medium", "colour": "#FFD600" }, "geometry": { "type": "Point", "coordinates": [ 5.98, 4.79 ] } },
{ "type": "Feature", "properties": { "crs": 0.3707, "risk_tier": "medium", "colour": "#FFD600" }, "geometry": { "type": "Point", "coordinates": [ 5.99, 4.79 ] } },
{ "type": "Feature", "properties": { "crs": 0.1812, "risk_tier": "low", "colour": "#69F0AE" }, "geometry": { "type": "Point", "coordinates": [ 7.03, 4.79 ] } },
{ "type": "Feature", "properties": { "crs": 0.1543, "risk_tier": "low", "colour": "#69F0AE" }, "geometry": { "type": "Point", "coordinates": [ 7.04, 4.79 ] } },
{ "type": "Feature", "properties": { "crs": 0.4538, "risk_tier": "medium", "colour": "#FFD600" }, "geometry": { "type": "Point", "coordinates": [ 7.05, 4.79 ] } },
{ "type": "Feature", "properties": { "crs": 0.3683, "risk_tier": "medium", "colour": "#FFD600" }, "geometry": { "type": "Point", "coordinates": [ 7.06, 4.79 ] } },
{ "type": "Feature", "properties": { "crs": 0.4215, "risk_tier": "medium", "colour": "#FFD600" }, "geometry": { "type": "Point", "coordinates": [ 7.07, 4.79 ] } },
{ "type": "Feature", "properties": { "crs": 0.4717, "risk_tier": "medium", "colour": "#FFD600" }, "geometry": { "type": "Point", "coordinates": [ 7.08, 4.79 ] } },
{ "type": "Feature", "properties": { "crs": 0.4559, "risk_tier": "medium", "colour": "#FFD600" }, "geometry": { "type": "Point", "coordinates": [ 7.09, 4.79 ] } },
{ "type": "Feature", "properties": { "crs": 0.4054, "risk_tier": "medium", "colour": "#FFD600" }, "geometry": { "type": "Point", "coordinates": [ 7.1, 4.79 ] } },
{ "type": "Feature", "properties": { "crs": 0.4782, "risk_tier": "medium", "colour": "#FFD600" }, "geometry": { "type": "Point", "coordinates": [ 7.11, 4.79 ] } },
{ "type": "Feature", "properties": { "crs": 0.6035, "risk_tier": "high", "colour": "#FF6D00" }, "geometry": { "type": "Point", "coordinates": [ 7.12, 4.79 ] } },
{ "type": "Feature", "properties": { "crs": 0.6502, "risk_tier": "high", "colour": "#FF6D00" }, "geometry": { "type": "Point", "coordinates": [ 7.13, 4.79 ] } },
{ "type": "Feature", "properties": { "crs": 0.6559, "risk_tier": "high", "colour": "#FF6D00" }, "geometry": { "type": "Point", "coordinates": [ 7.14, 4.79 ] } },
{ "type": "Feature", "properties": { "crs": 0.7143, "risk_tier": "high", "colour": "#FF6D00" }, "geometry": { "type": "Point", "coordinates": [ 7.15, 4.79 ] } },
{ "type": "Feature", "properties": { "crs": 0.6457, "risk_tier": "high", "colour": "#FF6D00" }, "geometry": { "type": "Point", "coordinates": [ 7.16, 4.79 ] } },
{ "type": "Feature", "properties": { "crs": 0.6865, "risk_tier": "high", "colour": "#FF6D00" }, "geometry": { "type": "Point", "coordinates": [ 7.17, 4.79 ] } },
{ "type": "Feature", "properties": { "crs": 0.4387, "risk_tier": "medium", "colour": "#FFD600" }, "geometry": { "type": "Point", "coordinates": [ 7.18, 4.79 ] } },
{ "type": "Feature", "properties": { "crs": 0.1869, "risk_tier": "low", "colour": "#69F0AE" }, "geometry": { "type": "Point", "coordinates": [ 7.19, 4.79 ] } },
{ "type": "Feature", "properties": { "crs": 0.1527, "risk_tier": "low", "colour": "#69F0AE" }, "geometry": { "type": "Point", "coordinates": [ 7.2, 4.79 ] } },
{ "type": "Feature", "properties": { "crs": 0.2752, "risk_tier": "medium", "colour": "#FFD600" }, "geometry": { "type": "Point", "coordinates": [ 5.88, 4.8 ] } },
{ "type": "Feature", "properties": { "crs": 0.2664, "risk_tier": "medium", "colour": "#FFD600" }, "geometry": { "type": "Point", "coordinates": [ 5.89, 4.8 ] } },
{ "type": "Feature", "properties": { "crs": 0.3595, "risk_tier": "medium", "colour": "#FFD600" }, "geometry": { "type": "Point", "coordinates": [ 5.9, 4.8 ] } },
{ "type": "Feature", "properties": { "crs": 0.3292, "risk_tier": "medium", "colour": "#FFD600" }, "geometry": { "type": "Point", "coordinates": [ 5.91, 4.8 ] } },
{ "type": "Feature", "properties": { "crs": 0.3292, "risk_tier": "medium", "colour": "#FFD600" }, "geometry": { "type": "Point", "coordinates": [ 5.92, 4.8 ] } },
{ "type": "Feature", "properties": { "crs": 0.2523, "risk_tier": "medium", "colour": "#FFD600" }, "geometry": { "type": "Point", "coordinates": [ 5.93, 4.8 ] } },
{ "type": "Feature", "properties": { "crs": 0.2568, "risk_tier": "medium", "colour": "#FFD600" }, "geometry": { "type": "Point", "coordinates": [ 5.94, 4.8 ] } },
{ "type": "Feature", "properties": { "crs": 0.1548, "risk_tier": "low", "colour": "#69F0AE" }, "geometry": { "type": "Point", "coordinates": [ 5.95, 4.8 ] } },
{ "type": "Feature", "properties": { "crs": 0.2256, "risk_tier": "low", "colour": "#69F0AE" }, "geometry": { "type": "Point", "coordinates": [ 7.12, 4.8 ] } },
{ "type": "Feature", "properties": { "crs": 0.4051, "risk_tier": "medium", "colour": "#FFD600" }, "geometry": { "type": "Point", "coordinates": [ 7.13, 4.8 ] } },
{ "type": "Feature", "properties": { "crs": 0.3628, "risk_tier": "medium", "colour": "#FFD600" }, "geometry": { "type": "Point", "coordinates": [ 7.14, 4.8 ] } },
{ "type": "Feature", "properties": { "crs": 0.5293, "risk_tier": "high", "colour": "#FF6D00" }, "geometry": { "type": "Point", "coordinates": [ 7.15, 4.8 ] } },
{ "type": "Feature", "properties": { "crs": 0.4153, "risk_tier": "medium", "colour": "#FFD600" }, "geometry": { "type": "Point", "coordinates": [ 7.16, 4.8 ] } },
{ "type": "Feature", "properties": { "crs": 0.2943, "risk_tier": "medium", "colour": "#FFD600" }, "geometry": { "type": "Point", "coordinates": [ 7.17, 4.8 ] } },
{ "type": "Feature", "properties": { "crs": 0.1611, "risk_tier": "low", "colour": "#69F0AE" }, "geometry": { "type": "Point", "coordinates": [ 5.9, 4.81 ] } },
{ "type": "Feature", "properties": { "crs": 0.1611, "risk_tier": "low", "colour": "#69F0AE" }, "geometry": { "type": "Point", "coordinates": [ 5.91, 4.81 ] } },
{ "type": "Feature", "properties": { "crs": 0.2198, "risk_tier": "low", "colour": "#69F0AE" }, "geometry": { "type": "Point", "coordinates": [ 5.89, 4.87 ] } },
{ "type": "Feature", "properties": { "crs": 0.2198, "risk_tier": "low", "colour": "#69F0AE" }, "geometry": { "type": "Point", "coordinates": [ 5.9, 4.87 ] } },
{ "type": "Feature", "properties": { "crs": 0.2198, "risk_tier": "low", "colour": "#69F0AE" }, "geometry": { "type": "Point", "coordinates": [ 5.91, 4.87 ] } },
{ "type": "Feature", "properties": { "crs": 0.2987, "risk_tier": "medium", "colour": "#FFD600" }, "geometry": { "type": "Point", "coordinates": [ 6.49, 4.87 ] } },
{ "type": "Feature", "properties": { "crs": 0.324, "risk_tier": "medium", "colour": "#FFD600" }, "geometry": { "type": "Point", "coordinates": [ 6.5, 4.87 ] } },
{ "type": "Feature", "properties": { "crs": 0.3228, "risk_tier": "medium", "colour": "#FFD600" }, "geometry": { "type": "Point", "coordinates": [ 6.51, 4.87 ] } },
{ "type": "Feature", "properties": { "crs": 0.3139, "risk_tier": "medium", "colour": "#FFD600" }, "geometry": { "type": "Point", "coordinates": [ 6.52, 4.87 ] } },
{ "type": "Feature", "properties": { "crs": 0.3099, "risk_tier": "medium", "colour": "#FFD600" }, "geometry": { "type": "Point", "coordinates": [ 6.53, 4.87 ] } },
{ "type": "Feature", "properties": { "crs": 0.3192, "risk_tier": "medium", "colour": "#FFD600" }, "geometry": { "type": "Point", "coordinates": [ 6.54, 4.87 ] } },
{ "type": "Feature", "properties": { "crs": 0.2542, "risk_tier": "medium", "colour": "#FFD600" }, "geometry": { "type": "Point", "coordinates": [ 6.55, 4.87 ] } },
{ "type": "Feature", "properties": { "crs": 0.196, "risk_tier": "low", "colour": "#69F0AE" }, "geometry": { "type": "Point", "coordinates": [ 6.56, 4.87 ] } },
{ "type": "Feature", "properties": { "crs": 0.195, "risk_tier": "low", "colour": "#69F0AE" }, "geometry": { "type": "Point", "coordinates": [ 6.57, 4.87 ] } },
{ "type": "Feature", "properties": { "crs": 0.2198, "risk_tier": "low", "colour": "#69F0AE" }, "geometry": { "type": "Point", "coordinates": [ 5.9, 4.88 ] } },
{ "type": "Feature", "properties": { "crs": 0.2197, "risk_tier": "low", "colour": "#69F0AE" }, "geometry": { "type": "Point", "coordinates": [ 5.91, 4.88 ] } },
{ "type": "Feature", "properties": { "crs": 0.2349, "risk_tier": "low", "colour": "#69F0AE" }, "geometry": { "type": "Point", "coordinates": [ 5.92, 4.88 ] } },
{ "type": "Feature", "properties": { "crs": 0.166, "risk_tier": "low", "colour": "#69F0AE" }, "geometry": { "type": "Point", "coordinates": [ 6.46, 4.88 ] } },
{ "type": "Feature", "properties": { "crs": 0.3266, "risk_tier": "medium", "colour": "#FFD600" }, "geometry": { "type": "Point", "coordinates": [ 6.47, 4.88 ] } },
{ "type": "Feature", "properties": { "crs": 0.3268, "risk_tier": "medium", "colour": "#FFD600" }, "geometry": { "type": "Point", "coordinates": [ 6.48, 4.88 ] } },
{ "type": "Feature", "properties": { "crs": 0.3238, "risk_tier": "medium", "colour": "#FFD600" }, "geometry": { "type": "Point", "coordinates": [ 6.49, 4.88 ] } },
{ "type": "Feature", "properties": { "crs": 0.324, "risk_tier": "medium", "colour": "#FFD600" }, "geometry": { "type": "Point", "coordinates": [ 6.5, 4.88 ] } },
{ "type": "Feature", "properties": { "crs": 0.3243, "risk_tier": "medium", "colour": "#FFD600" }, "geometry": { "type": "Point", "coordinates": [ 6.51, 4.88 ] } },
{ "type": "Feature", "properties": { "crs": 0.3581, "risk_tier": "medium", "colour": "#FFD600" }, "geometry": { "type": "Point", "coordinates": [ 6.52, 4.88 ] } },
{ "type": "Feature", "properties": { "crs": 0.3207, "risk_tier": "medium", "colour": "#FFD600" }, "geometry": { "type": "Point", "coordinates": [ 6.53, 4.88 ] } },
{ "type": "Feature", "properties": { "crs": 0.3093, "risk_tier": "medium", "colour": "#FFD600" }, "geometry": { "type": "Point", "coordinates": [ 6.54, 4.88 ] } },
{ "type": "Feature", "properties": { "crs": 0.3048, "risk_tier": "medium", "colour": "#FFD600" }, "geometry": { "type": "Point", "coordinates": [ 6.55, 4.88 ] } },
{ "type": "Feature", "properties": { "crs": 0.3196, "risk_tier": "medium", "colour": "#FFD600" }, "geometry": { "type": "Point", "coordinates": [ 6.56, 4.88 ] } },
{ "type": "Feature", "properties": { "crs": 0.2588, "risk_tier": "medium", "colour": "#FFD600" }, "geometry": { "type": "Point", "coordinates": [ 6.57, 4.88 ] } },
{ "type": "Feature", "properties": { "crs": 0.1915, "risk_tier": "low", "colour": "#69F0AE" }, "geometry": { "type": "Point", "coordinates": [ 6.58, 4.88 ] } },
{ "type": "Feature", "properties": { "crs": 0.1588, "risk_tier": "low", "colour": "#69F0AE" }, "geometry": { "type": "Point", "coordinates": [ 6.59, 4.88 ] } },
{ "type": "Feature", "properties": { "crs": 0.1696, "risk_tier": "low", "colour": "#69F0AE" }, "geometry": { "type": "Point", "coordinates": [ 6.6, 4.88 ] } },
{ "type": "Feature", "properties": { "crs": 0.2492, "risk_tier": "low", "colour": "#69F0AE" }, "geometry": { "type": "Point", "coordinates": [ 6.61, 4.88 ] } },
{ "type": "Feature", "properties": { "crs": 0.2527, "risk_tier": "medium", "colour": "#FFD600" }, "geometry": { "type": "Point", "coordinates": [ 6.62, 4.88 ] } },
{ "type": "Feature", "properties": { "crs": 0.2587, "risk_tier": "medium", "colour": "#FFD600" }, "geometry": { "type": "Point", "coordinates": [ 5.91, 4.89 ] } },
{ "type": "Feature", "properties": { "crs": 0.2349, "risk_tier": "low", "colour": "#69F0AE" }, "geometry": { "type": "Point", "coordinates": [ 5.92, 4.89 ] } },
{ "type": "Feature", "properties": { "crs": 0.2665, "risk_tier": "medium", "colour": "#FFD600" }, "geometry": { "type": "Point", "coordinates": [ 6.44, 4.89 ] } },
{ "type": "Feature", "properties": { "crs": 0.3418, "risk_tier": "medium", "colour": "#FFD600" }, "geometry": { "type": "Point", "coordinates": [ 6.45, 4.89 ] } },
{ "type": "Feature", "properties": { "crs": 0.3419, "risk_tier": "medium", "colour": "#FFD600" }, "geometry": { "type": "Point", "coordinates": [ 6.46, 4.89 ] } },
{ "type": "Feature", "properties": { "crs": 0.3421, "risk_tier": "medium", "colour": "#FFD600" }, "geometry": { "type": "Point", "coordinates": [ 6.47, 4.89 ] } },
{ "type": "Feature", "properties": { "crs": 0.3221, "risk_tier": "medium", "colour": "#FFD600" }, "geometry": { "type": "Point", "coordinates": [ 6.48, 4.89 ] } },
{ "type": "Feature", "properties": { "crs": 0.3289, "risk_tier": "medium", "colour": "#FFD600" }, "geometry": { "type": "Point", "coordinates": [ 6.49, 4.89 ] } },
{ "type": "Feature", "properties": { "crs": 0.3225, "risk_tier": "medium", "colour": "#FFD600" }, "geometry": { "type": "Point", "coordinates": [ 6.5, 4.89 ] } },
{ "type": "Feature", "properties": { "crs": 0.3228, "risk_tier": "medium", "colour": "#FFD600" }, "geometry": { "type": "Point", "coordinates": [ 6.51, 4.89 ] } },
{ "type": "Feature", "properties": { "crs": 0.3226, "risk_tier": "medium", "colour": "#FFD600" }, "geometry": { "type": "Point", "coordinates": [ 6.52, 4.89 ] } },
{ "type": "Feature", "properties": { "crs": 0.3207, "risk_tier": "medium", "colour": "#FFD600" }, "geometry": { "type": "Point", "coordinates": [ 6.53, 4.89 ] } },
{ "type": "Feature", "properties": { "crs": 0.3093, "risk_tier": "medium", "colour": "#FFD600" }, "geometry": { "type": "Point", "coordinates": [ 6.54, 4.89 ] } },
{ "type": "Feature", "properties": { "crs": 0.3096, "risk_tier": "medium", "colour": "#FFD600" }, "geometry": { "type": "Point", "coordinates": [ 6.55, 4.89 ] } },
{ "type": "Feature", "properties": { "crs": 0.3043, "risk_tier": "medium", "colour": "#FFD600" }, "geometry": { "type": "Point", "coordinates": [ 6.56, 4.89 ] } },
{ "type": "Feature", "properties": { "crs": 0.3135, "risk_tier": "medium", "colour": "#FFD600" }, "geometry": { "type": "Point", "coordinates": [ 6.57, 4.89 ] } },
{ "type": "Feature", "properties": { "crs": 0.2886, "risk_tier": "medium", "colour": "#FFD600" }, "geometry": { "type": "Point", "coordinates": [ 6.58, 4.89 ] } },
{ "type": "Feature", "properties": { "crs": 0.2442, "risk_tier": "low", "colour": "#69F0AE" }, "geometry": { "type": "Point", "coordinates": [ 6.59, 4.89 ] } },
{ "type": "Feature", "properties": { "crs": 0.2495, "risk_tier": "low", "colour": "#69F0AE" }, "geometry": { "type": "Point", "coordinates": [ 6.6, 4.89 ] } },
{ "type": "Feature", "properties": { "crs": 0.2572, "risk_tier": "medium", "colour": "#FFD600" }, "geometry": { "type": "Point", "coordinates": [ 6.61, 4.89 ] } },
{ "type": "Feature", "properties": { "crs": 0.2662, "risk_tier": "medium", "colour": "#FFD600" }, "geometry": { "type": "Point", "coordinates": [ 6.62, 4.89 ] } },
{ "type": "Feature", "properties": { "crs": 0.2669, "risk_tier": "medium", "colour": "#FFD600" }, "geometry": { "type": "Point", "coordinates": [ 6.63, 4.89 ] } },
{ "type": "Feature", "properties": { "crs": 0.2671, "risk_tier": "medium", "colour": "#FFD600" }, "geometry": { "type": "Point", "coordinates": [ 6.64, 4.89 ] } },
{ "type": "Feature", "properties": { "crs": 0.1601, "risk_tier": "low", "colour": "#69F0AE" }, "geometry": { "type": "Point", "coordinates": [ 7.19, 4.89 ] } },
{ "type": "Feature", "properties": { "crs": 0.1502, "risk_tier": "low", "colour": "#69F0AE" }, "geometry": { "type": "Point", "coordinates": [ 7.2, 4.89 ] } },
{ "type": "Feature", "properties": { "crs": 0.2349, "risk_tier": "low", "colour": "#69F0AE" }, "geometry": { "type": "Point", "coordinates": [ 5.91, 4.9 ] } },
{ "type": "Feature", "properties": { "crs": 0.2914, "risk_tier": "medium", "colour": "#FFD600" }, "geometry": { "type": "Point", "coordinates": [ 6.43, 4.9 ] } },
{ "type": "Feature", "properties": { "crs": 0.3613, "risk_tier": "medium", "colour": "#FFD600" }, "geometry": { "type": "Point", "coordinates": [ 6.44, 4.9 ] } },
{ "type": "Feature", "properties": { "crs": 0.3137, "risk_tier": "medium", "colour": "#FFD600" }, "geometry": { "type": "Point", "coordinates": [ 6.45, 4.9 ] } },
{ "type": "Feature", "properties": { "crs": 0.3138, "risk_tier": "medium", "colour": "#FFD600" }, "geometry": { "type": "Point", "coordinates": [ 6.46, 4.9 ] } },
{ "type": "Feature", "properties": { "crs": 0.3076, "risk_tier": "medium", "colour": "#FFD600" }, "geometry": { "type": "Point", "coordinates": [ 6.47, 4.9 ] } },
{ "type": "Feature", "properties": { "crs": 0.3287, "risk_tier": "medium", "colour": "#FFD600" }, "geometry": { "type": "Point", "coordinates": [ 6.48, 4.9 ] } },
{ "type": "Feature", "properties": { "crs": 0.3419, "risk_tier": "medium", "colour": "#FFD600" }, "geometry": { "type": "Point", "coordinates": [ 6.49, 4.9 ] } },
{ "type": "Feature", "properties": { "crs": 0.3226, "risk_tier": "medium", "colour": "#FFD600" }, "geometry": { "type": "Point", "coordinates": [ 6.5, 4.9 ] } },
{ "type": "Feature", "properties": { "crs": 0.3231, "risk_tier": "medium", "colour": "#FFD600" }, "geometry": { "type": "Point", "coordinates": [ 6.51, 4.9 ] } },
{ "type": "Feature", "properties": { "crs": 0.3229, "risk_tier": "medium", "colour": "#FFD600" }, "geometry": { "type": "Point", "coordinates": [ 6.52, 4.9 ] } },
{ "type": "Feature", "properties": { "crs": 0.3229, "risk_tier": "medium", "colour": "#FFD600" }, "geometry": { "type": "Point", "coordinates": [ 6.53, 4.9 ] } },
{ "type": "Feature", "properties": { "crs": 0.3141, "risk_tier": "medium", "colour": "#FFD600" }, "geometry": { "type": "Point", "coordinates": [ 6.54, 4.9 ] } },
{ "type": "Feature", "properties": { "crs": 0.3166, "risk_tier": "medium", "colour": "#FFD600" }, "geometry": { "type": "Point", "coordinates": [ 6.55, 4.9 ] } },
{ "type": "Feature", "properties": { "crs": 0.3099, "risk_tier": "medium", "colour": "#FFD600" }, "geometry": { "type": "Point", "coordinates": [ 6.56, 4.9 ] } },
{ "type": "Feature", "properties": { "crs": 0.3401, "risk_tier": "medium", "colour": "#FFD600" }, "geometry": { "type": "Point", "coordinates": [ 6.57, 4.9 ] } },
{ "type": "Feature", "properties": { "crs": 0.3293, "risk_tier": "medium", "colour": "#FFD600" }, "geometry": { "type": "Point", "coordinates": [ 6.58, 4.9 ] } },
{ "type": "Feature", "properties": { "crs": 0.3149, "risk_tier": "medium", "colour": "#FFD600" }, "geometry": { "type": "Point", "coordinates": [ 6.59, 4.9 ] } },
{ "type": "Feature", "properties": { "crs": 0.2694, "risk_tier": "medium", "colour": "#FFD600" }, "geometry": { "type": "Point", "coordinates": [ 6.6, 4.9 ] } },
{ "type": "Feature", "properties": { "crs": 0.264, "risk_tier": "medium", "colour": "#FFD600" }, "geometry": { "type": "Point", "coordinates": [ 6.61, 4.9 ] } },
{ "type": "Feature", "properties": { "crs": 0.2667, "risk_tier": "medium", "colour": "#FFD600" }, "geometry": { "type": "Point", "coordinates": [ 6.62, 4.9 ] } },
{ "type": "Feature", "properties": { "crs": 0.2669, "risk_tier": "medium", "colour": "#FFD600" }, "geometry": { "type": "Point", "coordinates": [ 6.63, 4.9 ] } },
{ "type": "Feature", "properties": { "crs": 0.2676, "risk_tier": "medium", "colour": "#FFD600" }, "geometry": { "type": "Point", "coordinates": [ 6.64, 4.9 ] } },
{ "type": "Feature", "properties": { "crs": 0.2833, "risk_tier": "medium", "colour": "#FFD600" }, "geometry": { "type": "Point", "coordinates": [ 6.65, 4.9 ] } },
{ "type": "Feature", "properties": { "crs": 0.2682, "risk_tier": "medium", "colour": "#FFD600" }, "geometry": { "type": "Point", "coordinates": [ 6.66, 4.9 ] } },
{ "type": "Feature", "properties": { "crs": 0.2648, "risk_tier": "medium", "colour": "#FFD600" }, "geometry": { "type": "Point", "coordinates": [ 6.41, 4.91 ] } },
{ "type": "Feature", "properties": { "crs": 0.2922, "risk_tier": "medium", "colour": "#FFD600" }, "geometry": { "type": "Point", "coordinates": [ 6.42, 4.91 ] } },
{ "type": "Feature", "properties": { "crs": 0.2945, "risk_tier": "medium", "colour": "#FFD600" }, "geometry": { "type": "Point", "coordinates": [ 6.43, 4.91 ] } },
{ "type": "Feature", "properties": { "crs": 0.3332, "risk_tier": "medium", "colour": "#FFD600" }, "geometry": { "type": "Point", "coordinates": [ 6.44, 4.91 ] } },
{ "type": "Feature", "properties": { "crs": 0.3137, "risk_tier": "medium", "colour": "#FFD600" }, "geometry": { "type": "Point", "coordinates": [ 6.45, 4.91 ] } },
{ "type": "Feature", "properties": { "crs": 0.3139, "risk_tier": "medium", "colour": "#FFD600" }, "geometry": { "type": "Point", "coordinates": [ 6.46, 4.91 ] } },
{ "type": "Feature", "properties": { "crs": 0.322, "risk_tier": "medium", "colour": "#FFD600" }, "geometry": { "type": "Point", "coordinates": [ 6.47, 4.91 ] } },
{ "type": "Feature", "properties": { "crs": 0.3221, "risk_tier": "medium", "colour": "#FFD600" }, "geometry": { "type": "Point", "coordinates": [ 6.48, 4.91 ] } },
{ "type": "Feature", "properties": { "crs": 0.3419, "risk_tier": "medium", "colour": "#FFD600" }, "geometry": { "type": "Point", "coordinates": [ 6.49, 4.91 ] } },
{ "type": "Feature", "properties": { "crs": 0.3226, "risk_tier": "medium", "colour": "#FFD600" }, "geometry": { "type": "Point", "coordinates": [ 6.5, 4.91 ] } },
{ "type": "Feature", "properties": { "crs": 0.3228, "risk_tier": "medium", "colour": "#FFD600" }, "geometry": { "type": "Point", "coordinates": [ 6.51, 4.91 ] } },
{ "type": "Feature", "properties": { "crs": 0.3229, "risk_tier": "medium", "colour": "#FFD600" }, "geometry": { "type": "Point", "coordinates": [ 6.52, 4.91 ] } },
{ "type": "Feature", "properties": { "crs": 0.3236, "risk_tier": "medium", "colour": "#FFD600" }, "geometry": { "type": "Point", "coordinates": [ 6.53, 4.91 ] } },
{ "type": "Feature", "properties": { "crs": 0.3148, "risk_tier": "medium", "colour": "#FFD600" }, "geometry": { "type": "Point", "coordinates": [ 6.54, 4.91 ] } },
{ "type": "Feature", "properties": { "crs": 0.311, "risk_tier": "medium", "colour": "#FFD600" }, "geometry": { "type": "Point", "coordinates": [ 6.55, 4.91 ] } },
{ "type": "Feature", "properties": { "crs": 0.3265, "risk_tier": "medium", "colour": "#FFD600" }, "geometry": { "type": "Point", "coordinates": [ 6.56, 4.91 ] } },
{ "type": "Feature", "properties": { "crs": 0.3483, "risk_tier": "medium", "colour": "#FFD600" }, "geometry": { "type": "Point", "coordinates": [ 6.57, 4.91 ] } },
{ "type": "Feature", "properties": { "crs": 0.3403, "risk_tier": "medium", "colour": "#FFD600" }, "geometry": { "type": "Point", "coordinates": [ 6.58, 4.91 ] } },
{ "type": "Feature", "properties": { "crs": 0.3411, "risk_tier": "medium", "colour": "#FFD600" }, "geometry": { "type": "Point", "coordinates": [ 6.59, 4.91 ] } },
{ "type": "Feature", "properties": { "crs": 0.2695, "risk_tier": "medium", "colour": "#FFD600" }, "geometry": { "type": "Point", "coordinates": [ 6.6, 4.91 ] } },
{ "type": "Feature", "properties": { "crs": 0.2643, "risk_tier": "medium", "colour": "#FFD600" }, "geometry": { "type": "Point", "coordinates": [ 6.61, 4.91 ] } },
{ "type": "Feature", "properties": { "crs": 0.2631, "risk_tier": "medium", "colour": "#FFD600" }, "geometry": { "type": "Point", "coordinates": [ 6.62, 4.91 ] } },
{ "type": "Feature", "properties": { "crs": 0.2634, "risk_tier": "medium", "colour": "#FFD600" }, "geometry": { "type": "Point", "coordinates": [ 6.63, 4.91 ] } },
{ "type": "Feature", "properties": { "crs": 0.2879, "risk_tier": "medium", "colour": "#FFD600" }, "geometry": { "type": "Point", "coordinates": [ 6.64, 4.91 ] } },
{ "type": "Feature", "properties": { "crs": 0.2651, "risk_tier": "medium", "colour": "#FFD600" }, "geometry": { "type": "Point", "coordinates": [ 6.65, 4.91 ] } },
{ "type": "Feature", "properties": { "crs": 0.2619, "risk_tier": "medium", "colour": "#FFD600" }, "geometry": { "type": "Point", "coordinates": [ 6.66, 4.91 ] } },
{ "type": "Feature", "properties": { "crs": 0.262, "risk_tier": "medium", "colour": "#FFD600" }, "geometry": { "type": "Point", "coordinates": [ 6.67, 4.91 ] } },
{ "type": "Feature", "properties": { "crs": 0.2621, "risk_tier": "medium", "colour": "#FFD600" }, "geometry": { "type": "Point", "coordinates": [ 6.68, 4.91 ] } },
{ "type": "Feature", "properties": { "crs": 0.3137, "risk_tier": "medium", "colour": "#FFD600" }, "geometry": { "type": "Point", "coordinates": [ 6.41, 4.92 ] } },
{ "type": "Feature", "properties": { "crs": 0.3138, "risk_tier": "medium", "colour": "#FFD600" }, "geometry": { "type": "Point", "coordinates": [ 6.42, 4.92 ] } },
{ "type": "Feature", "properties": { "crs": 0.32, "risk_tier": "medium", "colour": "#FFD600" }, "geometry": { "type": "Point", "coordinates": [ 6.43, 4.92 ] } },
{ "type": "Feature", "properties": { "crs": 0.3202, "risk_tier": "medium", "colour": "#FFD600" }, "geometry": { "type": "Point", "coordinates": [ 6.44, 4.92 ] } },
{ "type": "Feature", "properties": { "crs": 0.3137, "risk_tier": "medium", "colour": "#FFD600" }, "geometry": { "type": "Point", "coordinates": [ 6.45, 4.92 ] } },
{ "type": "Feature", "properties": { "crs": 0.3075, "risk_tier": "medium", "colour": "#FFD600" }, "geometry": { "type": "Point", "coordinates": [ 6.46, 4.92 ] } },
{ "type": "Feature", "properties": { "crs": 0.322, "risk_tier": "medium", "colour": "#FFD600" }, "geometry": { "type": "Point", "coordinates": [ 6.47, 4.92 ] } },
{ "type": "Feature", "properties": { "crs": 0.3222, "risk_tier": "medium", "colour": "#FFD600" }, "geometry": { "type": "Point", "coordinates": [ 6.48, 4.92 ] } },
{ "type": "Feature", "properties": { "crs": 0.3224, "risk_tier": "medium", "colour": "#FFD600" }, "geometry": { "type": "Point", "coordinates": [ 6.49, 4.92 ] } },
{ "type": "Feature", "properties": { "crs": 0.3226, "risk_tier": "medium", "colour": "#FFD600" }, "geometry": { "type": "Point", "coordinates": [ 6.5, 4.92 ] } },
{ "type": "Feature", "properties": { "crs": 0.3228, "risk_tier": "medium", "colour": "#FFD600" }, "geometry": { "type": "Point", "coordinates": [ 6.51, 4.92 ] } },
{ "type": "Feature", "properties": { "crs": 0.3231, "risk_tier": "medium", "colour": "#FFD600" }, "geometry": { "type": "Point", "coordinates": [ 6.52, 4.92 ] } },
{ "type": "Feature", "properties": { "crs": 0.3237, "risk_tier": "medium", "colour": "#FFD600" }, "geometry": { "type": "Point", "coordinates": [ 6.53, 4.92 ] } },
{ "type": "Feature", "properties": { "crs": 0.33, "risk_tier": "medium", "colour": "#FFD600" }, "geometry": { "type": "Point", "coordinates": [ 6.54, 4.92 ] } },
{ "type": "Feature", "properties": { "crs": 0.3256, "risk_tier": "medium", "colour": "#FFD600" }, "geometry": { "type": "Point", "coordinates": [ 6.55, 4.92 ] } },
{ "type": "Feature", "properties": { "crs": 0.3269, "risk_tier": "medium", "colour": "#FFD600" }, "geometry": { "type": "Point", "coordinates": [ 6.56, 4.92 ] } },
{ "type": "Feature", "properties": { "crs": 0.3259, "risk_tier": "medium", "colour": "#FFD600" }, "geometry": { "type": "Point", "coordinates": [ 6.57, 4.92 ] } },
{ "type": "Feature", "properties": { "crs": 0.3269, "risk_tier": "medium", "colour": "#FFD600" }, "geometry": { "type": "Point", "coordinates": [ 6.58, 4.92 ] } },
{ "type": "Feature", "properties": { "crs": 0.3373, "risk_tier": "medium", "colour": "#FFD600" }, "geometry": { "type": "Point", "coordinates": [ 6.59, 4.92 ] } },
{ "type": "Feature", "properties": { "crs": 0.3109, "risk_tier": "medium", "colour": "#FFD600" }, "geometry": { "type": "Point", "coordinates": [ 6.6, 4.92 ] } },
{ "type": "Feature", "properties": { "crs": 0.263, "risk_tier": "medium", "colour": "#FFD600" }, "geometry": { "type": "Point", "coordinates": [ 6.61, 4.92 ] } },
{ "type": "Feature", "properties": { "crs": 0.2766, "risk_tier": "medium", "colour": "#FFD600" }, "geometry": { "type": "Point", "coordinates": [ 6.62, 4.92 ] } },
{ "type": "Feature", "properties": { "crs": 0.2703, "risk_tier": "medium", "colour": "#FFD600" }, "geometry": { "type": "Point", "coordinates": [ 6.63, 4.92 ] } },
{ "type": "Feature", "properties": { "crs": 0.2705, "risk_tier": "medium", "colour": "#FFD600" }, "geometry": { "type": "Point", "coordinates": [ 6.64, 4.92 ] } },
{ "type": "Feature", "properties": { "crs": 0.2881, "risk_tier": "medium", "colour": "#FFD600" }, "geometry": { "type": "Point", "coordinates": [ 6.65, 4.92 ] } },
{ "type": "Feature", "properties": { "crs": 0.2772, "risk_tier": "medium", "colour": "#FFD600" }, "geometry": { "type": "Point", "coordinates": [ 6.66, 4.92 ] } },
{ "type": "Feature", "properties": { "crs": 0.3344, "risk_tier": "medium", "colour": "#FFD600" }, "geometry": { "type": "Point", "coordinates": [ 6.67, 4.92 ] } },
{ "type": "Feature", "properties": { "crs": 0.3345, "risk_tier": "medium", "colour": "#FFD600" }, "geometry": { "type": "Point", "coordinates": [ 6.68, 4.92 ] } },
{ "type": "Feature", "properties": { "crs": 0.2218, "risk_tier": "low", "colour": "#69F0AE" }, "geometry": { "type": "Point", "coordinates": [ 6.4, 4.93 ] } },
{ "type": "Feature", "properties": { "crs": 0.3116, "risk_tier": "medium", "colour": "#FFD600" }, "geometry": { "type": "Point", "coordinates": [ 6.41, 4.93 ] } },
{ "type": "Feature", "properties": { "crs": 0.3138, "risk_tier": "medium", "colour": "#FFD600" }, "geometry": { "type": "Point", "coordinates": [ 6.42, 4.93 ] } },
{ "type": "Feature", "properties": { "crs": 0.3331, "risk_tier": "medium", "colour": "#FFD600" }, "geometry": { "type": "Point", "coordinates": [ 6.43, 4.93 ] } },
{ "type": "Feature", "properties": { "crs": 0.3332, "risk_tier": "medium", "colour": "#FFD600" }, "geometry": { "type": "Point", "coordinates": [ 6.44, 4.93 ] } },
{ "type": "Feature", "properties": { "crs": 0.3334, "risk_tier": "medium", "colour": "#FFD600" }, "geometry": { "type": "Point", "coordinates": [ 6.45, 4.93 ] } },
{ "type": "Feature", "properties": { "crs": 0.3271, "risk_tier": "medium", "colour": "#FFD600" }, "geometry": { "type": "Point", "coordinates": [ 6.46, 4.93 ] } },
{ "type": "Feature", "properties": { "crs": 0.322, "risk_tier": "medium", "colour": "#FFD600" }, "geometry": { "type": "Point", "coordinates": [ 6.47, 4.93 ] } },
{ "type": "Feature", "properties": { "crs": 0.3418, "risk_tier": "medium", "colour": "#FFD600" }, "geometry": { "type": "Point", "coordinates": [ 6.48, 4.93 ] } },
{ "type": "Feature", "properties": { "crs": 0.342, "risk_tier": "medium", "colour": "#FFD600" }, "geometry": { "type": "Point", "coordinates": [ 6.49, 4.93 ] } },
{ "type": "Feature", "properties": { "crs": 0.341, "risk_tier": "medium", "colour": "#FFD600" }, "geometry": { "type": "Point", "coordinates": [ 6.5, 4.93 ] } },
{ "type": "Feature", "properties": { "crs": 0.3221, "risk_tier": "medium", "colour": "#FFD600" }, "geometry": { "type": "Point", "coordinates": [ 6.51, 4.93 ] } },
{ "type": "Feature", "properties": { "crs": 0.3237, "risk_tier": "medium", "colour": "#FFD600" }, "geometry": { "type": "Point", "coordinates": [ 6.52, 4.93 ] } },
{ "type": "Feature", "properties": { "crs": 0.3435, "risk_tier": "medium", "colour": "#FFD600" }, "geometry": { "type": "Point", "coordinates": [ 6.53, 4.93 ] } },
{ "type": "Feature", "properties": { "crs": 0.33, "risk_tier": "medium", "colour": "#FFD600" }, "geometry": { "type": "Point", "coordinates": [ 6.54, 4.93 ] } },
{ "type": "Feature", "properties": { "crs": 0.3256, "risk_tier": "medium", "colour": "#FFD600" }, "geometry": { "type": "Point", "coordinates": [ 6.55, 4.93 ] } },
{ "type": "Feature", "properties": { "crs": 0.3263, "risk_tier": "medium", "colour": "#FFD600" }, "geometry": { "type": "Point", "coordinates": [ 6.56, 4.93 ] } },
{ "type": "Feature", "properties": { "crs": 0.3268, "risk_tier": "medium", "colour": "#FFD600" }, "geometry": { "type": "Point", "coordinates": [ 6.57, 4.93 ] } },
{ "type": "Feature", "properties": { "crs": 0.3376, "risk_tier": "medium", "colour": "#FFD600" }, "geometry": { "type": "Point", "coordinates": [ 6.58, 4.93 ] } },
{ "type": "Feature", "properties": { "crs": 0.3381, "risk_tier": "medium", "colour": "#FFD600" }, "geometry": { "type": "Point", "coordinates": [ 6.59, 4.93 ] } },
{ "type": "Feature", "properties": { "crs": 0.3363, "risk_tier": "medium", "colour": "#FFD600" }, "geometry": { "type": "Point", "coordinates": [ 6.6, 4.93 ] } },
{ "type": "Feature", "properties": { "crs": 0.27, "risk_tier": "medium", "colour": "#FFD600" }, "geometry": { "type": "Point", "coordinates": [ 6.61, 4.93 ] } },
{ "type": "Feature", "properties": { "crs": 0.2701, "risk_tier": "medium", "colour": "#FFD600" }, "geometry": { "type": "Point", "coordinates": [ 6.62, 4.93 ] } },
{ "type": "Feature", "properties": { "crs": 0.2703, "risk_tier": "medium", "colour": "#FFD600" }, "geometry": { "type": "Point", "coordinates": [ 6.63, 4.93 ] } },
{ "type": "Feature", "properties": { "crs": 0.34, "risk_tier": "medium", "colour": "#FFD600" }, "geometry": { "type": "Point", "coordinates": [ 6.64, 4.93 ] } },
{ "type": "Feature", "properties": { "crs": 0.3401, "risk_tier": "medium", "colour": "#FFD600" }, "geometry": { "type": "Point", "coordinates": [ 6.65, 4.93 ] } },
{ "type": "Feature", "properties": { "crs": 0.3302, "risk_tier": "medium", "colour": "#FFD600" }, "geometry": { "type": "Point", "coordinates": [ 6.66, 4.93 ] } },
{ "type": "Feature", "properties": { "crs": 0.3303, "risk_tier": "medium", "colour": "#FFD600" }, "geometry": { "type": "Point", "coordinates": [ 6.67, 4.93 ] } },
{ "type": "Feature", "properties": { "crs": 0.3344, "risk_tier": "medium", "colour": "#FFD600" }, "geometry": { "type": "Point", "coordinates": [ 6.68, 4.93 ] } },
{ "type": "Feature", "properties": { "crs": 0.3299, "risk_tier": "medium", "colour": "#FFD600" }, "geometry": { "type": "Point", "coordinates": [ 6.69, 4.93 ] } },
{ "type": "Feature", "properties": { "crs": 0.2972, "risk_tier": "medium", "colour": "#FFD600" }, "geometry": { "type": "Point", "coordinates": [ 6.7, 4.93 ] } },
{ "type": "Feature", "properties": { "crs": 0.1983, "risk_tier": "low", "colour": "#69F0AE" }, "geometry": { "type": "Point", "coordinates": [ 6.71, 4.93 ] } },
{ "type": "Feature", "properties": { "crs": 0.1557, "risk_tier": "low", "colour": "#69F0AE" }, "geometry": { "type": "Point", "coordinates": [ 7.18, 4.93 ] } },
{ "type": "Feature", "properties": { "crs": 0.2219, "risk_tier": "low", "colour": "#69F0AE" }, "geometry": { "type": "Point", "coordinates": [ 6.39, 4.94 ] } },
{ "type": "Feature", "properties": { "crs": 0.2218, "risk_tier": "low", "colour": "#69F0AE" }, "geometry": { "type": "Point", "coordinates": [ 6.4, 4.94 ] } },
{ "type": "Feature", "properties": { "crs": 0.2921, "risk_tier": "medium", "colour": "#FFD600" }, "geometry": { "type": "Point", "coordinates": [ 6.41, 4.94 ] } },
{ "type": "Feature", "properties": { "crs": 0.3134, "risk_tier": "medium", "colour": "#FFD600" }, "geometry": { "type": "Point", "coordinates": [ 6.42, 4.94 ] } },
{ "type": "Feature", "properties": { "crs": 0.3135, "risk_tier": "medium", "colour": "#FFD600" }, "geometry": { "type": "Point", "coordinates": [ 6.43, 4.94 ] } },
{ "type": "Feature", "properties": { "crs": 0.3136, "risk_tier": "medium", "colour": "#FFD600" }, "geometry": { "type": "Point", "coordinates": [ 6.44, 4.94 ] } },
{ "type": "Feature", "properties": { "crs": 0.3138, "risk_tier": "medium", "colour": "#FFD600" }, "geometry": { "type": "Point", "coordinates": [ 6.45, 4.94 ] } },
{ "type": "Feature", "properties": { "crs": 0.3075, "risk_tier": "medium", "colour": "#FFD600" }, "geometry": { "type": "Point", "coordinates": [ 6.46, 4.94 ] } },
{ "type": "Feature", "properties": { "crs": 0.322, "risk_tier": "medium", "colour": "#FFD600" }, "geometry": { "type": "Point", "coordinates": [ 6.47, 4.94 ] } },
{ "type": "Feature", "properties": { "crs": 0.3418, "risk_tier": "medium", "colour": "#FFD600" }, "geometry": { "type": "Point", "coordinates": [ 6.48, 4.94 ] } },
{ "type": "Feature", "properties": { "crs": 0.3408, "risk_tier": "medium", "colour": "#FFD600" }, "geometry": { "type": "Point", "coordinates": [ 6.49, 4.94 ] } },
{ "type": "Feature", "properties": { "crs": 0.3415, "risk_tier": "medium", "colour": "#FFD600" }, "geometry": { "type": "Point", "coordinates": [ 6.5, 4.94 ] } },
{ "type": "Feature", "properties": { "crs": 0.3431, "risk_tier": "medium", "colour": "#FFD600" }, "geometry": { "type": "Point", "coordinates": [ 6.51, 4.94 ] } },
{ "type": "Feature", "properties": { "crs": 0.3242, "risk_tier": "medium", "colour": "#FFD600" }, "geometry": { "type": "Point", "coordinates": [ 6.52, 4.94 ] } },
{ "type": "Feature", "properties": { "crs": 0.344, "risk_tier": "medium", "colour": "#FFD600" }, "geometry": { "type": "Point", "coordinates": [ 6.53, 4.94 ] } },
{ "type": "Feature", "properties": { "crs": 0.3366, "risk_tier": "medium", "colour": "#FFD600" }, "geometry": { "type": "Point", "coordinates": [ 6.54, 4.94 ] } },
{ "type": "Feature", "properties": { "crs": 0.3458, "risk_tier": "medium", "colour": "#FFD600" }, "geometry": { "type": "Point", "coordinates": [ 6.55, 4.94 ] } },
{ "type": "Feature", "properties": { "crs": 0.3305, "risk_tier": "medium", "colour": "#FFD600" }, "geometry": { "type": "Point", "coordinates": [ 6.56, 4.94 ] } },
{ "type": "Feature", "properties": { "crs": 0.4338, "risk_tier": "medium", "colour": "#FFD600" }, "geometry": { "type": "Point", "coordinates": [ 6.57, 4.94 ] } },
{ "type": "Feature", "properties": { "crs": 0.4284, "risk_tier": "medium", "colour": "#FFD600" }, "geometry": { "type": "Point", "coordinates": [ 6.58, 4.94 ] } },
{ "type": "Feature", "properties": { "crs": 0.4381, "risk_tier": "medium", "colour": "#FFD600" }, "geometry": { "type": "Point", "coordinates": [ 6.59, 4.94 ] } },
{ "type": "Feature", "properties": { "crs": 0.4384, "risk_tier": "medium", "colour": "#FFD600" }, "geometry": { "type": "Point", "coordinates": [ 6.6, 4.94 ] } },
{ "type": "Feature", "properties": { "crs": 0.3112, "risk_tier": "medium", "colour": "#FFD600" }, "geometry": { "type": "Point", "coordinates": [ 6.61, 4.94 ] } },
{ "type": "Feature", "properties": { "crs": 0.2824, "risk_tier": "medium", "colour": "#FFD600" }, "geometry": { "type": "Point", "coordinates": [ 6.62, 4.94 ] } },
{ "type": "Feature", "properties": { "crs": 0.3808, "risk_tier": "medium", "colour": "#FFD600" }, "geometry": { "type": "Point", "coordinates": [ 6.63, 4.94 ] } },
{ "type": "Feature", "properties": { "crs": 0.34, "risk_tier": "medium", "colour": "#FFD600" }, "geometry": { "type": "Point", "coordinates": [ 6.64, 4.94 ] } },
{ "type": "Feature", "properties": { "crs": 0.3862, "risk_tier": "medium", "colour": "#FFD600" }, "geometry": { "type": "Point", "coordinates": [ 6.65, 4.94 ] } },
{ "type": "Feature", "properties": { "crs": 0.332, "risk_tier": "medium", "colour": "#FFD600" }, "geometry": { "type": "Point", "coordinates": [ 6.66, 4.94 ] } },
{ "type": "Feature", "properties": { "crs": 0.3303, "risk_tier": "medium", "colour": "#FFD600" }, "geometry": { "type": "Point", "coordinates": [ 6.67, 4.94 ] } },
{ "type": "Feature", "properties": { "crs": 0.3304, "risk_tier": "medium", "colour": "#FFD600" }, "geometry": { "type": "Point", "coordinates": [ 6.68, 4.94 ] } },
{ "type": "Feature", "properties": { "crs": 0.3304, "risk_tier": "medium", "colour": "#FFD600" }, "geometry": { "type": "Point", "coordinates": [ 6.69, 4.94 ] } },
{ "type": "Feature", "properties": { "crs": 0.3305, "risk_tier": "medium", "colour": "#FFD600" }, "geometry": { "type": "Point", "coordinates": [ 6.7, 4.94 ] } },
{ "type": "Feature", "properties": { "crs": 0.3424, "risk_tier": "medium", "colour": "#FFD600" }, "geometry": { "type": "Point", "coordinates": [ 6.71, 4.94 ] } },
{ "type": "Feature", "properties": { "crs": 0.3088, "risk_tier": "medium", "colour": "#FFD600" }, "geometry": { "type": "Point", "coordinates": [ 6.72, 4.94 ] } },
{ "type": "Feature", "properties": { "crs": 0.2069, "risk_tier": "low", "colour": "#69F0AE" }, "geometry": { "type": "Point", "coordinates": [ 6.73, 4.94 ] } },
{ "type": "Feature", "properties": { "crs": 0.2236, "risk_tier": "low", "colour": "#69F0AE" }, "geometry": { "type": "Point", "coordinates": [ 6.39, 4.95 ] } },
{ "type": "Feature", "properties": { "crs": 0.2234, "risk_tier": "low", "colour": "#69F0AE" }, "geometry": { "type": "Point", "coordinates": [ 6.4, 4.95 ] } },
{ "type": "Feature", "properties": { "crs": 0.2959, "risk_tier": "medium", "colour": "#FFD600" }, "geometry": { "type": "Point", "coordinates": [ 6.41, 4.95 ] } },
{ "type": "Feature", "properties": { "crs": 0.316, "risk_tier": "medium", "colour": "#FFD600" }, "geometry": { "type": "Point", "coordinates": [ 6.42, 4.95 ] } },
{ "type": "Feature", "properties": { "crs": 0.3161, "risk_tier": "medium", "colour": "#FFD600" }, "geometry": { "type": "Point", "coordinates": [ 6.43, 4.95 ] } },
{ "type": "Feature", "properties": { "crs": 0.3163, "risk_tier": "medium", "colour": "#FFD600" }, "geometry": { "type": "Point", "coordinates": [ 6.44, 4.95 ] } },
{ "type": "Feature", "properties": { "crs": 0.3164, "risk_tier": "medium", "colour": "#FFD600" }, "geometry": { "type": "Point", "coordinates": [ 6.45, 4.95 ] } },
{ "type": "Feature", "properties": { "crs": 0.3102, "risk_tier": "medium", "colour": "#FFD600" }, "geometry": { "type": "Point", "coordinates": [ 6.46, 4.95 ] } },
{ "type": "Feature", "properties": { "crs": 0.331, "risk_tier": "medium", "colour": "#FFD600" }, "geometry": { "type": "Point", "coordinates": [ 6.47, 4.95 ] } },
{ "type": "Feature", "properties": { "crs": 0.3296, "risk_tier": "medium", "colour": "#FFD600" }, "geometry": { "type": "Point", "coordinates": [ 6.48, 4.95 ] } },
{ "type": "Feature", "properties": { "crs": 0.3304, "risk_tier": "medium", "colour": "#FFD600" }, "geometry": { "type": "Point", "coordinates": [ 6.49, 4.95 ] } },
{ "type": "Feature", "properties": { "crs": 0.3306, "risk_tier": "medium", "colour": "#FFD600" }, "geometry": { "type": "Point", "coordinates": [ 6.5, 4.95 ] } },
{ "type": "Feature", "properties": { "crs": 0.3382, "risk_tier": "medium", "colour": "#FFD600" }, "geometry": { "type": "Point", "coordinates": [ 6.51, 4.95 ] } },
{ "type": "Feature", "properties": { "crs": 0.3084, "risk_tier": "medium", "colour": "#FFD600" }, "geometry": { "type": "Point", "coordinates": [ 6.52, 4.95 ] } },
{ "type": "Feature", "properties": { "crs": 0.3084, "risk_tier": "medium", "colour": "#FFD600" }, "geometry": { "type": "Point", "coordinates": [ 6.53, 4.95 ] } },
{ "type": "Feature", "properties": { "crs": 0.3742, "risk_tier": "medium", "colour": "#FFD600" }, "geometry": { "type": "Point", "coordinates": [ 6.54, 4.95 ] } },
{ "type": "Feature", "properties": { "crs": 0.3527, "risk_tier": "medium", "colour": "#FFD600" }, "geometry": { "type": "Point", "coordinates": [ 6.55, 4.95 ] } },
{ "type": "Feature", "properties": { "crs": 0.4614, "risk_tier": "medium", "colour": "#FFD600" }, "geometry": { "type": "Point", "coordinates": [ 6.56, 4.95 ] } },
{ "type": "Feature", "properties": { "crs": 0.4566, "risk_tier": "medium", "colour": "#FFD600" }, "geometry": { "type": "Point", "coordinates": [ 6.57, 4.95 ] } },
{ "type": "Feature", "properties": { "crs": 0.4445, "risk_tier": "medium", "colour": "#FFD600" }, "geometry": { "type": "Point", "coordinates": [ 6.58, 4.95 ] } },
{ "type": "Feature", "properties": { "crs": 0.4369, "risk_tier": "medium", "colour": "#FFD600" }, "geometry": { "type": "Point", "coordinates": [ 6.59, 4.95 ] } },
{ "type": "Feature", "properties": { "crs": 0.4425, "risk_tier": "medium", "colour": "#FFD600" }, "geometry": { "type": "Point", "coordinates": [ 6.6, 4.95 ] } },
{ "type": "Feature", "properties": { "crs": 0.4413, "risk_tier": "medium", "colour": "#FFD600" }, "geometry": { "type": "Point", "coordinates": [ 6.61, 4.95 ] } },
{ "type": "Feature", "properties": { "crs": 0.3956, "risk_tier": "medium", "colour": "#FFD600" }, "geometry": { "type": "Point", "coordinates": [ 6.62, 4.95 ] } },
{ "type": "Feature", "properties": { "crs": 0.391, "risk_tier": "medium", "colour": "#FFD600" }, "geometry": { "type": "Point", "coordinates": [ 6.63, 4.95 ] } },
{ "type": "Feature", "properties": { "crs": 0.4181, "risk_tier": "medium", "colour": "#FFD600" }, "geometry": { "type": "Point", "coordinates": [ 6.64, 4.95 ] } },
{ "type": "Feature", "properties": { "crs": 0.4374, "risk_tier": "medium", "colour": "#FFD600" }, "geometry": { "type": "Point", "coordinates": [ 6.65, 4.95 ] } },
{ "type": "Feature", "properties": { "crs": 0.3556, "risk_tier": "medium", "colour": "#FFD600" }, "geometry": { "type": "Point", "coordinates": [ 6.66, 4.95 ] } },
{ "type": "Feature", "properties": { "crs": 0.3558, "risk_tier": "medium", "colour": "#FFD600" }, "geometry": { "type": "Point", "coordinates": [ 6.67, 4.95 ] } },
{ "type": "Feature", "properties": { "crs": 0.358, "risk_tier": "medium", "colour": "#FFD600" }, "geometry": { "type": "Point", "coordinates": [ 6.68, 4.95 ] } },
{ "type": "Feature", "properties": { "crs": 0.3414, "risk_tier": "medium", "colour": "#FFD600" }, "geometry": { "type": "Point", "coordinates": [ 6.69, 4.95 ] } },
{ "type": "Feature", "properties": { "crs": 0.3415, "risk_tier": "medium", "colour": "#FFD600" }, "geometry": { "type": "Point", "coordinates": [ 6.7, 4.95 ] } },
{ "type": "Feature", "properties": { "crs": 0.3698, "risk_tier": "medium", "colour": "#FFD600" }, "geometry": { "type": "Point", "coordinates": [ 6.71, 4.95 ] } },
{ "type": "Feature", "properties": { "crs": 0.3699, "risk_tier": "medium", "colour": "#FFD600" }, "geometry": { "type": "Point", "coordinates": [ 6.72, 4.95 ] } },
{ "type": "Feature", "properties": { "crs": 0.3532, "risk_tier": "medium", "colour": "#FFD600" }, "geometry": { "type": "Point", "coordinates": [ 6.73, 4.95 ] } },
{ "type": "Feature", "properties": { "crs": 0.4076, "risk_tier": "medium", "colour": "#FFD600" }, "geometry": { "type": "Point", "coordinates": [ 6.74, 4.95 ] } },
{ "type": "Feature", "properties": { "crs": 0.1503, "risk_tier": "low", "colour": "#69F0AE" }, "geometry": { "type": "Point", "coordinates": [ 7.2, 4.95 ] } },
{ "type": "Feature", "properties": { "crs": 0.2236, "risk_tier": "low", "colour": "#69F0AE" }, "geometry": { "type": "Point", "coordinates": [ 6.39, 4.96 ] } },
{ "type": "Feature", "properties": { "crs": 0.2277, "risk_tier": "low", "colour": "#69F0AE" }, "geometry": { "type": "Point", "coordinates": [ 6.4, 4.96 ] } },
{ "type": "Feature", "properties": { "crs": 0.2958, "risk_tier": "medium", "colour": "#FFD600" }, "geometry": { "type": "Point", "coordinates": [ 6.41, 4.96 ] } },
{ "type": "Feature", "properties": { "crs": 0.3161, "risk_tier": "medium", "colour": "#FFD600" }, "geometry": { "type": "Point", "coordinates": [ 6.42, 4.96 ] } },
{ "type": "Feature", "properties": { "crs": 0.3162, "risk_tier": "medium", "colour": "#FFD600" }, "geometry": { "type": "Point", "coordinates": [ 6.43, 4.96 ] } },
{ "type": "Feature", "properties": { "crs": 0.3163, "risk_tier": "medium", "colour": "#FFD600" }, "geometry": { "type": "Point", "coordinates": [ 6.44, 4.96 ] } },
{ "type": "Feature", "properties": { "crs": 0.3165, "risk_tier": "medium", "colour": "#FFD600" }, "geometry": { "type": "Point", "coordinates": [ 6.45, 4.96 ] } },
{ "type": "Feature", "properties": { "crs": 0.3303, "risk_tier": "medium", "colour": "#FFD600" }, "geometry": { "type": "Point", "coordinates": [ 6.46, 4.96 ] } },
{ "type": "Feature", "properties": { "crs": 0.331, "risk_tier": "medium", "colour": "#FFD600" }, "geometry": { "type": "Point", "coordinates": [ 6.47, 4.96 ] } },
{ "type": "Feature", "properties": { "crs": 0.3312, "risk_tier": "medium", "colour": "#FFD600" }, "geometry": { "type": "Point", "coordinates": [ 6.48, 4.96 ] } },
{ "type": "Feature", "properties": { "crs": 0.3304, "risk_tier": "medium", "colour": "#FFD600" }, "geometry": { "type": "Point", "coordinates": [ 6.49, 4.96 ] } },
{ "type": "Feature", "properties": { "crs": 0.3314, "risk_tier": "medium", "colour": "#FFD600" }, "geometry": { "type": "Point", "coordinates": [ 6.5, 4.96 ] } },
{ "type": "Feature", "properties": { "crs": 0.3206, "risk_tier": "medium", "colour": "#FFD600" }, "geometry": { "type": "Point", "coordinates": [ 6.51, 4.96 ] } },
{ "type": "Feature", "properties": { "crs": 0.2243, "risk_tier": "low", "colour": "#69F0AE" }, "geometry": { "type": "Point", "coordinates": [ 6.52, 4.96 ] } },
{ "type": "Feature", "properties": { "crs": 0.309, "risk_tier": "medium", "colour": "#FFD600" }, "geometry": { "type": "Point", "coordinates": [ 6.53, 4.96 ] } },
{ "type": "Feature", "properties": { "crs": 0.3605, "risk_tier": "medium", "colour": "#FFD600" }, "geometry": { "type": "Point", "coordinates": [ 6.54, 4.96 ] } },
{ "type": "Feature", "properties": { "crs": 0.4354, "risk_tier": "medium", "colour": "#FFD600" }, "geometry": { "type": "Point", "coordinates": [ 6.55, 4.96 ] } },
{ "type": "Feature", "properties": { "crs": 0.4547, "risk_tier": "medium", "colour": "#FFD600" }, "geometry": { "type": "Point", "coordinates": [ 6.56, 4.96 ] } },
{ "type": "Feature", "properties": { "crs": 0.455, "risk_tier": "medium", "colour": "#FFD600" }, "geometry": { "type": "Point", "coordinates": [ 6.57, 4.96 ] } },
{ "type": "Feature", "properties": { "crs": 0.4497, "risk_tier": "medium", "colour": "#FFD600" }, "geometry": { "type": "Point", "coordinates": [ 6.58, 4.96 ] } },
{ "type": "Feature", "properties": { "crs": 0.5169, "risk_tier": "high", "colour": "#FF6D00" }, "geometry": { "type": "Point", "coordinates": [ 6.59, 4.96 ] } },
{ "type": "Feature", "properties": { "crs": 0.4289, "risk_tier": "medium", "colour": "#FFD600" }, "geometry": { "type": "Point", "coordinates": [ 6.6, 4.96 ] } },
{ "type": "Feature", "properties": { "crs": 0.4278, "risk_tier": "medium", "colour": "#FFD600" }, "geometry": { "type": "Point", "coordinates": [ 6.61, 4.96 ] } },
{ "type": "Feature", "properties": { "crs": 0.4287, "risk_tier": "medium", "colour": "#FFD600" }, "geometry": { "type": "Point", "coordinates": [ 6.62, 4.96 ] } },
{ "type": "Feature", "properties": { "crs": 0.4179, "risk_tier": "medium", "colour": "#FFD600" }, "geometry": { "type": "Point", "coordinates": [ 6.63, 4.96 ] } },
{ "type": "Feature", "properties": { "crs": 0.418, "risk_tier": "medium", "colour": "#FFD600" }, "geometry": { "type": "Point", "coordinates": [ 6.64, 4.96 ] } },
{ "type": "Feature", "properties": { "crs": 0.4182, "risk_tier": "medium", "colour": "#FFD600" }, "geometry": { "type": "Point", "coordinates": [ 6.65, 4.96 ] } },
{ "type": "Feature", "properties": { "crs": 0.3541, "risk_tier": "medium", "colour": "#FFD600" }, "geometry": { "type": "Point", "coordinates": [ 6.66, 4.96 ] } },
{ "type": "Feature", "properties": { "crs": 0.3543, "risk_tier": "medium", "colour": "#FFD600" }, "geometry": { "type": "Point", "coordinates": [ 6.67, 4.96 ] } },
{ "type": "Feature", "properties": { "crs": 0.3674, "risk_tier": "medium", "colour": "#FFD600" }, "geometry": { "type": "Point", "coordinates": [ 6.68, 4.96 ] } },
{ "type": "Feature", "properties": { "crs": 0.3566, "risk_tier": "medium", "colour": "#FFD600" }, "geometry": { "type": "Point", "coordinates": [ 6.69, 4.96 ] } },
{ "type": "Feature", "properties": { "crs": 0.3697, "risk_tier": "medium", "colour": "#FFD600" }, "geometry": { "type": "Point", "coordinates": [ 6.7, 4.96 ] } },
{ "type": "Feature", "properties": { "crs": 0.3697, "risk_tier": "medium", "colour": "#FFD600" }, "geometry": { "type": "Point", "coordinates": [ 6.71, 4.96 ] } },
{ "type": "Feature", "properties": { "crs": 0.353, "risk_tier": "medium", "colour": "#FFD600" }, "geometry": { "type": "Point", "coordinates": [ 6.72, 4.96 ] } },
{ "type": "Feature", "properties": { "crs": 0.3992, "risk_tier": "medium", "colour": "#FFD600" }, "geometry": { "type": "Point", "coordinates": [ 6.73, 4.96 ] } },
{ "type": "Feature", "properties": { "crs": 0.4404, "risk_tier": "medium", "colour": "#FFD600" }, "geometry": { "type": "Point", "coordinates": [ 6.74, 4.96 ] } },
{ "type": "Feature", "properties": { "crs": 0.1875, "risk_tier": "low", "colour": "#69F0AE" }, "geometry": { "type": "Point", "coordinates": [ 6.38, 4.97 ] } },
{ "type": "Feature", "properties": { "crs": 0.2237, "risk_tier": "low", "colour": "#69F0AE" }, "geometry": { "type": "Point", "coordinates": [ 6.39, 4.97 ] } },
{ "type": "Feature", "properties": { "crs": 0.2237, "risk_tier": "low", "colour": "#69F0AE" }, "geometry": { "type": "Point", "coordinates": [ 6.4, 4.97 ] } },
{ "type": "Feature", "properties": { "crs": 0.297, "risk_tier": "medium", "colour": "#FFD600" }, "geometry": { "type": "Point", "coordinates": [ 6.41, 4.97 ] } },
{ "type": "Feature", "properties": { "crs": 0.3161, "risk_tier": "medium", "colour": "#FFD600" }, "geometry": { "type": "Point", "coordinates": [ 6.42, 4.97 ] } },
{ "type": "Feature", "properties": { "crs": 0.3162, "risk_tier": "medium", "colour": "#FFD600" }, "geometry": { "type": "Point", "coordinates": [ 6.43, 4.97 ] } },
{ "type": "Feature", "properties": { "crs": 0.3164, "risk_tier": "medium", "colour": "#FFD600" }, "geometry": { "type": "Point", "coordinates": [ 6.44, 4.97 ] } },
{ "type": "Feature", "properties": { "crs": 0.3165, "risk_tier": "medium", "colour": "#FFD600" }, "geometry": { "type": "Point", "coordinates": [ 6.45, 4.97 ] } },
{ "type": "Feature", "properties": { "crs": 0.3309, "risk_tier": "medium", "colour": "#FFD600" }, "geometry": { "type": "Point", "coordinates": [ 6.46, 4.97 ] } },
{ "type": "Feature", "properties": { "crs": 0.3301, "risk_tier": "medium", "colour": "#FFD600" }, "geometry": { "type": "Point", "coordinates": [ 6.47, 4.97 ] } },
{ "type": "Feature", "properties": { "crs": 0.3297, "risk_tier": "medium", "colour": "#FFD600" }, "geometry": { "type": "Point", "coordinates": [ 6.48, 4.97 ] } },
{ "type": "Feature", "properties": { "crs": 0.3094, "risk_tier": "medium", "colour": "#FFD600" }, "geometry": { "type": "Point", "coordinates": [ 6.49, 4.97 ] } },
{ "type": "Feature", "properties": { "crs": 0.3016, "risk_tier": "medium", "colour": "#FFD600" }, "geometry": { "type": "Point", "coordinates": [ 6.5, 4.97 ] } },
{ "type": "Feature", "properties": { "crs": 0.2337, "risk_tier": "low", "colour": "#69F0AE" }, "geometry": { "type": "Point", "coordinates": [ 6.51, 4.97 ] } },
{ "type": "Feature", "properties": { "crs": 0.2339, "risk_tier": "low", "colour": "#69F0AE" }, "geometry": { "type": "Point", "coordinates": [ 6.52, 4.97 ] } },
{ "type": "Feature", "properties": { "crs": 0.3262, "risk_tier": "medium", "colour": "#FFD600" }, "geometry": { "type": "Point", "coordinates": [ 6.53, 4.97 ] } },
{ "type": "Feature", "properties": { "crs": 0.4412, "risk_tier": "medium", "colour": "#FFD600" }, "geometry": { "type": "Point", "coordinates": [ 6.54, 4.97 ] } },
{ "type": "Feature", "properties": { "crs": 0.4541, "risk_tier": "medium", "colour": "#FFD600" }, "geometry": { "type": "Point", "coordinates": [ 6.55, 4.97 ] } },
{ "type": "Feature", "properties": { "crs": 0.4357, "risk_tier": "medium", "colour": "#FFD600" }, "geometry": { "type": "Point", "coordinates": [ 6.56, 4.97 ] } },
{ "type": "Feature", "properties": { "crs": 0.4764, "risk_tier": "medium", "colour": "#FFD600" }, "geometry": { "type": "Point", "coordinates": [ 6.57, 4.97 ] } },
{ "type": "Feature", "properties": { "crs": 0.5202, "risk_tier": "high", "colour": "#FF6D00" }, "geometry": { "type": "Point", "coordinates": [ 6.58, 4.97 ] } },
{ "type": "Feature", "properties": { "crs": 0.5063, "risk_tier": "high", "colour": "#FF6D00" }, "geometry": { "type": "Point", "coordinates": [ 6.59, 4.97 ] } },
{ "type": "Feature", "properties": { "crs": 0.5482, "risk_tier": "high", "colour": "#FF6D00" }, "geometry": { "type": "Point", "coordinates": [ 6.6, 4.97 ] } },
{ "type": "Feature", "properties": { "crs": 0.5478, "risk_tier": "high", "colour": "#FF6D00" }, "geometry": { "type": "Point", "coordinates": [ 6.61, 4.97 ] } },
{ "type": "Feature", "properties": { "crs": 0.4362, "risk_tier": "medium", "colour": "#FFD600" }, "geometry": { "type": "Point", "coordinates": [ 6.62, 4.97 ] } },
{ "type": "Feature", "properties": { "crs": 0.4364, "risk_tier": "medium", "colour": "#FFD600" }, "geometry": { "type": "Point", "coordinates": [ 6.63, 4.97 ] } },
{ "type": "Feature", "properties": { "crs": 0.4365, "risk_tier": "medium", "colour": "#FFD600" }, "geometry": { "type": "Point", "coordinates": [ 6.64, 4.97 ] } },
{ "type": "Feature", "properties": { "crs": 0.4367, "risk_tier": "medium", "colour": "#FFD600" }, "geometry": { "type": "Point", "coordinates": [ 6.65, 4.97 ] } },
{ "type": "Feature", "properties": { "crs": 0.3671, "risk_tier": "medium", "colour": "#FFD600" }, "geometry": { "type": "Point", "coordinates": [ 6.66, 4.97 ] } },
{ "type": "Feature", "properties": { "crs": 0.3673, "risk_tier": "medium", "colour": "#FFD600" }, "geometry": { "type": "Point", "coordinates": [ 6.67, 4.97 ] } },
{ "type": "Feature", "properties": { "crs": 0.3543, "risk_tier": "medium", "colour": "#FFD600" }, "geometry": { "type": "Point", "coordinates": [ 6.68, 4.97 ] } },
{ "type": "Feature", "properties": { "crs": 0.3528, "risk_tier": "medium", "colour": "#FFD600" }, "geometry": { "type": "Point", "coordinates": [ 6.69, 4.97 ] } },
{ "type": "Feature", "properties": { "crs": 0.3696, "risk_tier": "medium", "colour": "#FFD600" }, "geometry": { "type": "Point", "coordinates": [ 6.7, 4.97 ] } },
{ "type": "Feature", "properties": { "crs": 0.3697, "risk_tier": "medium", "colour": "#FFD600" }, "geometry": { "type": "Point", "coordinates": [ 6.71, 4.97 ] } },
{ "type": "Feature", "properties": { "crs": 0.3697, "risk_tier": "medium", "colour": "#FFD600" }, "geometry": { "type": "Point", "coordinates": [ 6.72, 4.97 ] } },
{ "type": "Feature", "properties": { "crs": 0.4121, "risk_tier": "medium", "colour": "#FFD600" }, "geometry": { "type": "Point", "coordinates": [ 6.73, 4.97 ] } },
{ "type": "Feature", "properties": { "crs": 0.4403, "risk_tier": "medium", "colour": "#FFD600" }, "geometry": { "type": "Point", "coordinates": [ 6.74, 4.97 ] } },
{ "type": "Feature", "properties": { "crs": 0.4276, "risk_tier": "medium", "colour": "#FFD600" }, "geometry": { "type": "Point", "coordinates": [ 6.75, 4.97 ] } },
{ "type": "Feature", "properties": { "crs": 0.199, "risk_tier": "low", "colour": "#69F0AE" }, "geometry": { "type": "Point", "coordinates": [ 6.37, 4.98 ] } },
{ "type": "Feature", "properties": { "crs": 0.2234, "risk_tier": "low", "colour": "#69F0AE" }, "geometry": { "type": "Point", "coordinates": [ 6.38, 4.98 ] } },
{ "type": "Feature", "properties": { "crs": 0.2238, "risk_tier": "low", "colour": "#69F0AE" }, "geometry": { "type": "Point", "coordinates": [ 6.39, 4.98 ] } },
{ "type": "Feature", "properties": { "crs": 0.2234, "risk_tier": "low", "colour": "#69F0AE" }, "geometry": { "type": "Point", "coordinates": [ 6.4, 4.98 ] } },
{ "type": "Feature", "properties": { "crs": 0.2748, "risk_tier": "medium", "colour": "#FFD600" }, "geometry": { "type": "Point", "coordinates": [ 6.41, 4.98 ] } },
{ "type": "Feature", "properties": { "crs": 0.3162, "risk_tier": "medium", "colour": "#FFD600" }, "geometry": { "type": "Point", "coordinates": [ 6.42, 4.98 ] } },
{ "type": "Feature", "properties": { "crs": 0.3359, "risk_tier": "medium", "colour": "#FFD600" }, "geometry": { "type": "Point", "coordinates": [ 6.43, 4.98 ] } },
{ "type": "Feature", "properties": { "crs": 0.336, "risk_tier": "medium", "colour": "#FFD600" }, "geometry": { "type": "Point", "coordinates": [ 6.44, 4.98 ] } },
{ "type": "Feature", "properties": { "crs": 0.3371, "risk_tier": "medium", "colour": "#FFD600" }, "geometry": { "type": "Point", "coordinates": [ 6.45, 4.98 ] } },
{ "type": "Feature", "properties": { "crs": 0.3373, "risk_tier": "medium", "colour": "#FFD600" }, "geometry": { "type": "Point", "coordinates": [ 6.46, 4.98 ] } },
{ "type": "Feature", "properties": { "crs": 0.3311, "risk_tier": "medium", "colour": "#FFD600" }, "geometry": { "type": "Point", "coordinates": [ 6.47, 4.98 ] } },
{ "type": "Feature", "properties": { "crs": 0.3333, "risk_tier": "medium", "colour": "#FFD600" }, "geometry": { "type": "Point", "coordinates": [ 6.48, 4.98 ] } },
{ "type": "Feature", "properties": { "crs": 0.303, "risk_tier": "medium", "colour": "#FFD600" }, "geometry": { "type": "Point", "coordinates": [ 6.49, 4.98 ] } },
{ "type": "Feature", "properties": { "crs": 0.2196, "risk_tier": "low", "colour": "#69F0AE" }, "geometry": { "type": "Point", "coordinates": [ 6.5, 4.98 ] } },
{ "type": "Feature", "properties": { "crs": 0.2199, "risk_tier": "low", "colour": "#69F0AE" }, "geometry": { "type": "Point", "coordinates": [ 6.51, 4.98 ] } },
{ "type": "Feature", "properties": { "crs": 0.3215, "risk_tier": "medium", "colour": "#FFD600" }, "geometry": { "type": "Point", "coordinates": [ 6.52, 4.98 ] } },
{ "type": "Feature", "properties": { "crs": 0.3263, "risk_tier": "medium", "colour": "#FFD600" }, "geometry": { "type": "Point", "coordinates": [ 6.53, 4.98 ] } },
{ "type": "Feature", "properties": { "crs": 0.4419, "risk_tier": "medium", "colour": "#FFD600" }, "geometry": { "type": "Point", "coordinates": [ 6.54, 4.98 ] } },
{ "type": "Feature", "properties": { "crs": 0.4545, "risk_tier": "medium", "colour": "#FFD600" }, "geometry": { "type": "Point", "coordinates": [ 6.55, 4.98 ] } },
{ "type": "Feature", "properties": { "crs": 0.4299, "risk_tier": "medium", "colour": "#FFD600" }, "geometry": { "type": "Point", "coordinates": [ 6.56, 4.98 ] } },
{ "type": "Feature", "properties": { "crs": 0.4152, "risk_tier": "medium", "colour": "#FFD600" }, "geometry": { "type": "Point", "coordinates": [ 6.57, 4.98 ] } },
{ "type": "Feature", "properties": { "crs": 0.4155, "risk_tier": "medium", "colour": "#FFD600" }, "geometry": { "type": "Point", "coordinates": [ 6.58, 4.98 ] } },
{ "type": "Feature", "properties": { "crs": 0.4253, "risk_tier": "medium", "colour": "#FFD600" }, "geometry": { "type": "Point", "coordinates": [ 6.59, 4.98 ] } },
{ "type": "Feature", "properties": { "crs": 0.5503, "risk_tier": "high", "colour": "#FF6D00" }, "geometry": { "type": "Point", "coordinates": [ 6.6, 4.98 ] } },
{ "type": "Feature", "properties": { "crs": 0.5361, "risk_tier": "high", "colour": "#FF6D00" }, "geometry": { "type": "Point", "coordinates": [ 6.61, 4.98 ] } },
{ "type": "Feature", "properties": { "crs": 0.5309, "risk_tier": "high", "colour": "#FF6D00" }, "geometry": { "type": "Point", "coordinates": [ 6.62, 4.98 ] } },
{ "type": "Feature", "properties": { "crs": 0.4219, "risk_tier": "medium", "colour": "#FFD600" }, "geometry": { "type": "Point", "coordinates": [ 6.63, 4.98 ] } },
{ "type": "Feature", "properties": { "crs": 0.4365, "risk_tier": "medium", "colour": "#FFD600" }, "geometry": { "type": "Point", "coordinates": [ 6.64, 4.98 ] } },
{ "type": "Feature", "properties": { "crs": 0.3963, "risk_tier": "medium", "colour": "#FFD600" }, "geometry": { "type": "Point", "coordinates": [ 6.65, 4.98 ] } },
{ "type": "Feature", "properties": { "crs": 0.3671, "risk_tier": "medium", "colour": "#FFD600" }, "geometry": { "type": "Point", "coordinates": [ 6.66, 4.98 ] } },
{ "type": "Feature", "properties": { "crs": 0.3673, "risk_tier": "medium", "colour": "#FFD600" }, "geometry": { "type": "Point", "coordinates": [ 6.67, 4.98 ] } },
{ "type": "Feature", "properties": { "crs": 0.3673, "risk_tier": "medium", "colour": "#FFD600" }, "geometry": { "type": "Point", "coordinates": [ 6.68, 4.98 ] } },
{ "type": "Feature", "properties": { "crs": 0.3695, "risk_tier": "medium", "colour": "#FFD600" }, "geometry": { "type": "Point", "coordinates": [ 6.69, 4.98 ] } },
{ "type": "Feature", "properties": { "crs": 0.3696, "risk_tier": "medium", "colour": "#FFD600" }, "geometry": { "type": "Point", "coordinates": [ 6.7, 4.98 ] } },
{ "type": "Feature", "properties": { "crs": 0.3696, "risk_tier": "medium", "colour": "#FFD600" }, "geometry": { "type": "Point", "coordinates": [ 6.71, 4.98 ] } },
{ "type": "Feature", "properties": { "crs": 0.399, "risk_tier": "medium", "colour": "#FFD600" }, "geometry": { "type": "Point", "coordinates": [ 6.72, 4.98 ] } },
{ "type": "Feature", "properties": { "crs": 0.3939, "risk_tier": "medium", "colour": "#FFD600" }, "geometry": { "type": "Point", "coordinates": [ 6.73, 4.98 ] } },
{ "type": "Feature", "properties": { "crs": 0.4209, "risk_tier": "medium", "colour": "#FFD600" }, "geometry": { "type": "Point", "coordinates": [ 6.74, 4.98 ] } },
{ "type": "Feature", "properties": { "crs": 0.421, "risk_tier": "medium", "colour": "#FFD600" }, "geometry": { "type": "Point", "coordinates": [ 6.75, 4.98 ] } },
{ "type": "Feature", "properties": { "crs": 0.4288, "risk_tier": "medium", "colour": "#FFD600" }, "geometry": { "type": "Point", "coordinates": [ 6.76, 4.98 ] } },
{ "type": "Feature", "properties": { "crs": 0.2234, "risk_tier": "low", "colour": "#69F0AE" }, "geometry": { "type": "Point", "coordinates": [ 6.37, 4.99 ] } },
{ "type": "Feature", "properties": { "crs": 0.2239, "risk_tier": "low", "colour": "#69F0AE" }, "geometry": { "type": "Point", "coordinates": [ 6.38, 4.99 ] } },
{ "type": "Feature", "properties": { "crs": 0.2239, "risk_tier": "low", "colour": "#69F0AE" }, "geometry": { "type": "Point", "coordinates": [ 6.39, 4.99 ] } },
{ "type": "Feature", "properties": { "crs": 0.2273, "risk_tier": "low", "colour": "#69F0AE" }, "geometry": { "type": "Point", "coordinates": [ 6.4, 4.99 ] } },
{ "type": "Feature", "properties": { "crs": 0.2276, "risk_tier": "low", "colour": "#69F0AE" }, "geometry": { "type": "Point", "coordinates": [ 6.41, 4.99 ] } },
{ "type": "Feature", "properties": { "crs": 0.3162, "risk_tier": "medium", "colour": "#FFD600" }, "geometry": { "type": "Point", "coordinates": [ 6.42, 4.99 ] } },
{ "type": "Feature", "properties": { "crs": 0.3163, "risk_tier": "medium", "colour": "#FFD600" }, "geometry": { "type": "Point", "coordinates": [ 6.43, 4.99 ] } },
{ "type": "Feature", "properties": { "crs": 0.3165, "risk_tier": "medium", "colour": "#FFD600" }, "geometry": { "type": "Point", "coordinates": [ 6.44, 4.99 ] } },
{ "type": "Feature", "properties": { "crs": 0.3649, "risk_tier": "medium", "colour": "#FFD600" }, "geometry": { "type": "Point", "coordinates": [ 6.45, 4.99 ] } },
{ "type": "Feature", "properties": { "crs": 0.3374, "risk_tier": "medium", "colour": "#FFD600" }, "geometry": { "type": "Point", "coordinates": [ 6.46, 4.99 ] } },
{ "type": "Feature", "properties": { "crs": 0.3332, "risk_tier": "medium", "colour": "#FFD600" }, "geometry": { "type": "Point", "coordinates": [ 6.47, 4.99 ] } },
{ "type": "Feature", "properties": { "crs": 0.3096, "risk_tier": "medium", "colour": "#FFD600" }, "geometry": { "type": "Point", "coordinates": [ 6.48, 4.99 ] } },
{ "type": "Feature", "properties": { "crs": 0.3015, "risk_tier": "medium", "colour": "#FFD600" }, "geometry": { "type": "Point", "coordinates": [ 6.49, 4.99 ] } },
{ "type": "Feature", "properties": { "crs": 0.2197, "risk_tier": "low", "colour": "#69F0AE" }, "geometry": { "type": "Point", "coordinates": [ 6.5, 4.99 ] } },
{ "type": "Feature", "properties": { "crs": 0.3028, "risk_tier": "medium", "colour": "#FFD600" }, "geometry": { "type": "Point", "coordinates": [ 6.51, 4.99 ] } },
{ "type": "Feature", "properties": { "crs": 0.3086, "risk_tier": "medium", "colour": "#FFD600" }, "geometry": { "type": "Point", "coordinates": [ 6.52, 4.99 ] } },
{ "type": "Feature", "properties": { "crs": 0.4213, "risk_tier": "medium", "colour": "#FFD600" }, "geometry": { "type": "Point", "coordinates": [ 6.53, 4.99 ] } },
{ "type": "Feature", "properties": { "crs": 0.4356, "risk_tier": "medium", "colour": "#FFD600" }, "geometry": { "type": "Point", "coordinates": [ 6.54, 4.99 ] } },
{ "type": "Feature", "properties": { "crs": 0.4358, "risk_tier": "medium", "colour": "#FFD600" }, "geometry": { "type": "Point", "coordinates": [ 6.55, 4.99 ] } },
{ "type": "Feature", "properties": { "crs": 0.4027, "risk_tier": "medium", "colour": "#FFD600" }, "geometry": { "type": "Point", "coordinates": [ 6.56, 4.99 ] } },
{ "type": "Feature", "properties": { "crs": 0.4152, "risk_tier": "medium", "colour": "#FFD600" }, "geometry": { "type": "Point", "coordinates": [ 6.57, 4.99 ] } },
{ "type": "Feature", "properties": { "crs": 0.4155, "risk_tier": "medium", "colour": "#FFD600" }, "geometry": { "type": "Point", "coordinates": [ 6.58, 4.99 ] } },
{ "type": "Feature", "properties": { "crs": 0.5246, "risk_tier": "high", "colour": "#FF6D00" }, "geometry": { "type": "Point", "coordinates": [ 6.59, 4.99 ] } },
{ "type": "Feature", "properties": { "crs": 0.5476, "risk_tier": "high", "colour": "#FF6D00" }, "geometry": { "type": "Point", "coordinates": [ 6.6, 4.99 ] } },
{ "type": "Feature", "properties": { "crs": 0.5477, "risk_tier": "high", "colour": "#FF6D00" }, "geometry": { "type": "Point", "coordinates": [ 6.61, 4.99 ] } },
{ "type": "Feature", "properties": { "crs": 0.5309, "risk_tier": "high", "colour": "#FF6D00" }, "geometry": { "type": "Point", "coordinates": [ 6.62, 4.99 ] } },
{ "type": "Feature", "properties": { "crs": 0.5333, "risk_tier": "high", "colour": "#FF6D00" }, "geometry": { "type": "Point", "coordinates": [ 6.63, 4.99 ] } },
{ "type": "Feature", "properties": { "crs": 0.4616, "risk_tier": "medium", "colour": "#FFD600" }, "geometry": { "type": "Point", "coordinates": [ 6.64, 4.99 ] } },
{ "type": "Feature", "properties": { "crs": 0.3962, "risk_tier": "medium", "colour": "#FFD600" }, "geometry": { "type": "Point", "coordinates": [ 6.65, 4.99 ] } },
{ "type": "Feature", "properties": { "crs": 0.3913, "risk_tier": "medium", "colour": "#FFD600" }, "geometry": { "type": "Point", "coordinates": [ 6.66, 4.99 ] } },
{ "type": "Feature", "properties": { "crs": 0.3672, "risk_tier": "medium", "colour": "#FFD600" }, "geometry": { "type": "Point", "coordinates": [ 6.67, 4.99 ] } },
{ "type": "Feature", "properties": { "crs": 0.3694, "risk_tier": "medium", "colour": "#FFD600" }, "geometry": { "type": "Point", "coordinates": [ 6.68, 4.99 ] } },
{ "type": "Feature", "properties": { "crs": 0.3694, "risk_tier": "medium", "colour": "#FFD600" }, "geometry": { "type": "Point", "coordinates": [ 6.69, 4.99 ] } },
{ "type": "Feature", "properties": { "crs": 0.3695, "risk_tier": "medium", "colour": "#FFD600" }, "geometry": { "type": "Point", "coordinates": [ 6.7, 4.99 ] } },
{ "type": "Feature", "properties": { "crs": 0.3527, "risk_tier": "medium", "colour": "#FFD600" }, "geometry": { "type": "Point", "coordinates": [ 6.71, 4.99 ] } },
{ "type": "Feature", "properties": { "crs": 0.3528, "risk_tier": "medium", "colour": "#FFD600" }, "geometry": { "type": "Point", "coordinates": [ 6.72, 4.99 ] } },
{ "type": "Feature", "properties": { "crs": 0.3938, "risk_tier": "medium", "colour": "#FFD600" }, "geometry": { "type": "Point", "coordinates": [ 6.73, 4.99 ] } },
{ "type": "Feature", "properties": { "crs": 0.4208, "risk_tier": "medium", "colour": "#FFD600" }, "geometry": { "type": "Point", "coordinates": [ 6.74, 4.99 ] } },
{ "type": "Feature", "properties": { "crs": 0.4209, "risk_tier": "medium", "colour": "#FFD600" }, "geometry": { "type": "Point", "coordinates": [ 6.75, 4.99 ] } },
{ "type": "Feature", "properties": { "crs": 0.4203, "risk_tier": "medium", "colour": "#FFD600" }, "geometry": { "type": "Point", "coordinates": [ 6.76, 4.99 ] } },
{ "type": "Feature", "properties": { "crs": 0.3874, "risk_tier": "medium", "colour": "#FFD600" }, "geometry": { "type": "Point", "coordinates": [ 6.77, 4.99 ] } },
{ "type": "Feature", "properties": { "crs": 0.1532, "risk_tier": "low", "colour": "#69F0AE" }, "geometry": { "type": "Point", "coordinates": [ 6.37, 5.0 ] } },
{ "type": "Feature", "properties": { "crs": 0.1971, "risk_tier": "low", "colour": "#69F0AE" }, "geometry": { "type": "Point", "coordinates": [ 6.38, 5.0 ] } },
{ "type": "Feature", "properties": { "crs": 0.224, "risk_tier": "low", "colour": "#69F0AE" }, "geometry": { "type": "Point", "coordinates": [ 6.39, 5.0 ] } },
{ "type": "Feature", "properties": { "crs": 0.2274, "risk_tier": "low", "colour": "#69F0AE" }, "geometry": { "type": "Point", "coordinates": [ 6.4, 5.0 ] } },
{ "type": "Feature", "properties": { "crs": 0.2007, "risk_tier": "low", "colour": "#69F0AE" }, "geometry": { "type": "Point", "coordinates": [ 6.41, 5.0 ] } },
{ "type": "Feature", "properties": { "crs": 0.2395, "risk_tier": "low", "colour": "#69F0AE" }, "geometry": { "type": "Point", "coordinates": [ 6.42, 5.0 ] } },
{ "type": "Feature", "properties": { "crs": 0.337, "risk_tier": "medium", "colour": "#FFD600" }, "geometry": { "type": "Point", "coordinates": [ 6.43, 5.0 ] } },
{ "type": "Feature", "properties": { "crs": 0.3568, "risk_tier": "medium", "colour": "#FFD600" }, "geometry": { "type": "Point", "coordinates": [ 6.44, 5.0 ] } },
{ "type": "Feature", "properties": { "crs": 0.3861, "risk_tier": "medium", "colour": "#FFD600" }, "geometry": { "type": "Point", "coordinates": [ 6.45, 5.0 ] } },
{ "type": "Feature", "properties": { "crs": 0.3376, "risk_tier": "medium", "colour": "#FFD600" }, "geometry": { "type": "Point", "coordinates": [ 6.46, 5.0 ] } },
{ "type": "Feature", "properties": { "crs": 0.3591, "risk_tier": "medium", "colour": "#FFD600" }, "geometry": { "type": "Point", "coordinates": [ 6.47, 5.0 ] } },
{ "type": "Feature", "properties": { "crs": 0.2332, "risk_tier": "low", "colour": "#69F0AE" }, "geometry": { "type": "Point", "coordinates": [ 6.48, 5.0 ] } },
{ "type": "Feature", "properties": { "crs": 0.2954, "risk_tier": "medium", "colour": "#FFD600" }, "geometry": { "type": "Point", "coordinates": [ 6.49, 5.0 ] } },
{ "type": "Feature", "properties": { "crs": 0.299, "risk_tier": "medium", "colour": "#FFD600" }, "geometry": { "type": "Point", "coordinates": [ 6.5, 5.0 ] } },
{ "type": "Feature", "properties": { "crs": 0.4208, "risk_tier": "medium", "colour": "#FFD600" }, "geometry": { "type": "Point", "coordinates": [ 6.51, 5.0 ] } },
{ "type": "Feature", "properties": { "crs": 0.4017, "risk_tier": "medium", "colour": "#FFD600" }, "geometry": { "type": "Point", "coordinates": [ 6.52, 5.0 ] } },
{ "type": "Feature", "properties": { "crs": 0.4213, "risk_tier": "medium", "colour": "#FFD600" }, "geometry": { "type": "Point", "coordinates": [ 6.53, 5.0 ] } },
{ "type": "Feature", "properties": { "crs": 0.4022, "risk_tier": "medium", "colour": "#FFD600" }, "geometry": { "type": "Point", "coordinates": [ 6.54, 5.0 ] } },
{ "type": "Feature", "properties": { "crs": 0.4021, "risk_tier": "medium", "colour": "#FFD600" }, "geometry": { "type": "Point", "coordinates": [ 6.55, 5.0 ] } },
{ "type": "Feature", "properties": { "crs": 0.2876, "risk_tier": "medium", "colour": "#FFD600" }, "geometry": { "type": "Point", "coordinates": [ 6.56, 5.0 ] } },
{ "type": "Feature", "properties": { "crs": 0.3956, "risk_tier": "medium", "colour": "#FFD600" }, "geometry": { "type": "Point", "coordinates": [ 6.57, 5.0 ] } },
{ "type": "Feature", "properties": { "crs": 0.4155, "risk_tier": "medium", "colour": "#FFD600" }, "geometry": { "type": "Point", "coordinates": [ 6.58, 5.0 ] } },
{ "type": "Feature", "properties": { "crs": 0.5052, "risk_tier": "high", "colour": "#FF6D00" }, "geometry": { "type": "Point", "coordinates": [ 6.59, 5.0 ] } },
{ "type": "Feature", "properties": { "crs": 0.5278, "risk_tier": "high", "colour": "#FF6D00" }, "geometry": { "type": "Point", "coordinates": [ 6.6, 5.0 ] } },
{ "type": "Feature", "properties": { "crs": 0.5256, "risk_tier": "high", "colour": "#FF6D00" }, "geometry": { "type": "Point", "coordinates": [ 6.61, 5.0 ] } },
{ "type": "Feature", "properties": { "crs": 0.5258, "risk_tier": "high", "colour": "#FF6D00" }, "geometry": { "type": "Point", "coordinates": [ 6.62, 5.0 ] } },
{ "type": "Feature", "properties": { "crs": 0.5365, "risk_tier": "high", "colour": "#FF6D00" }, "geometry": { "type": "Point", "coordinates": [ 6.63, 5.0 ] } },
{ "type": "Feature", "properties": { "crs": 0.5017, "risk_tier": "high", "colour": "#FF6D00" }, "geometry": { "type": "Point", "coordinates": [ 6.64, 5.0 ] } },
{ "type": "Feature", "properties": { "crs": 0.3945, "risk_tier": "medium", "colour": "#FFD600" }, "geometry": { "type": "Point", "coordinates": [ 6.65, 5.0 ] } },
{ "type": "Feature", "properties": { "crs": 0.4093, "risk_tier": "medium", "colour": "#FFD600" }, "geometry": { "type": "Point", "coordinates": [ 6.66, 5.0 ] } },
{ "type": "Feature", "properties": { "crs": 0.4094, "risk_tier": "medium", "colour": "#FFD600" }, "geometry": { "type": "Point", "coordinates": [ 6.67, 5.0 ] } },
{ "type": "Feature", "properties": { "crs": 0.3504, "risk_tier": "medium", "colour": "#FFD600" }, "geometry": { "type": "Point", "coordinates": [ 6.68, 5.0 ] } },
{ "type": "Feature", "properties": { "crs": 0.3694, "risk_tier": "medium", "colour": "#FFD600" }, "geometry": { "type": "Point", "coordinates": [ 6.69, 5.0 ] } },
{ "type": "Feature", "properties": { "crs": 0.3694, "risk_tier": "medium", "colour": "#FFD600" }, "geometry": { "type": "Point", "coordinates": [ 6.7, 5.0 ] } },
{ "type": "Feature", "properties": { "crs": 0.3527, "risk_tier": "medium", "colour": "#FFD600" }, "geometry": { "type": "Point", "coordinates": [ 6.71, 5.0 ] } },
{ "type": "Feature", "properties": { "crs": 0.3527, "risk_tier": "medium", "colour": "#FFD600" }, "geometry": { "type": "Point", "coordinates": [ 6.72, 5.0 ] } },
{ "type": "Feature", "properties": { "crs": 0.3937, "risk_tier": "medium", "colour": "#FFD600" }, "geometry": { "type": "Point", "coordinates": [ 6.73, 5.0 ] } },
{ "type": "Feature", "properties": { "crs": 0.3938, "risk_tier": "medium", "colour": "#FFD600" }, "geometry": { "type": "Point", "coordinates": [ 6.74, 5.0 ] } },
{ "type": "Feature", "properties": { "crs": 0.4207, "risk_tier": "medium", "colour": "#FFD600" }, "geometry": { "type": "Point", "coordinates": [ 6.75, 5.0 ] } },
{ "type": "Feature", "properties": { "crs": 0.4197, "risk_tier": "medium", "colour": "#FFD600" }, "geometry": { "type": "Point", "coordinates": [ 6.76, 5.0 ] } },
{ "type": "Feature", "properties": { "crs": 0.4016, "risk_tier": "medium", "colour": "#FFD600" }, "geometry": { "type": "Point", "coordinates": [ 6.77, 5.0 ] } },
{ "type": "Feature", "properties": { "crs": 0.4016, "risk_tier": "medium", "colour": "#FFD600" }, "geometry": { "type": "Point", "coordinates": [ 6.78, 5.0 ] } },
{ "type": "Feature", "properties": { "crs": 0.1538, "risk_tier": "low", "colour": "#69F0AE" }, "geometry": { "type": "Point", "coordinates": [ 6.37, 5.01 ] } },
{ "type": "Feature", "properties": { "crs": 0.1972, "risk_tier": "low", "colour": "#69F0AE" }, "geometry": { "type": "Point", "coordinates": [ 6.39, 5.01 ] } },
{ "type": "Feature", "properties": { "crs": 0.2006, "risk_tier": "low", "colour": "#69F0AE" }, "geometry": { "type": "Point", "coordinates": [ 6.4, 5.01 ] } },
{ "type": "Feature", "properties": { "crs": 0.2274, "risk_tier": "low", "colour": "#69F0AE" }, "geometry": { "type": "Point", "coordinates": [ 6.41, 5.01 ] } },
{ "type": "Feature", "properties": { "crs": 0.2497, "risk_tier": "low", "colour": "#69F0AE" }, "geometry": { "type": "Point", "coordinates": [ 6.42, 5.01 ] } },
{ "type": "Feature", "properties": { "crs": 0.3137, "risk_tier": "medium", "colour": "#FFD600" }, "geometry": { "type": "Point", "coordinates": [ 6.43, 5.01 ] } },
{ "type": "Feature", "properties": { "crs": 0.3599, "risk_tier": "medium", "colour": "#FFD600" }, "geometry": { "type": "Point", "coordinates": [ 6.44, 5.01 ] } },
{ "type": "Feature", "properties": { "crs": 0.435, "risk_tier": "medium", "colour": "#FFD600" }, "geometry": { "type": "Point", "coordinates": [ 6.45, 5.01 ] } },
{ "type": "Feature", "properties": { "crs": 0.4352, "risk_tier": "medium", "colour": "#FFD600" }, "geometry": { "type": "Point", "coordinates": [ 6.46, 5.01 ] } },
{ "type": "Feature", "properties": { "crs": 0.4341, "risk_tier": "medium", "colour": "#FFD600" }, "geometry": { "type": "Point", "coordinates": [ 6.47, 5.01 ] } },
{ "type": "Feature", "properties": { "crs": 0.315, "risk_tier": "medium", "colour": "#FFD600" }, "geometry": { "type": "Point", "coordinates": [ 6.48, 5.01 ] } },
{ "type": "Feature", "properties": { "crs": 0.3263, "risk_tier": "medium", "colour": "#FFD600" }, "geometry": { "type": "Point", "coordinates": [ 6.49, 5.01 ] } },
{ "type": "Feature", "properties": { "crs": 0.3265, "risk_tier": "medium", "colour": "#FFD600" }, "geometry": { "type": "Point", "coordinates": [ 6.5, 5.01 ] } },
{ "type": "Feature", "properties": { "crs": 0.4141, "risk_tier": "medium", "colour": "#FFD600" }, "geometry": { "type": "Point", "coordinates": [ 6.51, 5.01 ] } },
{ "type": "Feature", "properties": { "crs": 0.4139, "risk_tier": "medium", "colour": "#FFD600" }, "geometry": { "type": "Point", "coordinates": [ 6.52, 5.01 ] } },
{ "type": "Feature", "properties": { "crs": 0.4111, "risk_tier": "medium", "colour": "#FFD600" }, "geometry": { "type": "Point", "coordinates": [ 6.53, 5.01 ] } },
{ "type": "Feature", "properties": { "crs": 0.3987, "risk_tier": "medium", "colour": "#FFD600" }, "geometry": { "type": "Point", "coordinates": [ 6.54, 5.01 ] } },
{ "type": "Feature", "properties": { "crs": 0.3953, "risk_tier": "medium", "colour": "#FFD600" }, "geometry": { "type": "Point", "coordinates": [ 6.55, 5.01 ] } },
{ "type": "Feature", "properties": { "crs": 0.2938, "risk_tier": "medium", "colour": "#FFD600" }, "geometry": { "type": "Point", "coordinates": [ 6.56, 5.01 ] } },
{ "type": "Feature", "properties": { "crs": 0.3818, "risk_tier": "medium", "colour": "#FFD600" }, "geometry": { "type": "Point", "coordinates": [ 6.57, 5.01 ] } },
{ "type": "Feature", "properties": { "crs": 0.3872, "risk_tier": "medium", "colour": "#FFD600" }, "geometry": { "type": "Point", "coordinates": [ 6.58, 5.01 ] } },
{ "type": "Feature", "properties": { "crs": 0.5052, "risk_tier": "high", "colour": "#FF6D00" }, "geometry": { "type": "Point", "coordinates": [ 6.59, 5.01 ] } },
{ "type": "Feature", "properties": { "crs": 0.5278, "risk_tier": "high", "colour": "#FF6D00" }, "geometry": { "type": "Point", "coordinates": [ 6.6, 5.01 ] } },
{ "type": "Feature", "properties": { "crs": 0.5256, "risk_tier": "high", "colour": "#FF6D00" }, "geometry": { "type": "Point", "coordinates": [ 6.61, 5.01 ] } },
{ "type": "Feature", "properties": { "crs": 0.5475, "risk_tier": "high", "colour": "#FF6D00" }, "geometry": { "type": "Point", "coordinates": [ 6.62, 5.01 ] } },
{ "type": "Feature", "properties": { "crs": 0.5523, "risk_tier": "high", "colour": "#FF6D00" }, "geometry": { "type": "Point", "coordinates": [ 6.63, 5.01 ] } },
{ "type": "Feature", "properties": { "crs": 0.5164, "risk_tier": "high", "colour": "#FF6D00" }, "geometry": { "type": "Point", "coordinates": [ 6.64, 5.01 ] } },
{ "type": "Feature", "properties": { "crs": 0.5165, "risk_tier": "high", "colour": "#FF6D00" }, "geometry": { "type": "Point", "coordinates": [ 6.65, 5.01 ] } },
{ "type": "Feature", "properties": { "crs": 0.389, "risk_tier": "medium", "colour": "#FFD600" }, "geometry": { "type": "Point", "coordinates": [ 6.66, 5.01 ] } },
{ "type": "Feature", "properties": { "crs": 0.3913, "risk_tier": "medium", "colour": "#FFD600" }, "geometry": { "type": "Point", "coordinates": [ 6.67, 5.01 ] } },
{ "type": "Feature", "properties": { "crs": 0.3504, "risk_tier": "medium", "colour": "#FFD600" }, "geometry": { "type": "Point", "coordinates": [ 6.68, 5.01 ] } },
{ "type": "Feature", "properties": { "crs": 0.3693, "risk_tier": "medium", "colour": "#FFD600" }, "geometry": { "type": "Point", "coordinates": [ 6.69, 5.01 ] } },
{ "type": "Feature", "properties": { "crs": 0.3693, "risk_tier": "medium", "colour": "#FFD600" }, "geometry": { "type": "Point", "coordinates": [ 6.7, 5.01 ] } },
{ "type": "Feature", "properties": { "crs": 0.3526, "risk_tier": "medium", "colour": "#FFD600" }, "geometry": { "type": "Point", "coordinates": [ 6.71, 5.01 ] } },
{ "type": "Feature", "properties": { "crs": 0.3526, "risk_tier": "medium", "colour": "#FFD600" }, "geometry": { "type": "Point", "coordinates": [ 6.72, 5.01 ] } },
{ "type": "Feature", "properties": { "crs": 0.3526, "risk_tier": "medium", "colour": "#FFD600" }, "geometry": { "type": "Point", "coordinates": [ 6.73, 5.01 ] } },
{ "type": "Feature", "properties": { "crs": 0.3936, "risk_tier": "medium", "colour": "#FFD600" }, "geometry": { "type": "Point", "coordinates": [ 6.74, 5.01 ] } },
{ "type": "Feature", "properties": { "crs": 0.3527, "risk_tier": "medium", "colour": "#FFD600" }, "geometry": { "type": "Point", "coordinates": [ 6.75, 5.01 ] } },
{ "type": "Feature", "properties": { "crs": 0.4206, "risk_tier": "medium", "colour": "#FFD600" }, "geometry": { "type": "Point", "coordinates": [ 6.76, 5.01 ] } },
{ "type": "Feature", "properties": { "crs": 0.4014, "risk_tier": "medium", "colour": "#FFD600" }, "geometry": { "type": "Point", "coordinates": [ 6.77, 5.01 ] } },
{ "type": "Feature", "properties": { "crs": 0.4014, "risk_tier": "medium", "colour": "#FFD600" }, "geometry": { "type": "Point", "coordinates": [ 6.78, 5.01 ] } },
{ "type": "Feature", "properties": { "crs": 0.2089, "risk_tier": "low", "colour": "#69F0AE" }, "geometry": { "type": "Point", "coordinates": [ 6.79, 5.01 ] } },
{ "type": "Feature", "properties": { "crs": 0.1534, "risk_tier": "low", "colour": "#69F0AE" }, "geometry": { "type": "Point", "coordinates": [ 6.36, 5.02 ] } },
{ "type": "Feature", "properties": { "crs": 0.1538, "risk_tier": "low", "colour": "#69F0AE" }, "geometry": { "type": "Point", "coordinates": [ 6.37, 5.02 ] } },
{ "type": "Feature", "properties": { "crs": 0.2277, "risk_tier": "low", "colour": "#69F0AE" }, "geometry": { "type": "Point", "coordinates": [ 6.4, 5.02 ] } },
{ "type": "Feature", "properties": { "crs": 0.2275, "risk_tier": "low", "colour": "#69F0AE" }, "geometry": { "type": "Point", "coordinates": [ 6.41, 5.02 ] } },
{ "type": "Feature", "properties": { "crs": 0.2493, "risk_tier": "low", "colour": "#69F0AE" }, "geometry": { "type": "Point", "coordinates": [ 6.42, 5.02 ] } },
{ "type": "Feature", "properties": { "crs": 0.385, "risk_tier": "medium", "colour": "#FFD600" }, "geometry": { "type": "Point", "coordinates": [ 6.43, 5.02 ] } },
{ "type": "Feature", "properties": { "crs": 0.4045, "risk_tier": "medium", "colour": "#FFD600" }, "geometry": { "type": "Point", "coordinates": [ 6.44, 5.02 ] } },
{ "type": "Feature", "properties": { "crs": 0.4335, "risk_tier": "medium", "colour": "#FFD600" }, "geometry": { "type": "Point", "coordinates": [ 6.45, 5.02 ] } },
{ "type": "Feature", "properties": { "crs": 0.4003, "risk_tier": "medium", "colour": "#FFD600" }, "geometry": { "type": "Point", "coordinates": [ 6.46, 5.02 ] } },
{ "type": "Feature", "properties": { "crs": 0.2985, "risk_tier": "medium", "colour": "#FFD600" }, "geometry": { "type": "Point", "coordinates": [ 6.47, 5.02 ] } },
{ "type": "Feature", "properties": { "crs": 0.2861, "risk_tier": "medium", "colour": "#FFD600" }, "geometry": { "type": "Point", "coordinates": [ 6.48, 5.02 ] } },
{ "type": "Feature", "properties": { "crs": 0.3263, "risk_tier": "medium", "colour": "#FFD600" }, "geometry": { "type": "Point", "coordinates": [ 6.49, 5.02 ] } },
{ "type": "Feature", "properties": { "crs": 0.407, "risk_tier": "medium", "colour": "#FFD600" }, "geometry": { "type": "Point", "coordinates": [ 6.5, 5.02 ] } },
{ "type": "Feature", "properties": { "crs": 0.404, "risk_tier": "medium", "colour": "#FFD600" }, "geometry": { "type": "Point", "coordinates": [ 6.51, 5.02 ] } },
{ "type": "Feature", "properties": { "crs": 0.4042, "risk_tier": "medium", "colour": "#FFD600" }, "geometry": { "type": "Point", "coordinates": [ 6.52, 5.02 ] } },
{ "type": "Feature", "properties": { "crs": 0.4206, "risk_tier": "medium", "colour": "#FFD600" }, "geometry": { "type": "Point", "coordinates": [ 6.53, 5.02 ] } },
{ "type": "Feature", "properties": { "crs": 0.4208, "risk_tier": "medium", "colour": "#FFD600" }, "geometry": { "type": "Point", "coordinates": [ 6.54, 5.02 ] } },
{ "type": "Feature", "properties": { "crs": 0.2752, "risk_tier": "medium", "colour": "#FFD600" }, "geometry": { "type": "Point", "coordinates": [ 6.55, 5.02 ] } },
{ "type": "Feature", "properties": { "crs": 0.4968, "risk_tier": "medium", "colour": "#FFD600" }, "geometry": { "type": "Point", "coordinates": [ 6.56, 5.02 ] } },
{ "type": "Feature", "properties": { "crs": 0.5011, "risk_tier": "high", "colour": "#FF6D00" }, "geometry": { "type": "Point", "coordinates": [ 6.57, 5.02 ] } },
{ "type": "Feature", "properties": { "crs": 0.5234, "risk_tier": "high", "colour": "#FF6D00" }, "geometry": { "type": "Point", "coordinates": [ 6.58, 5.02 ] } },
{ "type": "Feature", "properties": { "crs": 0.5377, "risk_tier": "high", "colour": "#FF6D00" }, "geometry": { "type": "Point", "coordinates": [ 6.59, 5.02 ] } },
{ "type": "Feature", "properties": { "crs": 0.5245, "risk_tier": "high", "colour": "#FF6D00" }, "geometry": { "type": "Point", "coordinates": [ 6.6, 5.02 ] } },
{ "type": "Feature", "properties": { "crs": 0.5473, "risk_tier": "high", "colour": "#FF6D00" }, "geometry": { "type": "Point", "coordinates": [ 6.61, 5.02 ] } },
{ "type": "Feature", "properties": { "crs": 0.5611, "risk_tier": "high", "colour": "#FF6D00" }, "geometry": { "type": "Point", "coordinates": [ 6.62, 5.02 ] } },
{ "type": "Feature", "properties": { "crs": 0.5392, "risk_tier": "high", "colour": "#FF6D00" }, "geometry": { "type": "Point", "coordinates": [ 6.63, 5.02 ] } },
{ "type": "Feature", "properties": { "crs": 0.5393, "risk_tier": "high", "colour": "#FF6D00" }, "geometry": { "type": "Point", "coordinates": [ 6.64, 5.02 ] } },
{ "type": "Feature", "properties": { "crs": 0.5052, "risk_tier": "high", "colour": "#FF6D00" }, "geometry": { "type": "Point", "coordinates": [ 6.65, 5.02 ] } },
{ "type": "Feature", "properties": { "crs": 0.5014, "risk_tier": "high", "colour": "#FF6D00" }, "geometry": { "type": "Point", "coordinates": [ 6.66, 5.02 ] } },
{ "type": "Feature", "properties": { "crs": 0.3908, "risk_tier": "medium", "colour": "#FFD600" }, "geometry": { "type": "Point", "coordinates": [ 6.67, 5.02 ] } },
{ "type": "Feature", "properties": { "crs": 0.3909, "risk_tier": "medium", "colour": "#FFD600" }, "geometry": { "type": "Point", "coordinates": [ 6.68, 5.02 ] } },
{ "type": "Feature", "properties": { "crs": 0.3667, "risk_tier": "medium", "colour": "#FFD600" }, "geometry": { "type": "Point", "coordinates": [ 6.69, 5.02 ] } },
{ "type": "Feature", "properties": { "crs": 0.3693, "risk_tier": "medium", "colour": "#FFD600" }, "geometry": { "type": "Point", "coordinates": [ 6.7, 5.02 ] } },
{ "type": "Feature", "properties": { "crs": 0.3525, "risk_tier": "medium", "colour": "#FFD600" }, "geometry": { "type": "Point", "coordinates": [ 6.71, 5.02 ] } },
{ "type": "Feature", "properties": { "crs": 0.3525, "risk_tier": "medium", "colour": "#FFD600" }, "geometry": { "type": "Point", "coordinates": [ 6.72, 5.02 ] } },
{ "type": "Feature", "properties": { "crs": 0.3525, "risk_tier": "medium", "colour": "#FFD600" }, "geometry": { "type": "Point", "coordinates": [ 6.73, 5.02 ] } },
{ "type": "Feature", "properties": { "crs": 0.3693, "risk_tier": "medium", "colour": "#FFD600" }, "geometry": { "type": "Point", "coordinates": [ 6.74, 5.02 ] } },
{ "type": "Feature", "properties": { "crs": 0.3525, "risk_tier": "medium", "colour": "#FFD600" }, "geometry": { "type": "Point", "coordinates": [ 6.75, 5.02 ] } },
{ "type": "Feature", "properties": { "crs": 0.3935, "risk_tier": "medium", "colour": "#FFD600" }, "geometry": { "type": "Point", "coordinates": [ 6.76, 5.02 ] } },
{ "type": "Feature", "properties": { "crs": 0.3935, "risk_tier": "medium", "colour": "#FFD600" }, "geometry": { "type": "Point", "coordinates": [ 6.77, 5.02 ] } },
{ "type": "Feature", "properties": { "crs": 0.4012, "risk_tier": "medium", "colour": "#FFD600" }, "geometry": { "type": "Point", "coordinates": [ 6.78, 5.02 ] } },
{ "type": "Feature", "properties": { "crs": 0.4192, "risk_tier": "medium", "colour": "#FFD600" }, "geometry": { "type": "Point", "coordinates": [ 6.79, 5.02 ] } },
{ "type": "Feature", "properties": { "crs": 0.1534, "risk_tier": "low", "colour": "#69F0AE" }, "geometry": { "type": "Point", "coordinates": [ 6.35, 5.03 ] } },
{ "type": "Feature", "properties": { "crs": 0.1535, "risk_tier": "low", "colour": "#69F0AE" }, "geometry": { "type": "Point", "coordinates": [ 6.36, 5.03 ] } },
{ "type": "Feature", "properties": { "crs": 0.1539, "risk_tier": "low", "colour": "#69F0AE" }, "geometry": { "type": "Point", "coordinates": [ 6.37, 5.03 ] } },
{ "type": "Feature", "properties": { "crs": 0.154, "risk_tier": "low", "colour": "#69F0AE" }, "geometry": { "type": "Point", "coordinates": [ 6.38, 5.03 ] } },
{ "type": "Feature", "properties": { "crs": 0.2488, "risk_tier": "low", "colour": "#69F0AE" }, "geometry": { "type": "Point", "coordinates": [ 6.41, 5.03 ] } },
{ "type": "Feature", "properties": { "crs": 0.2633, "risk_tier": "medium", "colour": "#FFD600" }, "geometry": { "type": "Point", "coordinates": [ 6.42, 5.03 ] } },
{ "type": "Feature", "properties": { "crs": 0.3277, "risk_tier": "medium", "colour": "#FFD600" }, "geometry": { "type": "Point", "coordinates": [ 6.43, 5.03 ] } },
{ "type": "Feature", "properties": { "crs": 0.3279, "risk_tier": "medium", "colour": "#FFD600" }, "geometry": { "type": "Point", "coordinates": [ 6.44, 5.03 ] } },
{ "type": "Feature", "properties": { "crs": 0.3791, "risk_tier": "medium", "colour": "#FFD600" }, "geometry": { "type": "Point", "coordinates": [ 6.45, 5.03 ] } },
{ "type": "Feature", "properties": { "crs": 0.4017, "risk_tier": "medium", "colour": "#FFD600" }, "geometry": { "type": "Point", "coordinates": [ 6.46, 5.03 ] } },
{ "type": "Feature", "properties": { "crs": 0.4276, "risk_tier": "medium", "colour": "#FFD600" }, "geometry": { "type": "Point", "coordinates": [ 6.47, 5.03 ] } },
{ "type": "Feature", "properties": { "crs": 0.4398, "risk_tier": "medium", "colour": "#FFD600" }, "geometry": { "type": "Point", "coordinates": [ 6.48, 5.03 ] } },
{ "type": "Feature", "properties": { "crs": 0.3907, "risk_tier": "medium", "colour": "#FFD600" }, "geometry": { "type": "Point", "coordinates": [ 6.49, 5.03 ] } },
{ "type": "Feature", "properties": { "crs": 0.4034, "risk_tier": "medium", "colour": "#FFD600" }, "geometry": { "type": "Point", "coordinates": [ 6.5, 5.03 ] } },
{ "type": "Feature", "properties": { "crs": 0.4028, "risk_tier": "medium", "colour": "#FFD600" }, "geometry": { "type": "Point", "coordinates": [ 6.51, 5.03 ] } },
{ "type": "Feature", "properties": { "crs": 0.4034, "risk_tier": "medium", "colour": "#FFD600" }, "geometry": { "type": "Point", "coordinates": [ 6.52, 5.03 ] } },
{ "type": "Feature", "properties": { "crs": 0.2741, "risk_tier": "medium", "colour": "#FFD600" }, "geometry": { "type": "Point", "coordinates": [ 6.53, 5.03 ] } },
{ "type": "Feature", "properties": { "crs": 0.2906, "risk_tier": "medium", "colour": "#FFD600" }, "geometry": { "type": "Point", "coordinates": [ 6.54, 5.03 ] } },
{ "type": "Feature", "properties": { "crs": 0.4289, "risk_tier": "medium", "colour": "#FFD600" }, "geometry": { "type": "Point", "coordinates": [ 6.55, 5.03 ] } },
{ "type": "Feature", "properties": { "crs": 0.4366, "risk_tier": "medium", "colour": "#FFD600" }, "geometry": { "type": "Point", "coordinates": [ 6.56, 5.03 ] } },
{ "type": "Feature", "properties": { "crs": 0.5219, "risk_tier": "high", "colour": "#FF6D00" }, "geometry": { "type": "Point", "coordinates": [ 6.57, 5.03 ] } },
{ "type": "Feature", "properties": { "crs": 0.5607, "risk_tier": "high", "colour": "#FF6D00" }, "geometry": { "type": "Point", "coordinates": [ 6.58, 5.03 ] } },
{ "type": "Feature", "properties": { "crs": 0.5372, "risk_tier": "high", "colour": "#FF6D00" }, "geometry": { "type": "Point", "coordinates": [ 6.59, 5.03 ] } },
{ "type": "Feature", "properties": { "crs": 0.5379, "risk_tier": "high", "colour": "#FF6D00" }, "geometry": { "type": "Point", "coordinates": [ 6.6, 5.03 ] } },
{ "type": "Feature", "properties": { "crs": 0.5383, "risk_tier": "high", "colour": "#FF6D00" }, "geometry": { "type": "Point", "coordinates": [ 6.61, 5.03 ] } },
{ "type": "Feature", "properties": { "crs": 0.5191, "risk_tier": "high", "colour": "#FF6D00" }, "geometry": { "type": "Point", "coordinates": [ 6.62, 5.03 ] } },
{ "type": "Feature", "properties": { "crs": 0.5047, "risk_tier": "high", "colour": "#FF6D00" }, "geometry": { "type": "Point", "coordinates": [ 6.63, 5.03 ] } },
{ "type": "Feature", "properties": { "crs": 0.5242, "risk_tier": "high", "colour": "#FF6D00" }, "geometry": { "type": "Point", "coordinates": [ 6.64, 5.03 ] } },
{ "type": "Feature", "properties": { "crs": 0.4969, "risk_tier": "medium", "colour": "#FFD600" }, "geometry": { "type": "Point", "coordinates": [ 6.65, 5.03 ] } },
{ "type": "Feature", "properties": { "crs": 0.497, "risk_tier": "medium", "colour": "#FFD600" }, "geometry": { "type": "Point", "coordinates": [ 6.66, 5.03 ] } },
{ "type": "Feature", "properties": { "crs": 0.3954, "risk_tier": "medium", "colour": "#FFD600" }, "geometry": { "type": "Point", "coordinates": [ 6.67, 5.03 ] } },
{ "type": "Feature", "properties": { "crs": 0.3909, "risk_tier": "medium", "colour": "#FFD600" }, "geometry": { "type": "Point", "coordinates": [ 6.68, 5.03 ] } },
{ "type": "Feature", "properties": { "crs": 0.3667, "risk_tier": "medium", "colour": "#FFD600" }, "geometry": { "type": "Point", "coordinates": [ 6.69, 5.03 ] } },
{ "type": "Feature", "properties": { "crs": 0.3688, "risk_tier": "medium", "colour": "#FFD600" }, "geometry": { "type": "Point", "coordinates": [ 6.7, 5.03 ] } },
{ "type": "Feature", "properties": { "crs": 0.3524, "risk_tier": "medium", "colour": "#FFD600" }, "geometry": { "type": "Point", "coordinates": [ 6.71, 5.03 ] } },
{ "type": "Feature", "properties": { "crs": 0.3524, "risk_tier": "medium", "colour": "#FFD600" }, "geometry": { "type": "Point", "coordinates": [ 6.72, 5.03 ] } },
{ "type": "Feature", "properties": { "crs": 0.3524, "risk_tier": "medium", "colour": "#FFD600" }, "geometry": { "type": "Point", "coordinates": [ 6.73, 5.03 ] } },
{ "type": "Feature", "properties": { "crs": 0.3692, "risk_tier": "medium", "colour": "#FFD600" }, "geometry": { "type": "Point", "coordinates": [ 6.74, 5.03 ] } },
{ "type": "Feature", "properties": { "crs": 0.3426, "risk_tier": "medium", "colour": "#FFD600" }, "geometry": { "type": "Point", "coordinates": [ 6.75, 5.03 ] } },
{ "type": "Feature", "properties": { "crs": 0.3524, "risk_tier": "medium", "colour": "#FFD600" }, "geometry": { "type": "Point", "coordinates": [ 6.76, 5.03 ] } },
{ "type": "Feature", "properties": { "crs": 0.3523, "risk_tier": "medium", "colour": "#FFD600" }, "geometry": { "type": "Point", "coordinates": [ 6.77, 5.03 ] } },
{ "type": "Feature", "properties": { "crs": 0.3933, "risk_tier": "medium", "colour": "#FFD600" }, "geometry": { "type": "Point", "coordinates": [ 6.78, 5.03 ] } },
{ "type": "Feature", "properties": { "crs": 0.36, "risk_tier": "medium", "colour": "#FFD600" }, "geometry": { "type": "Point", "coordinates": [ 6.79, 5.03 ] } },
{ "type": "Feature", "properties": { "crs": 0.2276, "risk_tier": "low", "colour": "#69F0AE" }, "geometry": { "type": "Point", "coordinates": [ 6.4, 5.04 ] } },
{ "type": "Feature", "properties": { "crs": 0.2639, "risk_tier": "medium", "colour": "#FFD600" }, "geometry": { "type": "Point", "coordinates": [ 6.41, 5.04 ] } },
{ "type": "Feature", "properties": { "crs": 0.3249, "risk_tier": "medium", "colour": "#FFD600" }, "geometry": { "type": "Point", "coordinates": [ 6.42, 5.04 ] } },
{ "type": "Feature", "properties": { "crs": 0.3303, "risk_tier": "medium", "colour": "#FFD600" }, "geometry": { "type": "Point", "coordinates": [ 6.43, 5.04 ] } },
{ "type": "Feature", "properties": { "crs": 0.3421, "risk_tier": "medium", "colour": "#FFD600" }, "geometry": { "type": "Point", "coordinates": [ 6.44, 5.04 ] } },
{ "type": "Feature", "properties": { "crs": 0.3842, "risk_tier": "medium", "colour": "#FFD600" }, "geometry": { "type": "Point", "coordinates": [ 6.45, 5.04 ] } },
{ "type": "Feature", "properties": { "crs": 0.3843, "risk_tier": "medium", "colour": "#FFD600" }, "geometry": { "type": "Point", "coordinates": [ 6.46, 5.04 ] } },
{ "type": "Feature", "properties": { "crs": 0.4988, "risk_tier": "medium", "colour": "#FFD600" }, "geometry": { "type": "Point", "coordinates": [ 6.47, 5.04 ] } },
{ "type": "Feature", "properties": { "crs": 0.4967, "risk_tier": "medium", "colour": "#FFD600" }, "geometry": { "type": "Point", "coordinates": [ 6.48, 5.04 ] } },
{ "type": "Feature", "properties": { "crs": 0.4987, "risk_tier": "medium", "colour": "#FFD600" }, "geometry": { "type": "Point", "coordinates": [ 6.49, 5.04 ] } },
{ "type": "Feature", "properties": { "crs": 0.4989, "risk_tier": "medium", "colour": "#FFD600" }, "geometry": { "type": "Point", "coordinates": [ 6.5, 5.04 ] } },
{ "type": "Feature", "properties": { "crs": 0.4093, "risk_tier": "medium", "colour": "#FFD600" }, "geometry": { "type": "Point", "coordinates": [ 6.51, 5.04 ] } },
{ "type": "Feature", "properties": { "crs": 0.3762, "risk_tier": "medium", "colour": "#FFD600" }, "geometry": { "type": "Point", "coordinates": [ 6.52, 5.04 ] } },
{ "type": "Feature", "properties": { "crs": 0.3519, "risk_tier": "medium", "colour": "#FFD600" }, "geometry": { "type": "Point", "coordinates": [ 6.53, 5.04 ] } },
{ "type": "Feature", "properties": { "crs": 0.2779, "risk_tier": "medium", "colour": "#FFD600" }, "geometry": { "type": "Point", "coordinates": [ 6.54, 5.04 ] } },
{ "type": "Feature", "properties": { "crs": 0.3721, "risk_tier": "medium", "colour": "#FFD600" }, "geometry": { "type": "Point", "coordinates": [ 6.55, 5.04 ] } },
{ "type": "Feature", "properties": { "crs": 0.4854, "risk_tier": "medium", "colour": "#FFD600" }, "geometry": { "type": "Point", "coordinates": [ 6.56, 5.04 ] } },
{ "type": "Feature", "properties": { "crs": 0.5566, "risk_tier": "high", "colour": "#FF6D00" }, "geometry": { "type": "Point", "coordinates": [ 6.57, 5.04 ] } },
{ "type": "Feature", "properties": { "crs": 0.5568, "risk_tier": "high", "colour": "#FF6D00" }, "geometry": { "type": "Point", "coordinates": [ 6.58, 5.04 ] } },
{ "type": "Feature", "properties": { "crs": 0.5173, "risk_tier": "high", "colour": "#FF6D00" }, "geometry": { "type": "Point", "coordinates": [ 6.59, 5.04 ] } },
{ "type": "Feature", "properties": { "crs": 0.5153, "risk_tier": "high", "colour": "#FF6D00" }, "geometry": { "type": "Point", "coordinates": [ 6.6, 5.04 ] } },
{ "type": "Feature", "properties": { "crs": 0.5058, "risk_tier": "high", "colour": "#FF6D00" }, "geometry": { "type": "Point", "coordinates": [ 6.61, 5.04 ] } },
{ "type": "Feature", "properties": { "crs": 0.5092, "risk_tier": "high", "colour": "#FF6D00" }, "geometry": { "type": "Point", "coordinates": [ 6.62, 5.04 ] } },
{ "type": "Feature", "properties": { "crs": 0.5197, "risk_tier": "high", "colour": "#FF6D00" }, "geometry": { "type": "Point", "coordinates": [ 6.63, 5.04 ] } },
{ "type": "Feature", "properties": { "crs": 0.5048, "risk_tier": "high", "colour": "#FF6D00" }, "geometry": { "type": "Point", "coordinates": [ 6.64, 5.04 ] } },
{ "type": "Feature", "properties": { "crs": 0.5049, "risk_tier": "high", "colour": "#FF6D00" }, "geometry": { "type": "Point", "coordinates": [ 6.65, 5.04 ] } },
{ "type": "Feature", "properties": { "crs": 0.4775, "risk_tier": "medium", "colour": "#FFD600" }, "geometry": { "type": "Point", "coordinates": [ 6.66, 5.04 ] } },
{ "type": "Feature", "properties": { "crs": 0.3634, "risk_tier": "medium", "colour": "#FFD600" }, "geometry": { "type": "Point", "coordinates": [ 6.67, 5.04 ] } },
{ "type": "Feature", "properties": { "crs": 0.3955, "risk_tier": "medium", "colour": "#FFD600" }, "geometry": { "type": "Point", "coordinates": [ 6.68, 5.04 ] } },
{ "type": "Feature", "properties": { "crs": 0.3714, "risk_tier": "medium", "colour": "#FFD600" }, "geometry": { "type": "Point", "coordinates": [ 6.69, 5.04 ] } },
{ "type": "Feature", "properties": { "crs": 0.3666, "risk_tier": "medium", "colour": "#FFD600" }, "geometry": { "type": "Point", "coordinates": [ 6.7, 5.04 ] } },
{ "type": "Feature", "properties": { "crs": 0.3687, "risk_tier": "medium", "colour": "#FFD600" }, "geometry": { "type": "Point", "coordinates": [ 6.71, 5.04 ] } },
{ "type": "Feature", "properties": { "crs": 0.3384, "risk_tier": "medium", "colour": "#FFD600" }, "geometry": { "type": "Point", "coordinates": [ 6.72, 5.04 ] } },
{ "type": "Feature", "properties": { "crs": 0.2846, "risk_tier": "medium", "colour": "#FFD600" }, "geometry": { "type": "Point", "coordinates": [ 6.73, 5.04 ] } },
{ "type": "Feature", "properties": { "crs": 0.2726, "risk_tier": "medium", "colour": "#FFD600" }, "geometry": { "type": "Point", "coordinates": [ 6.74, 5.04 ] } },
{ "type": "Feature", "properties": { "crs": 0.2725, "risk_tier": "medium", "colour": "#FFD600" }, "geometry": { "type": "Point", "coordinates": [ 6.75, 5.04 ] } },
{ "type": "Feature", "properties": { "crs": 0.2725, "risk_tier": "medium", "colour": "#FFD600" }, "geometry": { "type": "Point", "coordinates": [ 6.76, 5.04 ] } },
{ "type": "Feature", "properties": { "crs": 0.2714, "risk_tier": "medium", "colour": "#FFD600" }, "geometry": { "type": "Point", "coordinates": [ 6.77, 5.04 ] } },
{ "type": "Feature", "properties": { "crs": 0.2724, "risk_tier": "medium", "colour": "#FFD600" }, "geometry": { "type": "Point", "coordinates": [ 6.78, 5.04 ] } },
{ "type": "Feature", "properties": { "crs": 0.2903, "risk_tier": "medium", "colour": "#FFD600" }, "geometry": { "type": "Point", "coordinates": [ 6.79, 5.04 ] } },
{ "type": "Feature", "properties": { "crs": 0.2476, "risk_tier": "low", "colour": "#69F0AE" }, "geometry": { "type": "Point", "coordinates": [ 6.8, 5.04 ] } },
{ "type": "Feature", "properties": { "crs": 0.2276, "risk_tier": "low", "colour": "#69F0AE" }, "geometry": { "type": "Point", "coordinates": [ 6.39, 5.05 ] } },
{ "type": "Feature", "properties": { "crs": 0.2576, "risk_tier": "medium", "colour": "#FFD600" }, "geometry": { "type": "Point", "coordinates": [ 6.4, 5.05 ] } },
{ "type": "Feature", "properties": { "crs": 0.3301, "risk_tier": "medium", "colour": "#FFD600" }, "geometry": { "type": "Point", "coordinates": [ 6.41, 5.05 ] } },
{ "type": "Feature", "properties": { "crs": 0.3195, "risk_tier": "medium", "colour": "#FFD600" }, "geometry": { "type": "Point", "coordinates": [ 6.42, 5.05 ] } },
{ "type": "Feature", "properties": { "crs": 0.3094, "risk_tier": "medium", "colour": "#FFD600" }, "geometry": { "type": "Point", "coordinates": [ 6.43, 5.05 ] } },
{ "type": "Feature", "properties": { "crs": 0.3544, "risk_tier": "medium", "colour": "#FFD600" }, "geometry": { "type": "Point", "coordinates": [ 6.44, 5.05 ] } },
{ "type": "Feature", "properties": { "crs": 0.3812, "risk_tier": "medium", "colour": "#FFD600" }, "geometry": { "type": "Point", "coordinates": [ 6.45, 5.05 ] } },
{ "type": "Feature", "properties": { "crs": 0.3806, "risk_tier": "medium", "colour": "#FFD600" }, "geometry": { "type": "Point", "coordinates": [ 6.46, 5.05 ] } },
{ "type": "Feature", "properties": { "crs": 0.4307, "risk_tier": "medium", "colour": "#FFD600" }, "geometry": { "type": "Point", "coordinates": [ 6.47, 5.05 ] } },
{ "type": "Feature", "properties": { "crs": 0.4335, "risk_tier": "medium", "colour": "#FFD600" }, "geometry": { "type": "Point", "coordinates": [ 6.48, 5.05 ] } },
{ "type": "Feature", "properties": { "crs": 0.4085, "risk_tier": "medium", "colour": "#FFD600" }, "geometry": { "type": "Point", "coordinates": [ 6.49, 5.05 ] } },
{ "type": "Feature", "properties": { "crs": 0.4092, "risk_tier": "medium", "colour": "#FFD600" }, "geometry": { "type": "Point", "coordinates": [ 6.5, 5.05 ] } },
{ "type": "Feature", "properties": { "crs": 0.4094, "risk_tier": "medium", "colour": "#FFD600" }, "geometry": { "type": "Point", "coordinates": [ 6.51, 5.05 ] } },
{ "type": "Feature", "properties": { "crs": 0.4096, "risk_tier": "medium", "colour": "#FFD600" }, "geometry": { "type": "Point", "coordinates": [ 6.52, 5.05 ] } },
{ "type": "Feature", "properties": { "crs": 0.4098, "risk_tier": "medium", "colour": "#FFD600" }, "geometry": { "type": "Point", "coordinates": [ 6.53, 5.05 ] } },
{ "type": "Feature", "properties": { "crs": 0.4283, "risk_tier": "medium", "colour": "#FFD600" }, "geometry": { "type": "Point", "coordinates": [ 6.54, 5.05 ] } },
{ "type": "Feature", "properties": { "crs": 0.4547, "risk_tier": "medium", "colour": "#FFD600" }, "geometry": { "type": "Point", "coordinates": [ 6.55, 5.05 ] } },
{ "type": "Feature", "properties": { "crs": 0.4367, "risk_tier": "medium", "colour": "#FFD600" }, "geometry": { "type": "Point", "coordinates": [ 6.56, 5.05 ] } },
{ "type": "Feature", "properties": { "crs": 0.5369, "risk_tier": "high", "colour": "#FF6D00" }, "geometry": { "type": "Point", "coordinates": [ 6.57, 5.05 ] } },
{ "type": "Feature", "properties": { "crs": 0.533, "risk_tier": "high", "colour": "#FF6D00" }, "geometry": { "type": "Point", "coordinates": [ 6.58, 5.05 ] } },
{ "type": "Feature", "properties": { "crs": 0.5157, "risk_tier": "high", "colour": "#FF6D00" }, "geometry": { "type": "Point", "coordinates": [ 6.59, 5.05 ] } },
{ "type": "Feature", "properties": { "crs": 0.5153, "risk_tier": "high", "colour": "#FF6D00" }, "geometry": { "type": "Point", "coordinates": [ 6.6, 5.05 ] } },
{ "type": "Feature", "properties": { "crs": 0.508, "risk_tier": "high", "colour": "#FF6D00" }, "geometry": { "type": "Point", "coordinates": [ 6.61, 5.05 ] } },
{ "type": "Feature", "properties": { "crs": 0.504, "risk_tier": "high", "colour": "#FF6D00" }, "geometry": { "type": "Point", "coordinates": [ 6.62, 5.05 ] } },
{ "type": "Feature", "properties": { "crs": 0.5092, "risk_tier": "high", "colour": "#FF6D00" }, "geometry": { "type": "Point", "coordinates": [ 6.63, 5.05 ] } },
{ "type": "Feature", "properties": { "crs": 0.5099, "risk_tier": "high", "colour": "#FF6D00" }, "geometry": { "type": "Point", "coordinates": [ 6.64, 5.05 ] } },
{ "type": "Feature", "properties": { "crs": 0.5016, "risk_tier": "high", "colour": "#FF6D00" }, "geometry": { "type": "Point", "coordinates": [ 6.65, 5.05 ] } },
{ "type": "Feature", "properties": { "crs": 0.4742, "risk_tier": "medium", "colour": "#FFD600" }, "geometry": { "type": "Point", "coordinates": [ 6.66, 5.05 ] } },
{ "type": "Feature", "properties": { "crs": 0.3638, "risk_tier": "medium", "colour": "#FFD600" }, "geometry": { "type": "Point", "coordinates": [ 6.67, 5.05 ] } },
{ "type": "Feature", "properties": { "crs": 0.3912, "risk_tier": "medium", "colour": "#FFD600" }, "geometry": { "type": "Point", "coordinates": [ 6.68, 5.05 ] } },
{ "type": "Feature", "properties": { "crs": 0.3714, "risk_tier": "medium", "colour": "#FFD600" }, "geometry": { "type": "Point", "coordinates": [ 6.69, 5.05 ] } },
{ "type": "Feature", "properties": { "crs": 0.3714, "risk_tier": "medium", "colour": "#FFD600" }, "geometry": { "type": "Point", "coordinates": [ 6.7, 5.05 ] } },
{ "type": "Feature", "properties": { "crs": 0.3525, "risk_tier": "medium", "colour": "#FFD600" }, "geometry": { "type": "Point", "coordinates": [ 6.71, 5.05 ] } },
{ "type": "Feature", "properties": { "crs": 0.2725, "risk_tier": "medium", "colour": "#FFD600" }, "geometry": { "type": "Point", "coordinates": [ 6.72, 5.05 ] } },
{ "type": "Feature", "properties": { "crs": 0.2725, "risk_tier": "medium", "colour": "#FFD600" }, "geometry": { "type": "Point", "coordinates": [ 6.73, 5.05 ] } },
{ "type": "Feature", "properties": { "crs": 0.2725, "risk_tier": "medium", "colour": "#FFD600" }, "geometry": { "type": "Point", "coordinates": [ 6.74, 5.05 ] } },
{ "type": "Feature", "properties": { "crs": 0.2725, "risk_tier": "medium", "colour": "#FFD600" }, "geometry": { "type": "Point", "coordinates": [ 6.75, 5.05 ] } },
{ "type": "Feature", "properties": { "crs": 0.2781, "risk_tier": "medium", "colour": "#FFD600" }, "geometry": { "type": "Point", "coordinates": [ 6.76, 5.05 ] } },
{ "type": "Feature", "properties": { "crs": 0.284, "risk_tier": "medium", "colour": "#FFD600" }, "geometry": { "type": "Point", "coordinates": [ 6.77, 5.05 ] } },
{ "type": "Feature", "properties": { "crs": 0.277, "risk_tier": "medium", "colour": "#FFD600" }, "geometry": { "type": "Point", "coordinates": [ 6.78, 5.05 ] } },
{ "type": "Feature", "properties": { "crs": 0.284, "risk_tier": "medium", "colour": "#FFD600" }, "geometry": { "type": "Point", "coordinates": [ 6.79, 5.05 ] } },
{ "type": "Feature", "properties": { "crs": 0.2839, "risk_tier": "medium", "colour": "#FFD600" }, "geometry": { "type": "Point", "coordinates": [ 6.8, 5.05 ] } },
{ "type": "Feature", "properties": { "crs": 0.1537, "risk_tier": "low", "colour": "#69F0AE" }, "geometry": { "type": "Point", "coordinates": [ 6.36, 5.06 ] } },
{ "type": "Feature", "properties": { "crs": 0.2418, "risk_tier": "low", "colour": "#69F0AE" }, "geometry": { "type": "Point", "coordinates": [ 6.39, 5.06 ] } },
{ "type": "Feature", "properties": { "crs": 0.3044, "risk_tier": "medium", "colour": "#FFD600" }, "geometry": { "type": "Point", "coordinates": [ 6.4, 5.06 ] } },
{ "type": "Feature", "properties": { "crs": 0.3009, "risk_tier": "medium", "colour": "#FFD600" }, "geometry": { "type": "Point", "coordinates": [ 6.41, 5.06 ] } },
{ "type": "Feature", "properties": { "crs": 0.3448, "risk_tier": "medium", "colour": "#FFD600" }, "geometry": { "type": "Point", "coordinates": [ 6.42, 5.06 ] } },
{ "type": "Feature", "properties": { "crs": 0.3742, "risk_tier": "medium", "colour": "#FFD600" }, "geometry": { "type": "Point", "coordinates": [ 6.43, 5.06 ] } },
{ "type": "Feature", "properties": { "crs": 0.3785, "risk_tier": "medium", "colour": "#FFD600" }, "geometry": { "type": "Point", "coordinates": [ 6.44, 5.06 ] } },
{ "type": "Feature", "properties": { "crs": 0.4305, "risk_tier": "medium", "colour": "#FFD600" }, "geometry": { "type": "Point", "coordinates": [ 6.45, 5.06 ] } },
{ "type": "Feature", "properties": { "crs": 0.4306, "risk_tier": "medium", "colour": "#FFD600" }, "geometry": { "type": "Point", "coordinates": [ 6.46, 5.06 ] } },
{ "type": "Feature", "properties": { "crs": 0.4335, "risk_tier": "medium", "colour": "#FFD600" }, "geometry": { "type": "Point", "coordinates": [ 6.47, 5.06 ] } },
{ "type": "Feature", "properties": { "crs": 0.4598, "risk_tier": "medium", "colour": "#FFD600" }, "geometry": { "type": "Point", "coordinates": [ 6.48, 5.06 ] } },
{ "type": "Feature", "properties": { "crs": 0.46, "risk_tier": "medium", "colour": "#FFD600" }, "geometry": { "type": "Point", "coordinates": [ 6.49, 5.06 ] } },
{ "type": "Feature", "properties": { "crs": 0.4088, "risk_tier": "medium", "colour": "#FFD600" }, "geometry": { "type": "Point", "coordinates": [ 6.5, 5.06 ] } },
{ "type": "Feature", "properties": { "crs": 0.409, "risk_tier": "medium", "colour": "#FFD600" }, "geometry": { "type": "Point", "coordinates": [ 6.51, 5.06 ] } },
{ "type": "Feature", "properties": { "crs": 0.4283, "risk_tier": "medium", "colour": "#FFD600" }, "geometry": { "type": "Point", "coordinates": [ 6.52, 5.06 ] } },
{ "type": "Feature", "properties": { "crs": 0.4099, "risk_tier": "medium", "colour": "#FFD600" }, "geometry": { "type": "Point", "coordinates": [ 6.53, 5.06 ] } },
{ "type": "Feature", "properties": { "crs": 0.4288, "risk_tier": "medium", "colour": "#FFD600" }, "geometry": { "type": "Point", "coordinates": [ 6.54, 5.06 ] } },
{ "type": "Feature", "properties": { "crs": 0.4261, "risk_tier": "medium", "colour": "#FFD600" }, "geometry": { "type": "Point", "coordinates": [ 6.55, 5.06 ] } },
{ "type": "Feature", "properties": { "crs": 0.4388, "risk_tier": "medium", "colour": "#FFD600" }, "geometry": { "type": "Point", "coordinates": [ 6.56, 5.06 ] } },
{ "type": "Feature", "properties": { "crs": 0.5492, "risk_tier": "high", "colour": "#FF6D00" }, "geometry": { "type": "Point", "coordinates": [ 6.57, 5.06 ] } },
{ "type": "Feature", "properties": { "crs": 0.4951, "risk_tier": "medium", "colour": "#FFD600" }, "geometry": { "type": "Point", "coordinates": [ 6.58, 5.06 ] } },
{ "type": "Feature", "properties": { "crs": 0.5006, "risk_tier": "high", "colour": "#FF6D00" }, "geometry": { "type": "Point", "coordinates": [ 6.59, 5.06 ] } },
{ "type": "Feature", "properties": { "crs": 0.5007, "risk_tier": "high", "colour": "#FF6D00" }, "geometry": { "type": "Point", "coordinates": [ 6.6, 5.06 ] } },
{ "type": "Feature", "properties": { "crs": 0.5006, "risk_tier": "high", "colour": "#FF6D00" }, "geometry": { "type": "Point", "coordinates": [ 6.61, 5.06 ] } },
{ "type": "Feature", "properties": { "crs": 0.5062, "risk_tier": "high", "colour": "#FF6D00" }, "geometry": { "type": "Point", "coordinates": [ 6.62, 5.06 ] } },
{ "type": "Feature", "properties": { "crs": 0.5191, "risk_tier": "high", "colour": "#FF6D00" }, "geometry": { "type": "Point", "coordinates": [ 6.63, 5.06 ] } },
{ "type": "Feature", "properties": { "crs": 0.5192, "risk_tier": "high", "colour": "#FF6D00" }, "geometry": { "type": "Point", "coordinates": [ 6.64, 5.06 ] } },
{ "type": "Feature", "properties": { "crs": 0.5015, "risk_tier": "high", "colour": "#FF6D00" }, "geometry": { "type": "Point", "coordinates": [ 6.65, 5.06 ] } },
{ "type": "Feature", "properties": { "crs": 0.4742, "risk_tier": "medium", "colour": "#FFD600" }, "geometry": { "type": "Point", "coordinates": [ 6.66, 5.06 ] } },
{ "type": "Feature", "properties": { "crs": 0.3597, "risk_tier": "medium", "colour": "#FFD600" }, "geometry": { "type": "Point", "coordinates": [ 6.67, 5.06 ] } },
{ "type": "Feature", "properties": { "crs": 0.36, "risk_tier": "medium", "colour": "#FFD600" }, "geometry": { "type": "Point", "coordinates": [ 6.68, 5.06 ] } },
{ "type": "Feature", "properties": { "crs": 0.3358, "risk_tier": "medium", "colour": "#FFD600" }, "geometry": { "type": "Point", "coordinates": [ 6.69, 5.06 ] } },
{ "type": "Feature", "properties": { "crs": 0.2871, "risk_tier": "medium", "colour": "#FFD600" }, "geometry": { "type": "Point", "coordinates": [ 6.7, 5.06 ] } },
{ "type": "Feature", "properties": { "crs": 0.2852, "risk_tier": "medium", "colour": "#FFD600" }, "geometry": { "type": "Point", "coordinates": [ 6.71, 5.06 ] } },
{ "type": "Feature", "properties": { "crs": 0.2815, "risk_tier": "medium", "colour": "#FFD600" }, "geometry": { "type": "Point", "coordinates": [ 6.72, 5.06 ] } },
{ "type": "Feature", "properties": { "crs": 0.2781, "risk_tier": "medium", "colour": "#FFD600" }, "geometry": { "type": "Point", "coordinates": [ 6.73, 5.06 ] } },
{ "type": "Feature", "properties": { "crs": 0.2785, "risk_tier": "medium", "colour": "#FFD600" }, "geometry": { "type": "Point", "coordinates": [ 6.74, 5.06 ] } },
{ "type": "Feature", "properties": { "crs": 0.2775, "risk_tier": "medium", "colour": "#FFD600" }, "geometry": { "type": "Point", "coordinates": [ 6.75, 5.06 ] } },
{ "type": "Feature", "properties": { "crs": 0.2775, "risk_tier": "medium", "colour": "#FFD600" }, "geometry": { "type": "Point", "coordinates": [ 6.76, 5.06 ] } },
{ "type": "Feature", "properties": { "crs": 0.2623, "risk_tier": "medium", "colour": "#FFD600" }, "geometry": { "type": "Point", "coordinates": [ 6.77, 5.06 ] } },
{ "type": "Feature", "properties": { "crs": 0.2707, "risk_tier": "medium", "colour": "#FFD600" }, "geometry": { "type": "Point", "coordinates": [ 6.78, 5.06 ] } },
{ "type": "Feature", "properties": { "crs": 0.2706, "risk_tier": "medium", "colour": "#FFD600" }, "geometry": { "type": "Point", "coordinates": [ 6.79, 5.06 ] } },
{ "type": "Feature", "properties": { "crs": 0.1836, "risk_tier": "low", "colour": "#69F0AE" }, "geometry": { "type": "Point", "coordinates": [ 6.8, 5.06 ] } },
{ "type": "Feature", "properties": { "crs": 0.1635, "risk_tier": "low", "colour": "#69F0AE" }, "geometry": { "type": "Point", "coordinates": [ 6.81, 5.06 ] } },
{ "type": "Feature", "properties": { "crs": 0.2279, "risk_tier": "low", "colour": "#69F0AE" }, "geometry": { "type": "Point", "coordinates": [ 6.38, 5.07 ] } },
{ "type": "Feature", "properties": { "crs": 0.235, "risk_tier": "low", "colour": "#69F0AE" }, "geometry": { "type": "Point", "coordinates": [ 6.39, 5.07 ] } },
{ "type": "Feature", "properties": { "crs": 0.3074, "risk_tier": "medium", "colour": "#FFD600" }, "geometry": { "type": "Point", "coordinates": [ 6.4, 5.07 ] } },
{ "type": "Feature", "properties": { "crs": 0.3448, "risk_tier": "medium", "colour": "#FFD600" }, "geometry": { "type": "Point", "coordinates": [ 6.41, 5.07 ] } },
{ "type": "Feature", "properties": { "crs": 0.3738, "risk_tier": "medium", "colour": "#FFD600" }, "geometry": { "type": "Point", "coordinates": [ 6.42, 5.07 ] } },
{ "type": "Feature", "properties": { "crs": 0.3807, "risk_tier": "medium", "colour": "#FFD600" }, "geometry": { "type": "Point", "coordinates": [ 6.43, 5.07 ] } },
{ "type": "Feature", "properties": { "crs": 0.4306, "risk_tier": "medium", "colour": "#FFD600" }, "geometry": { "type": "Point", "coordinates": [ 6.44, 5.07 ] } },
{ "type": "Feature", "properties": { "crs": 0.4306, "risk_tier": "medium", "colour": "#FFD600" }, "geometry": { "type": "Point", "coordinates": [ 6.45, 5.07 ] } },
{ "type": "Feature", "properties": { "crs": 0.4334, "risk_tier": "medium", "colour": "#FFD600" }, "geometry": { "type": "Point", "coordinates": [ 6.46, 5.07 ] } },
{ "type": "Feature", "properties": { "crs": 0.4597, "risk_tier": "medium", "colour": "#FFD600" }, "geometry": { "type": "Point", "coordinates": [ 6.47, 5.07 ] } },
{ "type": "Feature", "properties": { "crs": 0.4599, "risk_tier": "medium", "colour": "#FFD600" }, "geometry": { "type": "Point", "coordinates": [ 6.48, 5.07 ] } },
{ "type": "Feature", "properties": { "crs": 0.4601, "risk_tier": "medium", "colour": "#FFD600" }, "geometry": { "type": "Point", "coordinates": [ 6.49, 5.07 ] } },
{ "type": "Feature", "properties": { "crs": 0.4093, "risk_tier": "medium", "colour": "#FFD600" }, "geometry": { "type": "Point", "coordinates": [ 6.5, 5.07 ] } },
{ "type": "Feature", "properties": { "crs": 0.3812, "risk_tier": "medium", "colour": "#FFD600" }, "geometry": { "type": "Point", "coordinates": [ 6.51, 5.07 ] } },
{ "type": "Feature", "properties": { "crs": 0.4097, "risk_tier": "medium", "colour": "#FFD600" }, "geometry": { "type": "Point", "coordinates": [ 6.52, 5.07 ] } },
{ "type": "Feature", "properties": { "crs": 0.4099, "risk_tier": "medium", "colour": "#FFD600" }, "geometry": { "type": "Point", "coordinates": [ 6.53, 5.07 ] } },
{ "type": "Feature", "properties": { "crs": 0.4546, "risk_tier": "medium", "colour": "#FFD600" }, "geometry": { "type": "Point", "coordinates": [ 6.54, 5.07 ] } },
{ "type": "Feature", "properties": { "crs": 0.4014, "risk_tier": "medium", "colour": "#FFD600" }, "geometry": { "type": "Point", "coordinates": [ 6.55, 5.07 ] } },
{ "type": "Feature", "properties": { "crs": 0.4753, "risk_tier": "medium", "colour": "#FFD600" }, "geometry": { "type": "Point", "coordinates": [ 6.56, 5.07 ] } },
{ "type": "Feature", "properties": { "crs": 0.5492, "risk_tier": "high", "colour": "#FF6D00" }, "geometry": { "type": "Point", "coordinates": [ 6.57, 5.07 ] } },
{ "type": "Feature", "properties": { "crs": 0.4997, "risk_tier": "medium", "colour": "#FFD600" }, "geometry": { "type": "Point", "coordinates": [ 6.58, 5.07 ] } },
{ "type": "Feature", "properties": { "crs": 0.4878, "risk_tier": "medium", "colour": "#FFD600" }, "geometry": { "type": "Point", "coordinates": [ 6.59, 5.07 ] } },
{ "type": "Feature", "properties": { "crs": 0.4736, "risk_tier": "medium", "colour": "#FFD600" }, "geometry": { "type": "Point", "coordinates": [ 6.6, 5.07 ] } },
{ "type": "Feature", "properties": { "crs": 0.5011, "risk_tier": "high", "colour": "#FF6D00" }, "geometry": { "type": "Point", "coordinates": [ 6.61, 5.07 ] } },
{ "type": "Feature", "properties": { "crs": 0.5012, "risk_tier": "high", "colour": "#FF6D00" }, "geometry": { "type": "Point", "coordinates": [ 6.62, 5.07 ] } },
{ "type": "Feature", "properties": { "crs": 0.5046, "risk_tier": "high", "colour": "#FF6D00" }, "geometry": { "type": "Point", "coordinates": [ 6.63, 5.07 ] } },
{ "type": "Feature", "properties": { "crs": 0.5041, "risk_tier": "high", "colour": "#FF6D00" }, "geometry": { "type": "Point", "coordinates": [ 6.64, 5.07 ] } },
{ "type": "Feature", "properties": { "crs": 0.5048, "risk_tier": "high", "colour": "#FF6D00" }, "geometry": { "type": "Point", "coordinates": [ 6.65, 5.07 ] } },
{ "type": "Feature", "properties": { "crs": 0.4741, "risk_tier": "medium", "colour": "#FFD600" }, "geometry": { "type": "Point", "coordinates": [ 6.66, 5.07 ] } },
{ "type": "Feature", "properties": { "crs": 0.3876, "risk_tier": "medium", "colour": "#FFD600" }, "geometry": { "type": "Point", "coordinates": [ 6.67, 5.07 ] } },
{ "type": "Feature", "properties": { "crs": 0.2478, "risk_tier": "low", "colour": "#69F0AE" }, "geometry": { "type": "Point", "coordinates": [ 6.68, 5.07 ] } },
{ "type": "Feature", "properties": { "crs": 0.2508, "risk_tier": "medium", "colour": "#FFD600" }, "geometry": { "type": "Point", "coordinates": [ 6.69, 5.07 ] } },
{ "type": "Feature", "properties": { "crs": 0.2595, "risk_tier": "medium", "colour": "#FFD600" }, "geometry": { "type": "Point", "coordinates": [ 6.7, 5.07 ] } },
{ "type": "Feature", "properties": { "crs": 0.2912, "risk_tier": "medium", "colour": "#FFD600" }, "geometry": { "type": "Point", "coordinates": [ 6.71, 5.07 ] } },
{ "type": "Feature", "properties": { "crs": 0.2927, "risk_tier": "medium", "colour": "#FFD600" }, "geometry": { "type": "Point", "coordinates": [ 6.72, 5.07 ] } },
{ "type": "Feature", "properties": { "crs": 0.293, "risk_tier": "medium", "colour": "#FFD600" }, "geometry": { "type": "Point", "coordinates": [ 6.73, 5.07 ] } },
{ "type": "Feature", "properties": { "crs": 0.2785, "risk_tier": "medium", "colour": "#FFD600" }, "geometry": { "type": "Point", "coordinates": [ 6.74, 5.07 ] } },
{ "type": "Feature", "properties": { "crs": 0.2633, "risk_tier": "medium", "colour": "#FFD600" }, "geometry": { "type": "Point", "coordinates": [ 6.75, 5.07 ] } },
{ "type": "Feature", "properties": { "crs": 0.2633, "risk_tier": "medium", "colour": "#FFD600" }, "geometry": { "type": "Point", "coordinates": [ 6.76, 5.07 ] } },
{ "type": "Feature", "properties": { "crs": 0.2626, "risk_tier": "medium", "colour": "#FFD600" }, "geometry": { "type": "Point", "coordinates": [ 6.77, 5.07 ] } },
{ "type": "Feature", "properties": { "crs": 0.276, "risk_tier": "medium", "colour": "#FFD600" }, "geometry": { "type": "Point", "coordinates": [ 6.78, 5.07 ] } },
{ "type": "Feature", "properties": { "crs": 0.2389, "risk_tier": "low", "colour": "#69F0AE" }, "geometry": { "type": "Point", "coordinates": [ 6.79, 5.07 ] } },
{ "type": "Feature", "properties": { "crs": 0.18, "risk_tier": "low", "colour": "#69F0AE" }, "geometry": { "type": "Point", "coordinates": [ 6.8, 5.07 ] } },
{ "type": "Feature", "properties": { "crs": 0.1799, "risk_tier": "low", "colour": "#69F0AE" }, "geometry": { "type": "Point", "coordinates": [ 6.81, 5.07 ] } },
{ "type": "Feature", "properties": { "crs": 0.1542, "risk_tier": "low", "colour": "#69F0AE" }, "geometry": { "type": "Point", "coordinates": [ 6.35, 5.08 ] } },
{ "type": "Feature", "properties": { "crs": 0.1542, "risk_tier": "low", "colour": "#69F0AE" }, "geometry": { "type": "Point", "coordinates": [ 6.36, 5.08 ] } },
{ "type": "Feature", "properties": { "crs": 0.2279, "risk_tier": "low", "colour": "#69F0AE" }, "geometry": { "type": "Point", "coordinates": [ 6.37, 5.08 ] } },
{ "type": "Feature", "properties": { "crs": 0.2418, "risk_tier": "low", "colour": "#69F0AE" }, "geometry": { "type": "Point", "coordinates": [ 6.38, 5.08 ] } },
{ "type": "Feature", "properties": { "crs": 0.3005, "risk_tier": "medium", "colour": "#FFD600" }, "geometry": { "type": "Point", "coordinates": [ 6.39, 5.08 ] } },
{ "type": "Feature", "properties": { "crs": 0.3579, "risk_tier": "medium", "colour": "#FFD600" }, "geometry": { "type": "Point", "coordinates": [ 6.4, 5.08 ] } },
{ "type": "Feature", "properties": { "crs": 0.3445, "risk_tier": "medium", "colour": "#FFD600" }, "geometry": { "type": "Point", "coordinates": [ 6.41, 5.08 ] } },
{ "type": "Feature", "properties": { "crs": 0.4337, "risk_tier": "medium", "colour": "#FFD600" }, "geometry": { "type": "Point", "coordinates": [ 6.42, 5.08 ] } },
{ "type": "Feature", "properties": { "crs": 0.4305, "risk_tier": "medium", "colour": "#FFD600" }, "geometry": { "type": "Point", "coordinates": [ 6.43, 5.08 ] } },
{ "type": "Feature", "properties": { "crs": 0.4334, "risk_tier": "medium", "colour": "#FFD600" }, "geometry": { "type": "Point", "coordinates": [ 6.44, 5.08 ] } },
{ "type": "Feature", "properties": { "crs": 0.4308, "risk_tier": "medium", "colour": "#FFD600" }, "geometry": { "type": "Point", "coordinates": [ 6.45, 5.08 ] } },
{ "type": "Feature", "properties": { "crs": 0.4596, "risk_tier": "medium", "colour": "#FFD600" }, "geometry": { "type": "Point", "coordinates": [ 6.46, 5.08 ] } },
{ "type": "Feature", "properties": { "crs": 0.4767, "risk_tier": "medium", "colour": "#FFD600" }, "geometry": { "type": "Point", "coordinates": [ 6.47, 5.08 ] } },
{ "type": "Feature", "properties": { "crs": 0.46, "risk_tier": "medium", "colour": "#FFD600" }, "geometry": { "type": "Point", "coordinates": [ 6.48, 5.08 ] } },
{ "type": "Feature", "properties": { "crs": 0.4353, "risk_tier": "medium", "colour": "#FFD600" }, "geometry": { "type": "Point", "coordinates": [ 6.49, 5.08 ] } },
{ "type": "Feature", "properties": { "crs": 0.409, "risk_tier": "medium", "colour": "#FFD600" }, "geometry": { "type": "Point", "coordinates": [ 6.5, 5.08 ] } },
{ "type": "Feature", "properties": { "crs": 0.4096, "risk_tier": "medium", "colour": "#FFD600" }, "geometry": { "type": "Point", "coordinates": [ 6.51, 5.08 ] } },
{ "type": "Feature", "properties": { "crs": 0.4098, "risk_tier": "medium", "colour": "#FFD600" }, "geometry": { "type": "Point", "coordinates": [ 6.52, 5.08 ] } },
{ "type": "Feature", "properties": { "crs": 0.41, "risk_tier": "medium", "colour": "#FFD600" }, "geometry": { "type": "Point", "coordinates": [ 6.53, 5.08 ] } },
{ "type": "Feature", "properties": { "crs": 0.4552, "risk_tier": "medium", "colour": "#FFD600" }, "geometry": { "type": "Point", "coordinates": [ 6.54, 5.08 ] } },
{ "type": "Feature", "properties": { "crs": 0.4014, "risk_tier": "medium", "colour": "#FFD600" }, "geometry": { "type": "Point", "coordinates": [ 6.55, 5.08 ] } },
{ "type": "Feature", "properties": { "crs": 0.4022, "risk_tier": "medium", "colour": "#FFD600" }, "geometry": { "type": "Point", "coordinates": [ 6.56, 5.08 ] } },
{ "type": "Feature", "properties": { "crs": 0.3996, "risk_tier": "medium", "colour": "#FFD600" }, "geometry": { "type": "Point", "coordinates": [ 6.57, 5.08 ] } },
{ "type": "Feature", "properties": { "crs": 0.4999, "risk_tier": "medium", "colour": "#FFD600" }, "geometry": { "type": "Point", "coordinates": [ 6.58, 5.08 ] } },
{ "type": "Feature", "properties": { "crs": 0.4884, "risk_tier": "medium", "colour": "#FFD600" }, "geometry": { "type": "Point", "coordinates": [ 6.59, 5.08 ] } },
{ "type": "Feature", "properties": { "crs": 0.4733, "risk_tier": "medium", "colour": "#FFD600" }, "geometry": { "type": "Point", "coordinates": [ 6.6, 5.08 ] } },
{ "type": "Feature", "properties": { "crs": 0.5011, "risk_tier": "high", "colour": "#FF6D00" }, "geometry": { "type": "Point", "coordinates": [ 6.61, 5.08 ] } },
{ "type": "Feature", "properties": { "crs": 0.5012, "risk_tier": "high", "colour": "#FF6D00" }, "geometry": { "type": "Point", "coordinates": [ 6.62, 5.08 ] } },
{ "type": "Feature", "properties": { "crs": 0.5013, "risk_tier": "high", "colour": "#FF6D00" }, "geometry": { "type": "Point", "coordinates": [ 6.63, 5.08 ] } },
{ "type": "Feature", "properties": { "crs": 0.4813, "risk_tier": "medium", "colour": "#FFD600" }, "geometry": { "type": "Point", "coordinates": [ 6.64, 5.08 ] } },
{ "type": "Feature", "properties": { "crs": 0.4784, "risk_tier": "medium", "colour": "#FFD600" }, "geometry": { "type": "Point", "coordinates": [ 6.65, 5.08 ] } },
{ "type": "Feature", "properties": { "crs": 0.3508, "risk_tier": "medium", "colour": "#FFD600" }, "geometry": { "type": "Point", "coordinates": [ 6.66, 5.08 ] } },
{ "type": "Feature", "properties": { "crs": 0.2808, "risk_tier": "medium", "colour": "#FFD600" }, "geometry": { "type": "Point", "coordinates": [ 6.67, 5.08 ] } },
{ "type": "Feature", "properties": { "crs": 0.2457, "risk_tier": "low", "colour": "#69F0AE" }, "geometry": { "type": "Point", "coordinates": [ 6.68, 5.08 ] } },
{ "type": "Feature", "properties": { "crs": 0.2426, "risk_tier": "low", "colour": "#69F0AE" }, "geometry": { "type": "Point", "coordinates": [ 6.69, 5.08 ] } },
{ "type": "Feature", "properties": { "crs": 0.2463, "risk_tier": "low", "colour": "#69F0AE" }, "geometry": { "type": "Point", "coordinates": [ 6.7, 5.08 ] } },
{ "type": "Feature", "properties": { "crs": 0.2585, "risk_tier": "medium", "colour": "#FFD600" }, "geometry": { "type": "Point", "coordinates": [ 6.71, 5.08 ] } },
{ "type": "Feature", "properties": { "crs": 0.2781, "risk_tier": "medium", "colour": "#FFD600" }, "geometry": { "type": "Point", "coordinates": [ 6.72, 5.08 ] } },
{ "type": "Feature", "properties": { "crs": 0.2667, "risk_tier": "medium", "colour": "#FFD600" }, "geometry": { "type": "Point", "coordinates": [ 6.73, 5.08 ] } },
{ "type": "Feature", "properties": { "crs": 0.2784, "risk_tier": "medium", "colour": "#FFD600" }, "geometry": { "type": "Point", "coordinates": [ 6.74, 5.08 ] } },
{ "type": "Feature", "properties": { "crs": 0.2633, "risk_tier": "medium", "colour": "#FFD600" }, "geometry": { "type": "Point", "coordinates": [ 6.75, 5.08 ] } },
{ "type": "Feature", "properties": { "crs": 0.2632, "risk_tier": "medium", "colour": "#FFD600" }, "geometry": { "type": "Point", "coordinates": [ 6.76, 5.08 ] } },
{ "type": "Feature", "properties": { "crs": 0.2698, "risk_tier": "medium", "colour": "#FFD600" }, "geometry": { "type": "Point", "coordinates": [ 6.77, 5.08 ] } },
{ "type": "Feature", "properties": { "crs": 0.1874, "risk_tier": "low", "colour": "#69F0AE" }, "geometry": { "type": "Point", "coordinates": [ 6.78, 5.08 ] } },
{ "type": "Feature", "properties": { "crs": 0.1801, "risk_tier": "low", "colour": "#69F0AE" }, "geometry": { "type": "Point", "coordinates": [ 6.79, 5.08 ] } },
{ "type": "Feature", "properties": { "crs": 0.1804, "risk_tier": "low", "colour": "#69F0AE" }, "geometry": { "type": "Point", "coordinates": [ 6.8, 5.08 ] } },
{ "type": "Feature", "properties": { "crs": 0.1803, "risk_tier": "low", "colour": "#69F0AE" }, "geometry": { "type": "Point", "coordinates": [ 6.81, 5.08 ] } },
{ "type": "Feature", "properties": { "crs": 0.228, "risk_tier": "low", "colour": "#69F0AE" }, "geometry": { "type": "Point", "coordinates": [ 6.37, 5.09 ] } },
{ "type": "Feature", "properties": { "crs": 0.2306, "risk_tier": "low", "colour": "#69F0AE" }, "geometry": { "type": "Point", "coordinates": [ 6.38, 5.09 ] } },
{ "type": "Feature", "properties": { "crs": 0.3002, "risk_tier": "medium", "colour": "#FFD600" }, "geometry": { "type": "Point", "coordinates": [ 6.39, 5.09 ] } },
{ "type": "Feature", "properties": { "crs": 0.3548, "risk_tier": "medium", "colour": "#FFD600" }, "geometry": { "type": "Point", "coordinates": [ 6.4, 5.09 ] } },
{ "type": "Feature", "properties": { "crs": 0.4244, "risk_tier": "medium", "colour": "#FFD600" }, "geometry": { "type": "Point", "coordinates": [ 6.41, 5.09 ] } },
{ "type": "Feature", "properties": { "crs": 0.4331, "risk_tier": "medium", "colour": "#FFD600" }, "geometry": { "type": "Point", "coordinates": [ 6.42, 5.09 ] } },
{ "type": "Feature", "properties": { "crs": 0.4306, "risk_tier": "medium", "colour": "#FFD600" }, "geometry": { "type": "Point", "coordinates": [ 6.43, 5.09 ] } },
{ "type": "Feature", "properties": { "crs": 0.4308, "risk_tier": "medium", "colour": "#FFD600" }, "geometry": { "type": "Point", "coordinates": [ 6.44, 5.09 ] } },
{ "type": "Feature", "properties": { "crs": 0.4309, "risk_tier": "medium", "colour": "#FFD600" }, "geometry": { "type": "Point", "coordinates": [ 6.45, 5.09 ] } },
{ "type": "Feature", "properties": { "crs": 0.4515, "risk_tier": "medium", "colour": "#FFD600" }, "geometry": { "type": "Point", "coordinates": [ 6.46, 5.09 ] } },
{ "type": "Feature", "properties": { "crs": 0.4768, "risk_tier": "medium", "colour": "#FFD600" }, "geometry": { "type": "Point", "coordinates": [ 6.47, 5.09 ] } },
{ "type": "Feature", "properties": { "crs": 0.4769, "risk_tier": "medium", "colour": "#FFD600" }, "geometry": { "type": "Point", "coordinates": [ 6.48, 5.09 ] } },
{ "type": "Feature", "properties": { "crs": 0.4771, "risk_tier": "medium", "colour": "#FFD600" }, "geometry": { "type": "Point", "coordinates": [ 6.49, 5.09 ] } },
{ "type": "Feature", "properties": { "crs": 0.4475, "risk_tier": "medium", "colour": "#FFD600" }, "geometry": { "type": "Point", "coordinates": [ 6.5, 5.09 ] } },
{ "type": "Feature", "properties": { "crs": 0.3956, "risk_tier": "medium", "colour": "#FFD600" }, "geometry": { "type": "Point", "coordinates": [ 6.51, 5.09 ] } },
{ "type": "Feature", "properties": { "crs": 0.3964, "risk_tier": "medium", "colour": "#FFD600" }, "geometry": { "type": "Point", "coordinates": [ 6.52, 5.09 ] } },
{ "type": "Feature", "properties": { "crs": 0.4293, "risk_tier": "medium", "colour": "#FFD600" }, "geometry": { "type": "Point", "coordinates": [ 6.53, 5.09 ] } },
{ "type": "Feature", "properties": { "crs": 0.4295, "risk_tier": "medium", "colour": "#FFD600" }, "geometry": { "type": "Point", "coordinates": [ 6.54, 5.09 ] } },
{ "type": "Feature", "properties": { "crs": 0.4297, "risk_tier": "medium", "colour": "#FFD600" }, "geometry": { "type": "Point", "coordinates": [ 6.55, 5.09 ] } },
{ "type": "Feature", "properties": { "crs": 0.4023, "risk_tier": "medium", "colour": "#FFD600" }, "geometry": { "type": "Point", "coordinates": [ 6.56, 5.09 ] } },
{ "type": "Feature", "properties": { "crs": 0.4025, "risk_tier": "medium", "colour": "#FFD600" }, "geometry": { "type": "Point", "coordinates": [ 6.57, 5.09 ] } },
{ "type": "Feature", "properties": { "crs": 0.5166, "risk_tier": "high", "colour": "#FF6D00" }, "geometry": { "type": "Point", "coordinates": [ 6.58, 5.09 ] } },
{ "type": "Feature", "properties": { "crs": 0.5156, "risk_tier": "high", "colour": "#FF6D00" }, "geometry": { "type": "Point", "coordinates": [ 6.59, 5.09 ] } },
{ "type": "Feature", "properties": { "crs": 0.501, "risk_tier": "high", "colour": "#FF6D00" }, "geometry": { "type": "Point", "coordinates": [ 6.6, 5.09 ] } },
{ "type": "Feature", "properties": { "crs": 0.5011, "risk_tier": "high", "colour": "#FF6D00" }, "geometry": { "type": "Point", "coordinates": [ 6.61, 5.09 ] } },
{ "type": "Feature", "properties": { "crs": 0.5012, "risk_tier": "high", "colour": "#FF6D00" }, "geometry": { "type": "Point", "coordinates": [ 6.62, 5.09 ] } },
{ "type": "Feature", "properties": { "crs": 0.5013, "risk_tier": "high", "colour": "#FF6D00" }, "geometry": { "type": "Point", "coordinates": [ 6.63, 5.09 ] } },
{ "type": "Feature", "properties": { "crs": 0.4973, "risk_tier": "medium", "colour": "#FFD600" }, "geometry": { "type": "Point", "coordinates": [ 6.64, 5.09 ] } },
{ "type": "Feature", "properties": { "crs": 0.4052, "risk_tier": "medium", "colour": "#FFD600" }, "geometry": { "type": "Point", "coordinates": [ 6.65, 5.09 ] } },
{ "type": "Feature", "properties": { "crs": 0.3466, "risk_tier": "medium", "colour": "#FFD600" }, "geometry": { "type": "Point", "coordinates": [ 6.66, 5.09 ] } },
{ "type": "Feature", "properties": { "crs": 0.2843, "risk_tier": "medium", "colour": "#FFD600" }, "geometry": { "type": "Point", "coordinates": [ 6.67, 5.09 ] } },
{ "type": "Feature", "properties": { "crs": 0.258, "risk_tier": "medium", "colour": "#FFD600" }, "geometry": { "type": "Point", "coordinates": [ 6.68, 5.09 ] } },
{ "type": "Feature", "properties": { "crs": 0.258, "risk_tier": "medium", "colour": "#FFD600" }, "geometry": { "type": "Point", "coordinates": [ 6.69, 5.09 ] } },
{ "type": "Feature", "properties": { "crs": 0.229, "risk_tier": "low", "colour": "#69F0AE" }, "geometry": { "type": "Point", "coordinates": [ 6.7, 5.09 ] } },
{ "type": "Feature", "properties": { "crs": 0.2335, "risk_tier": "low", "colour": "#69F0AE" }, "geometry": { "type": "Point", "coordinates": [ 6.71, 5.09 ] } },
{ "type": "Feature", "properties": { "crs": 0.2526, "risk_tier": "medium", "colour": "#FFD600" }, "geometry": { "type": "Point", "coordinates": [ 6.72, 5.09 ] } },
{ "type": "Feature", "properties": { "crs": 0.2633, "risk_tier": "medium", "colour": "#FFD600" }, "geometry": { "type": "Point", "coordinates": [ 6.73, 5.09 ] } },
{ "type": "Feature", "properties": { "crs": 0.2633, "risk_tier": "medium", "colour": "#FFD600" }, "geometry": { "type": "Point", "coordinates": [ 6.74, 5.09 ] } },
{ "type": "Feature", "properties": { "crs": 0.2632, "risk_tier": "medium", "colour": "#FFD600" }, "geometry": { "type": "Point", "coordinates": [ 6.75, 5.09 ] } },
{ "type": "Feature", "properties": { "crs": 0.2709, "risk_tier": "medium", "colour": "#FFD600" }, "geometry": { "type": "Point", "coordinates": [ 6.76, 5.09 ] } },
{ "type": "Feature", "properties": { "crs": 0.2428, "risk_tier": "low", "colour": "#69F0AE" }, "geometry": { "type": "Point", "coordinates": [ 6.77, 5.09 ] } },
{ "type": "Feature", "properties": { "crs": 0.1837, "risk_tier": "low", "colour": "#69F0AE" }, "geometry": { "type": "Point", "coordinates": [ 6.78, 5.09 ] } },
{ "type": "Feature", "properties": { "crs": 0.18, "risk_tier": "low", "colour": "#69F0AE" }, "geometry": { "type": "Point", "coordinates": [ 6.79, 5.09 ] } },
{ "type": "Feature", "properties": { "crs": 0.1804, "risk_tier": "low", "colour": "#69F0AE" }, "geometry": { "type": "Point", "coordinates": [ 6.8, 5.09 ] } },
{ "type": "Feature", "properties": { "crs": 0.1803, "risk_tier": "low", "colour": "#69F0AE" }, "geometry": { "type": "Point", "coordinates": [ 6.81, 5.09 ] } },
{ "type": "Feature", "properties": { "crs": 0.2117, "risk_tier": "low", "colour": "#69F0AE" }, "geometry": { "type": "Point", "coordinates": [ 6.36, 5.1 ] } },
{ "type": "Feature", "properties": { "crs": 0.2531, "risk_tier": "medium", "colour": "#FFD600" }, "geometry": { "type": "Point", "coordinates": [ 6.37, 5.1 ] } },
{ "type": "Feature", "properties": { "crs": 0.3003, "risk_tier": "medium", "colour": "#FFD600" }, "geometry": { "type": "Point", "coordinates": [ 6.38, 5.1 ] } },
{ "type": "Feature", "properties": { "crs": 0.3139, "risk_tier": "medium", "colour": "#FFD600" }, "geometry": { "type": "Point", "coordinates": [ 6.39, 5.1 ] } },
{ "type": "Feature", "properties": { "crs": 0.431, "risk_tier": "medium", "colour": "#FFD600" }, "geometry": { "type": "Point", "coordinates": [ 6.4, 5.1 ] } },
{ "type": "Feature", "properties": { "crs": 0.4331, "risk_tier": "medium", "colour": "#FFD600" }, "geometry": { "type": "Point", "coordinates": [ 6.41, 5.1 ] } },
{ "type": "Feature", "properties": { "crs": 0.4305, "risk_tier": "medium", "colour": "#FFD600" }, "geometry": { "type": "Point", "coordinates": [ 6.42, 5.1 ] } },
{ "type": "Feature", "properties": { "crs": 0.4307, "risk_tier": "medium", "colour": "#FFD600" }, "geometry": { "type": "Point", "coordinates": [ 6.43, 5.1 ] } },
{ "type": "Feature", "properties": { "crs": 0.4308, "risk_tier": "medium", "colour": "#FFD600" }, "geometry": { "type": "Point", "coordinates": [ 6.44, 5.1 ] } },
{ "type": "Feature", "properties": { "crs": 0.431, "risk_tier": "medium", "colour": "#FFD600" }, "geometry": { "type": "Point", "coordinates": [ 6.45, 5.1 ] } },
{ "type": "Feature", "properties": { "crs": 0.4516, "risk_tier": "medium", "colour": "#FFD600" }, "geometry": { "type": "Point", "coordinates": [ 6.46, 5.1 ] } },
{ "type": "Feature", "properties": { "crs": 0.4768, "risk_tier": "medium", "colour": "#FFD600" }, "geometry": { "type": "Point", "coordinates": [ 6.47, 5.1 ] } },
{ "type": "Feature", "properties": { "crs": 0.477, "risk_tier": "medium", "colour": "#FFD600" }, "geometry": { "type": "Point", "coordinates": [ 6.48, 5.1 ] } },
{ "type": "Feature", "properties": { "crs": 0.4474, "risk_tier": "medium", "colour": "#FFD600" }, "geometry": { "type": "Point", "coordinates": [ 6.49, 5.1 ] } },
{ "type": "Feature", "properties": { "crs": 0.3451, "risk_tier": "medium", "colour": "#FFD600" }, "geometry": { "type": "Point", "coordinates": [ 6.5, 5.1 ] } },
{ "type": "Feature", "properties": { "crs": 0.2899, "risk_tier": "medium", "colour": "#FFD600" }, "geometry": { "type": "Point", "coordinates": [ 6.51, 5.1 ] } },
{ "type": "Feature", "properties": { "crs": 0.2905, "risk_tier": "medium", "colour": "#FFD600" }, "geometry": { "type": "Point", "coordinates": [ 6.52, 5.1 ] } },
{ "type": "Feature", "properties": { "crs": 0.2913, "risk_tier": "medium", "colour": "#FFD600" }, "geometry": { "type": "Point", "coordinates": [ 6.53, 5.1 ] } },
{ "type": "Feature", "properties": { "crs": 0.4295, "risk_tier": "medium", "colour": "#FFD600" }, "geometry": { "type": "Point", "coordinates": [ 6.54, 5.1 ] } },
{ "type": "Feature", "properties": { "crs": 0.4297, "risk_tier": "medium", "colour": "#FFD600" }, "geometry": { "type": "Point", "coordinates": [ 6.55, 5.1 ] } },
{ "type": "Feature", "properties": { "crs": 0.4299, "risk_tier": "medium", "colour": "#FFD600" }, "geometry": { "type": "Point", "coordinates": [ 6.56, 5.1 ] } },
{ "type": "Feature", "properties": { "crs": 0.5162, "risk_tier": "high", "colour": "#FF6D00" }, "geometry": { "type": "Point", "coordinates": [ 6.57, 5.1 ] } },
{ "type": "Feature", "properties": { "crs": 0.5171, "risk_tier": "high", "colour": "#FF6D00" }, "geometry": { "type": "Point", "coordinates": [ 6.58, 5.1 ] } },
{ "type": "Feature", "properties": { "crs": 0.5172, "risk_tier": "high", "colour": "#FF6D00" }, "geometry": { "type": "Point", "coordinates": [ 6.59, 5.1 ] } },
{ "type": "Feature", "properties": { "crs": 0.501, "risk_tier": "high", "colour": "#FF6D00" }, "geometry": { "type": "Point", "coordinates": [ 6.6, 5.1 ] } },
{ "type": "Feature", "properties": { "crs": 0.4736, "risk_tier": "medium", "colour": "#FFD600" }, "geometry": { "type": "Point", "coordinates": [ 6.61, 5.1 ] } },
{ "type": "Feature", "properties": { "crs": 0.3592, "risk_tier": "medium", "colour": "#FFD600" }, "geometry": { "type": "Point", "coordinates": [ 6.62, 5.1 ] } },
{ "type": "Feature", "properties": { "crs": 0.3828, "risk_tier": "medium", "colour": "#FFD600" }, "geometry": { "type": "Point", "coordinates": [ 6.63, 5.1 ] } },
{ "type": "Feature", "properties": { "crs": 0.3873, "risk_tier": "medium", "colour": "#FFD600" }, "geometry": { "type": "Point", "coordinates": [ 6.64, 5.1 ] } },
{ "type": "Feature", "properties": { "crs": 0.3874, "risk_tier": "medium", "colour": "#FFD600" }, "geometry": { "type": "Point", "coordinates": [ 6.65, 5.1 ] } },
{ "type": "Feature", "properties": { "crs": 0.3466, "risk_tier": "medium", "colour": "#FFD600" }, "geometry": { "type": "Point", "coordinates": [ 6.66, 5.1 ] } },
{ "type": "Feature", "properties": { "crs": 0.298, "risk_tier": "medium", "colour": "#FFD600" }, "geometry": { "type": "Point", "coordinates": [ 6.67, 5.1 ] } },
{ "type": "Feature", "properties": { "crs": 0.2698, "risk_tier": "medium", "colour": "#FFD600" }, "geometry": { "type": "Point", "coordinates": [ 6.68, 5.1 ] } },
{ "type": "Feature", "properties": { "crs": 0.2287, "risk_tier": "low", "colour": "#69F0AE" }, "geometry": { "type": "Point", "coordinates": [ 6.69, 5.1 ] } },
{ "type": "Feature", "properties": { "crs": 0.2289, "risk_tier": "low", "colour": "#69F0AE" }, "geometry": { "type": "Point", "coordinates": [ 6.7, 5.1 ] } },
{ "type": "Feature", "properties": { "crs": 0.2335, "risk_tier": "low", "colour": "#69F0AE" }, "geometry": { "type": "Point", "coordinates": [ 6.71, 5.1 ] } },
{ "type": "Feature", "properties": { "crs": 0.2485, "risk_tier": "low", "colour": "#69F0AE" }, "geometry": { "type": "Point", "coordinates": [ 6.72, 5.1 ] } },
{ "type": "Feature", "properties": { "crs": 0.2784, "risk_tier": "medium", "colour": "#FFD600" }, "geometry": { "type": "Point", "coordinates": [ 6.73, 5.1 ] } },
{ "type": "Feature", "properties": { "crs": 0.2632, "risk_tier": "medium", "colour": "#FFD600" }, "geometry": { "type": "Point", "coordinates": [ 6.74, 5.1 ] } },
{ "type": "Feature", "properties": { "crs": 0.2362, "risk_tier": "low", "colour": "#69F0AE" }, "geometry": { "type": "Point", "coordinates": [ 6.75, 5.1 ] } },
{ "type": "Feature", "properties": { "crs": 0.2428, "risk_tier": "low", "colour": "#69F0AE" }, "geometry": { "type": "Point", "coordinates": [ 6.76, 5.1 ] } },
{ "type": "Feature", "properties": { "crs": 0.1874, "risk_tier": "low", "colour": "#69F0AE" }, "geometry": { "type": "Point", "coordinates": [ 6.77, 5.1 ] } },
{ "type": "Feature", "properties": { "crs": 0.1801, "risk_tier": "low", "colour": "#69F0AE" }, "geometry": { "type": "Point", "coordinates": [ 6.78, 5.1 ] } },
{ "type": "Feature", "properties": { "crs": 0.18, "risk_tier": "low", "colour": "#69F0AE" }, "geometry": { "type": "Point", "coordinates": [ 6.79, 5.1 ] } },
{ "type": "Feature", "properties": { "crs": 0.1803, "risk_tier": "low", "colour": "#69F0AE" }, "geometry": { "type": "Point", "coordinates": [ 6.8, 5.1 ] } },
{ "type": "Feature", "properties": { "crs": 0.1802, "risk_tier": "low", "colour": "#69F0AE" }, "geometry": { "type": "Point", "coordinates": [ 6.81, 5.1 ] } },
{ "type": "Feature", "properties": { "crs": 0.2589, "risk_tier": "medium", "colour": "#FFD600" }, "geometry": { "type": "Point", "coordinates": [ 6.36, 5.11 ] } },
{ "type": "Feature", "properties": { "crs": 0.2369, "risk_tier": "low", "colour": "#69F0AE" }, "geometry": { "type": "Point", "coordinates": [ 6.37, 5.11 ] } },
{ "type": "Feature", "properties": { "crs": 0.3516, "risk_tier": "medium", "colour": "#FFD600" }, "geometry": { "type": "Point", "coordinates": [ 6.38, 5.11 ] } },
{ "type": "Feature", "properties": { "crs": 0.3129, "risk_tier": "medium", "colour": "#FFD600" }, "geometry": { "type": "Point", "coordinates": [ 6.39, 5.11 ] } },
{ "type": "Feature", "properties": { "crs": 0.4311, "risk_tier": "medium", "colour": "#FFD600" }, "geometry": { "type": "Point", "coordinates": [ 6.4, 5.11 ] } },
{ "type": "Feature", "properties": { "crs": 0.4312, "risk_tier": "medium", "colour": "#FFD600" }, "geometry": { "type": "Point", "coordinates": [ 6.41, 5.11 ] } },
{ "type": "Feature", "properties": { "crs": 0.4307, "risk_tier": "medium", "colour": "#FFD600" }, "geometry": { "type": "Point", "coordinates": [ 6.42, 5.11 ] } },
{ "type": "Feature", "properties": { "crs": 0.4308, "risk_tier": "medium", "colour": "#FFD600" }, "geometry": { "type": "Point", "coordinates": [ 6.43, 5.11 ] } },
{ "type": "Feature", "properties": { "crs": 0.4309, "risk_tier": "medium", "colour": "#FFD600" }, "geometry": { "type": "Point", "coordinates": [ 6.44, 5.11 ] } },
{ "type": "Feature", "properties": { "crs": 0.4337, "risk_tier": "medium", "colour": "#FFD600" }, "geometry": { "type": "Point", "coordinates": [ 6.45, 5.11 ] } },
{ "type": "Feature", "properties": { "crs": 0.4518, "risk_tier": "medium", "colour": "#FFD600" }, "geometry": { "type": "Point", "coordinates": [ 6.46, 5.11 ] } },
{ "type": "Feature", "properties": { "crs": 0.3314, "risk_tier": "medium", "colour": "#FFD600" }, "geometry": { "type": "Point", "coordinates": [ 6.47, 5.11 ] } },
{ "type": "Feature", "properties": { "crs": 0.3316, "risk_tier": "medium", "colour": "#FFD600" }, "geometry": { "type": "Point", "coordinates": [ 6.48, 5.11 ] } },
{ "type": "Feature", "properties": { "crs": 0.3317, "risk_tier": "medium", "colour": "#FFD600" }, "geometry": { "type": "Point", "coordinates": [ 6.49, 5.11 ] } },
{ "type": "Feature", "properties": { "crs": 0.3451, "risk_tier": "medium", "colour": "#FFD600" }, "geometry": { "type": "Point", "coordinates": [ 6.5, 5.11 ] } },
{ "type": "Feature", "properties": { "crs": 0.2904, "risk_tier": "medium", "colour": "#FFD600" }, "geometry": { "type": "Point", "coordinates": [ 6.51, 5.11 ] } },
{ "type": "Feature", "properties": { "crs": 0.2912, "risk_tier": "medium", "colour": "#FFD600" }, "geometry": { "type": "Point", "coordinates": [ 6.52, 5.11 ] } },
{ "type": "Feature", "properties": { "crs": 0.2914, "risk_tier": "medium", "colour": "#FFD600" }, "geometry": { "type": "Point", "coordinates": [ 6.53, 5.11 ] } },
{ "type": "Feature", "properties": { "crs": 0.2916, "risk_tier": "medium", "colour": "#FFD600" }, "geometry": { "type": "Point", "coordinates": [ 6.54, 5.11 ] } },
{ "type": "Feature", "properties": { "crs": 0.2764, "risk_tier": "medium", "colour": "#FFD600" }, "geometry": { "type": "Point", "coordinates": [ 6.55, 5.11 ] } },
{ "type": "Feature", "properties": { "crs": 0.5095, "risk_tier": "high", "colour": "#FF6D00" }, "geometry": { "type": "Point", "coordinates": [ 6.56, 5.11 ] } },
{ "type": "Feature", "properties": { "crs": 0.5134, "risk_tier": "high", "colour": "#FF6D00" }, "geometry": { "type": "Point", "coordinates": [ 6.57, 5.11 ] } },
{ "type": "Feature", "properties": { "crs": 0.5171, "risk_tier": "high", "colour": "#FF6D00" }, "geometry": { "type": "Point", "coordinates": [ 6.58, 5.11 ] } },
{ "type": "Feature", "properties": { "crs": 0.5023, "risk_tier": "high", "colour": "#FF6D00" }, "geometry": { "type": "Point", "coordinates": [ 6.59, 5.11 ] } },
{ "type": "Feature", "properties": { "crs": 0.501, "risk_tier": "high", "colour": "#FF6D00" }, "geometry": { "type": "Point", "coordinates": [ 6.6, 5.11 ] } },
{ "type": "Feature", "properties": { "crs": 0.3642, "risk_tier": "medium", "colour": "#FFD600" }, "geometry": { "type": "Point", "coordinates": [ 6.61, 5.11 ] } },
{ "type": "Feature", "properties": { "crs": 0.3775, "risk_tier": "medium", "colour": "#FFD600" }, "geometry": { "type": "Point", "coordinates": [ 6.62, 5.11 ] } },
{ "type": "Feature", "properties": { "crs": 0.3595, "risk_tier": "medium", "colour": "#FFD600" }, "geometry": { "type": "Point", "coordinates": [ 6.63, 5.11 ] } },
{ "type": "Feature", "properties": { "crs": 0.3774, "risk_tier": "medium", "colour": "#FFD600" }, "geometry": { "type": "Point", "coordinates": [ 6.64, 5.11 ] } },
{ "type": "Feature", "properties": { "crs": 0.4891, "risk_tier": "medium", "colour": "#FFD600" }, "geometry": { "type": "Point", "coordinates": [ 6.65, 5.11 ] } },
{ "type": "Feature", "properties": { "crs": 0.4347, "risk_tier": "medium", "colour": "#FFD600" }, "geometry": { "type": "Point", "coordinates": [ 6.66, 5.11 ] } },
{ "type": "Feature", "properties": { "crs": 0.3593, "risk_tier": "medium", "colour": "#FFD600" }, "geometry": { "type": "Point", "coordinates": [ 6.67, 5.11 ] } },
{ "type": "Feature", "properties": { "crs": 0.2611, "risk_tier": "medium", "colour": "#FFD600" }, "geometry": { "type": "Point", "coordinates": [ 6.68, 5.11 ] } },
{ "type": "Feature", "properties": { "crs": 0.2289, "risk_tier": "low", "colour": "#69F0AE" }, "geometry": { "type": "Point", "coordinates": [ 6.69, 5.11 ] } },
{ "type": "Feature", "properties": { "crs": 0.2478, "risk_tier": "low", "colour": "#69F0AE" }, "geometry": { "type": "Point", "coordinates": [ 6.7, 5.11 ] } },
{ "type": "Feature", "properties": { "crs": 0.2327, "risk_tier": "low", "colour": "#69F0AE" }, "geometry": { "type": "Point", "coordinates": [ 6.71, 5.11 ] } },
{ "type": "Feature", "properties": { "crs": 0.2367, "risk_tier": "low", "colour": "#69F0AE" }, "geometry": { "type": "Point", "coordinates": [ 6.72, 5.11 ] } },
{ "type": "Feature", "properties": { "crs": 0.2442, "risk_tier": "low", "colour": "#69F0AE" }, "geometry": { "type": "Point", "coordinates": [ 6.73, 5.11 ] } },
{ "type": "Feature", "properties": { "crs": 0.2302, "risk_tier": "low", "colour": "#69F0AE" }, "geometry": { "type": "Point", "coordinates": [ 6.74, 5.11 ] } },
{ "type": "Feature", "properties": { "crs": 0.2361, "risk_tier": "low", "colour": "#69F0AE" }, "geometry": { "type": "Point", "coordinates": [ 6.75, 5.11 ] } },
{ "type": "Feature", "properties": { "crs": 0.1802, "risk_tier": "low", "colour": "#69F0AE" }, "geometry": { "type": "Point", "coordinates": [ 6.76, 5.11 ] } },
{ "type": "Feature", "properties": { "crs": 0.1797, "risk_tier": "low", "colour": "#69F0AE" }, "geometry": { "type": "Point", "coordinates": [ 6.77, 5.11 ] } },
{ "type": "Feature", "properties": { "crs": 0.1836, "risk_tier": "low", "colour": "#69F0AE" }, "geometry": { "type": "Point", "coordinates": [ 6.78, 5.11 ] } },
{ "type": "Feature", "properties": { "crs": 0.18, "risk_tier": "low", "colour": "#69F0AE" }, "geometry": { "type": "Point", "coordinates": [ 6.79, 5.11 ] } },
{ "type": "Feature", "properties": { "crs": 0.1799, "risk_tier": "low", "colour": "#69F0AE" }, "geometry": { "type": "Point", "coordinates": [ 6.8, 5.11 ] } },
{ "type": "Feature", "properties": { "crs": 0.1802, "risk_tier": "low", "colour": "#69F0AE" }, "geometry": { "type": "Point", "coordinates": [ 6.81, 5.11 ] } },
{ "type": "Feature", "properties": { "crs": 0.1797, "risk_tier": "low", "colour": "#69F0AE" }, "geometry": { "type": "Point", "coordinates": [ 6.82, 5.11 ] } },
{ "type": "Feature", "properties": { "crs": 0.1635, "risk_tier": "low", "colour": "#69F0AE" }, "geometry": { "type": "Point", "coordinates": [ 6.35, 5.12 ] } },
{ "type": "Feature", "properties": { "crs": 0.2269, "risk_tier": "low", "colour": "#69F0AE" }, "geometry": { "type": "Point", "coordinates": [ 6.36, 5.12 ] } },
{ "type": "Feature", "properties": { "crs": 0.2826, "risk_tier": "medium", "colour": "#FFD600" }, "geometry": { "type": "Point", "coordinates": [ 6.37, 5.12 ] } },
{ "type": "Feature", "properties": { "crs": 0.2747, "risk_tier": "medium", "colour": "#FFD600" }, "geometry": { "type": "Point", "coordinates": [ 6.38, 5.12 ] } },
{ "type": "Feature", "properties": { "crs": 0.3613, "risk_tier": "medium", "colour": "#FFD600" }, "geometry": { "type": "Point", "coordinates": [ 6.39, 5.12 ] } },
{ "type": "Feature", "properties": { "crs": 0.4312, "risk_tier": "medium", "colour": "#FFD600" }, "geometry": { "type": "Point", "coordinates": [ 6.4, 5.12 ] } },
{ "type": "Feature", "properties": { "crs": 0.4313, "risk_tier": "medium", "colour": "#FFD600" }, "geometry": { "type": "Point", "coordinates": [ 6.41, 5.12 ] } },
{ "type": "Feature", "properties": { "crs": 0.4308, "risk_tier": "medium", "colour": "#FFD600" }, "geometry": { "type": "Point", "coordinates": [ 6.42, 5.12 ] } },
{ "type": "Feature", "properties": { "crs": 0.4309, "risk_tier": "medium", "colour": "#FFD600" }, "geometry": { "type": "Point", "coordinates": [ 6.43, 5.12 ] } },
{ "type": "Feature", "properties": { "crs": 0.4516, "risk_tier": "medium", "colour": "#FFD600" }, "geometry": { "type": "Point", "coordinates": [ 6.44, 5.12 ] } },
{ "type": "Feature", "properties": { "crs": 0.4338, "risk_tier": "medium", "colour": "#FFD600" }, "geometry": { "type": "Point", "coordinates": [ 6.45, 5.12 ] } },
{ "type": "Feature", "properties": { "crs": 0.477, "risk_tier": "medium", "colour": "#FFD600" }, "geometry": { "type": "Point", "coordinates": [ 6.46, 5.12 ] } },
{ "type": "Feature", "properties": { "crs": 0.4353, "risk_tier": "medium", "colour": "#FFD600" }, "geometry": { "type": "Point", "coordinates": [ 6.47, 5.12 ] } },
{ "type": "Feature", "properties": { "crs": 0.3316, "risk_tier": "medium", "colour": "#FFD600" }, "geometry": { "type": "Point", "coordinates": [ 6.48, 5.12 ] } },
{ "type": "Feature", "properties": { "crs": 0.3318, "risk_tier": "medium", "colour": "#FFD600" }, "geometry": { "type": "Point", "coordinates": [ 6.49, 5.12 ] } },
{ "type": "Feature", "properties": { "crs": 0.265, "risk_tier": "medium", "colour": "#FFD600" }, "geometry": { "type": "Point", "coordinates": [ 6.5, 5.12 ] } },
{ "type": "Feature", "properties": { "crs": 0.2737, "risk_tier": "medium", "colour": "#FFD600" }, "geometry": { "type": "Point", "coordinates": [ 6.51, 5.12 ] } },
{ "type": "Feature", "properties": { "crs": 0.278, "risk_tier": "medium", "colour": "#FFD600" }, "geometry": { "type": "Point", "coordinates": [ 6.52, 5.12 ] } },
{ "type": "Feature", "properties": { "crs": 0.2728, "risk_tier": "medium", "colour": "#FFD600" }, "geometry": { "type": "Point", "coordinates": [ 6.53, 5.12 ] } },
{ "type": "Feature", "properties": { "crs": 0.2765, "risk_tier": "medium", "colour": "#FFD600" }, "geometry": { "type": "Point", "coordinates": [ 6.54, 5.12 ] } },
{ "type": "Feature", "properties": { "crs": 0.2764, "risk_tier": "medium", "colour": "#FFD600" }, "geometry": { "type": "Point", "coordinates": [ 6.55, 5.12 ] } },
{ "type": "Feature", "properties": { "crs": 0.406, "risk_tier": "medium", "colour": "#FFD600" }, "geometry": { "type": "Point", "coordinates": [ 6.56, 5.12 ] } },
{ "type": "Feature", "properties": { "crs": 0.5339, "risk_tier": "high", "colour": "#FF6D00" }, "geometry": { "type": "Point", "coordinates": [ 6.57, 5.12 ] } },
{ "type": "Feature", "properties": { "crs": 0.5174, "risk_tier": "high", "colour": "#FF6D00" }, "geometry": { "type": "Point", "coordinates": [ 6.58, 5.12 ] } },
{ "type": "Feature", "properties": { "crs": 0.5077, "risk_tier": "high", "colour": "#FF6D00" }, "geometry": { "type": "Point", "coordinates": [ 6.59, 5.12 ] } },
{ "type": "Feature", "properties": { "crs": 0.3893, "risk_tier": "medium", "colour": "#FFD600" }, "geometry": { "type": "Point", "coordinates": [ 6.6, 5.12 ] } },
{ "type": "Feature", "properties": { "crs": 0.3644, "risk_tier": "medium", "colour": "#FFD600" }, "geometry": { "type": "Point", "coordinates": [ 6.61, 5.12 ] } },
{ "type": "Feature", "properties": { "crs": 0.3352, "risk_tier": "medium", "colour": "#FFD600" }, "geometry": { "type": "Point", "coordinates": [ 6.62, 5.12 ] } },
{ "type": "Feature", "properties": { "crs": 0.3185, "risk_tier": "medium", "colour": "#FFD600" }, "geometry": { "type": "Point", "coordinates": [ 6.63, 5.12 ] } },
{ "type": "Feature", "properties": { "crs": 0.3351, "risk_tier": "medium", "colour": "#FFD600" }, "geometry": { "type": "Point", "coordinates": [ 6.64, 5.12 ] } },
{ "type": "Feature", "properties": { "crs": 0.3351, "risk_tier": "medium", "colour": "#FFD600" }, "geometry": { "type": "Point", "coordinates": [ 6.65, 5.12 ] } },
{ "type": "Feature", "properties": { "crs": 0.3522, "risk_tier": "medium", "colour": "#FFD600" }, "geometry": { "type": "Point", "coordinates": [ 6.66, 5.12 ] } },
{ "type": "Feature", "properties": { "crs": 0.3599, "risk_tier": "medium", "colour": "#FFD600" }, "geometry": { "type": "Point", "coordinates": [ 6.67, 5.12 ] } },
{ "type": "Feature", "properties": { "crs": 0.2058, "risk_tier": "low", "colour": "#69F0AE" }, "geometry": { "type": "Point", "coordinates": [ 6.68, 5.12 ] } },
{ "type": "Feature", "properties": { "crs": 0.2059, "risk_tier": "low", "colour": "#69F0AE" }, "geometry": { "type": "Point", "coordinates": [ 6.69, 5.12 ] } },
{ "type": "Feature", "properties": { "crs": 0.2477, "risk_tier": "low", "colour": "#69F0AE" }, "geometry": { "type": "Point", "coordinates": [ 6.7, 5.12 ] } },
{ "type": "Feature", "properties": { "crs": 0.2059, "risk_tier": "low", "colour": "#69F0AE" }, "geometry": { "type": "Point", "coordinates": [ 6.71, 5.12 ] } },
{ "type": "Feature", "properties": { "crs": 0.2066, "risk_tier": "low", "colour": "#69F0AE" }, "geometry": { "type": "Point", "coordinates": [ 6.72, 5.12 ] } },
{ "type": "Feature", "properties": { "crs": 0.2442, "risk_tier": "low", "colour": "#69F0AE" }, "geometry": { "type": "Point", "coordinates": [ 6.73, 5.12 ] } },
{ "type": "Feature", "properties": { "crs": 0.2301, "risk_tier": "low", "colour": "#69F0AE" }, "geometry": { "type": "Point", "coordinates": [ 6.74, 5.12 ] } },
{ "type": "Feature", "properties": { "crs": 0.2301, "risk_tier": "low", "colour": "#69F0AE" }, "geometry": { "type": "Point", "coordinates": [ 6.75, 5.12 ] } },
{ "type": "Feature", "properties": { "crs": 0.1808, "risk_tier": "low", "colour": "#69F0AE" }, "geometry": { "type": "Point", "coordinates": [ 6.76, 5.12 ] } },
{ "type": "Feature", "properties": { "crs": 0.1894, "risk_tier": "low", "colour": "#69F0AE" }, "geometry": { "type": "Point", "coordinates": [ 6.77, 5.12 ] } },
{ "type": "Feature", "properties": { "crs": 0.1873, "risk_tier": "low", "colour": "#69F0AE" }, "geometry": { "type": "Point", "coordinates": [ 6.78, 5.12 ] } },
{ "type": "Feature", "properties": { "crs": 0.1835, "risk_tier": "low", "colour": "#69F0AE" }, "geometry": { "type": "Point", "coordinates": [ 6.79, 5.12 ] } },
{ "type": "Feature", "properties": { "crs": 0.1799, "risk_tier": "low", "colour": "#69F0AE" }, "geometry": { "type": "Point", "coordinates": [ 6.8, 5.12 ] } },
{ "type": "Feature", "properties": { "crs": 0.1798, "risk_tier": "low", "colour": "#69F0AE" }, "geometry": { "type": "Point", "coordinates": [ 6.81, 5.12 ] } },
{ "type": "Feature", "properties": { "crs": 0.1797, "risk_tier": "low", "colour": "#69F0AE" }, "geometry": { "type": "Point", "coordinates": [ 6.82, 5.12 ] } },
{ "type": "Feature", "properties": { "crs": 0.1544, "risk_tier": "low", "colour": "#69F0AE" }, "geometry": { "type": "Point", "coordinates": [ 6.35, 5.13 ] } },
{ "type": "Feature", "properties": { "crs": 0.2591, "risk_tier": "medium", "colour": "#FFD600" }, "geometry": { "type": "Point", "coordinates": [ 6.36, 5.13 ] } },
{ "type": "Feature", "properties": { "crs": 0.2826, "risk_tier": "medium", "colour": "#FFD600" }, "geometry": { "type": "Point", "coordinates": [ 6.37, 5.13 ] } },
{ "type": "Feature", "properties": { "crs": 0.2749, "risk_tier": "medium", "colour": "#FFD600" }, "geometry": { "type": "Point", "coordinates": [ 6.38, 5.13 ] } },
{ "type": "Feature", "properties": { "crs": 0.3614, "risk_tier": "medium", "colour": "#FFD600" }, "geometry": { "type": "Point", "coordinates": [ 6.39, 5.13 ] } },
{ "type": "Feature", "properties": { "crs": 0.4313, "risk_tier": "medium", "colour": "#FFD600" }, "geometry": { "type": "Point", "coordinates": [ 6.4, 5.13 ] } },
{ "type": "Feature", "properties": { "crs": 0.4314, "risk_tier": "medium", "colour": "#FFD600" }, "geometry": { "type": "Point", "coordinates": [ 6.41, 5.13 ] } },
{ "type": "Feature", "properties": { "crs": 0.4308, "risk_tier": "medium", "colour": "#FFD600" }, "geometry": { "type": "Point", "coordinates": [ 6.42, 5.13 ] } },
{ "type": "Feature", "properties": { "crs": 0.431, "risk_tier": "medium", "colour": "#FFD600" }, "geometry": { "type": "Point", "coordinates": [ 6.43, 5.13 ] } },
{ "type": "Feature", "properties": { "crs": 0.4517, "risk_tier": "medium", "colour": "#FFD600" }, "geometry": { "type": "Point", "coordinates": [ 6.44, 5.13 ] } },
{ "type": "Feature", "properties": { "crs": 0.4769, "risk_tier": "medium", "colour": "#FFD600" }, "geometry": { "type": "Point", "coordinates": [ 6.45, 5.13 ] } },
{ "type": "Feature", "properties": { "crs": 0.4771, "risk_tier": "medium", "colour": "#FFD600" }, "geometry": { "type": "Point", "coordinates": [ 6.46, 5.13 ] } },
{ "type": "Feature", "properties": { "crs": 0.4772, "risk_tier": "medium", "colour": "#FFD600" }, "geometry": { "type": "Point", "coordinates": [ 6.47, 5.13 ] } },
{ "type": "Feature", "properties": { "crs": 0.3317, "risk_tier": "medium", "colour": "#FFD600" }, "geometry": { "type": "Point", "coordinates": [ 6.48, 5.13 ] } },
{ "type": "Feature", "properties": { "crs": 0.3151, "risk_tier": "medium", "colour": "#FFD600" }, "geometry": { "type": "Point", "coordinates": [ 6.49, 5.13 ] } },
{ "type": "Feature", "properties": { "crs": 0.3132, "risk_tier": "medium", "colour": "#FFD600" }, "geometry": { "type": "Point", "coordinates": [ 6.5, 5.13 ] } },
{ "type": "Feature", "properties": { "crs": 0.2717, "risk_tier": "medium", "colour": "#FFD600" }, "geometry": { "type": "Point", "coordinates": [ 6.51, 5.13 ] } },
{ "type": "Feature", "properties": { "crs": 0.2722, "risk_tier": "medium", "colour": "#FFD600" }, "geometry": { "type": "Point", "coordinates": [ 6.52, 5.13 ] } },
{ "type": "Feature", "properties": { "crs": 0.2728, "risk_tier": "medium", "colour": "#FFD600" }, "geometry": { "type": "Point", "coordinates": [ 6.53, 5.13 ] } },
{ "type": "Feature", "properties": { "crs": 0.2729, "risk_tier": "medium", "colour": "#FFD600" }, "geometry": { "type": "Point", "coordinates": [ 6.54, 5.13 ] } },
{ "type": "Feature", "properties": { "crs": 0.4024, "risk_tier": "medium", "colour": "#FFD600" }, "geometry": { "type": "Point", "coordinates": [ 6.55, 5.13 ] } },
{ "type": "Feature", "properties": { "crs": 0.4943, "risk_tier": "medium", "colour": "#FFD600" }, "geometry": { "type": "Point", "coordinates": [ 6.56, 5.13 ] } },
{ "type": "Feature", "properties": { "crs": 0.5339, "risk_tier": "high", "colour": "#FF6D00" }, "geometry": { "type": "Point", "coordinates": [ 6.57, 5.13 ] } },
{ "type": "Feature", "properties": { "crs": 0.5379, "risk_tier": "high", "colour": "#FF6D00" }, "geometry": { "type": "Point", "coordinates": [ 6.58, 5.13 ] } },
{ "type": "Feature", "properties": { "crs": 0.3858, "risk_tier": "medium", "colour": "#FFD600" }, "geometry": { "type": "Point", "coordinates": [ 6.59, 5.13 ] } },
{ "type": "Feature", "properties": { "crs": 0.4021, "risk_tier": "medium", "colour": "#FFD600" }, "geometry": { "type": "Point", "coordinates": [ 6.6, 5.13 ] } },
{ "type": "Feature", "properties": { "crs": 0.322, "risk_tier": "medium", "colour": "#FFD600" }, "geometry": { "type": "Point", "coordinates": [ 6.61, 5.13 ] } },
{ "type": "Feature", "properties": { "crs": 0.3184, "risk_tier": "medium", "colour": "#FFD600" }, "geometry": { "type": "Point", "coordinates": [ 6.62, 5.13 ] } },
{ "type": "Feature", "properties": { "crs": 0.3182, "risk_tier": "medium", "colour": "#FFD600" }, "geometry": { "type": "Point", "coordinates": [ 6.63, 5.13 ] } },
{ "type": "Feature", "properties": { "crs": 0.3043, "risk_tier": "medium", "colour": "#FFD600" }, "geometry": { "type": "Point", "coordinates": [ 6.64, 5.13 ] } },
{ "type": "Feature", "properties": { "crs": 0.3085, "risk_tier": "medium", "colour": "#FFD600" }, "geometry": { "type": "Point", "coordinates": [ 6.65, 5.13 ] } },
{ "type": "Feature", "properties": { "crs": 0.2769, "risk_tier": "medium", "colour": "#FFD600" }, "geometry": { "type": "Point", "coordinates": [ 6.66, 5.13 ] } },
{ "type": "Feature", "properties": { "crs": 0.2466, "risk_tier": "low", "colour": "#69F0AE" }, "geometry": { "type": "Point", "coordinates": [ 6.67, 5.13 ] } },
{ "type": "Feature", "properties": { "crs": 0.2326, "risk_tier": "low", "colour": "#69F0AE" }, "geometry": { "type": "Point", "coordinates": [ 6.68, 5.13 ] } },
{ "type": "Feature", "properties": { "crs": 0.2058, "risk_tier": "low", "colour": "#69F0AE" }, "geometry": { "type": "Point", "coordinates": [ 6.69, 5.13 ] } },
{ "type": "Feature", "properties": { "crs": 0.2059, "risk_tier": "low", "colour": "#69F0AE" }, "geometry": { "type": "Point", "coordinates": [ 6.7, 5.13 ] } },
{ "type": "Feature", "properties": { "crs": 0.2059, "risk_tier": "low", "colour": "#69F0AE" }, "geometry": { "type": "Point", "coordinates": [ 6.71, 5.13 ] } },
{ "type": "Feature", "properties": { "crs": 0.2065, "risk_tier": "low", "colour": "#69F0AE" }, "geometry": { "type": "Point", "coordinates": [ 6.72, 5.13 ] } },
{ "type": "Feature", "properties": { "crs": 0.2332, "risk_tier": "low", "colour": "#69F0AE" }, "geometry": { "type": "Point", "coordinates": [ 6.73, 5.13 ] } },
{ "type": "Feature", "properties": { "crs": 0.2441, "risk_tier": "low", "colour": "#69F0AE" }, "geometry": { "type": "Point", "coordinates": [ 6.74, 5.13 ] } },
{ "type": "Feature", "properties": { "crs": 0.1753, "risk_tier": "low", "colour": "#69F0AE" }, "geometry": { "type": "Point", "coordinates": [ 6.75, 5.13 ] } },
{ "type": "Feature", "properties": { "crs": 0.1753, "risk_tier": "low", "colour": "#69F0AE" }, "geometry": { "type": "Point", "coordinates": [ 6.76, 5.13 ] } },
{ "type": "Feature", "properties": { "crs": 0.182, "risk_tier": "low", "colour": "#69F0AE" }, "geometry": { "type": "Point", "coordinates": [ 6.77, 5.13 ] } },
{ "type": "Feature", "properties": { "crs": 0.1873, "risk_tier": "low", "colour": "#69F0AE" }, "geometry": { "type": "Point", "coordinates": [ 6.78, 5.13 ] } },
{ "type": "Feature", "properties": { "crs": 0.1873, "risk_tier": "low", "colour": "#69F0AE" }, "geometry": { "type": "Point", "coordinates": [ 6.79, 5.13 ] } },
{ "type": "Feature", "properties": { "crs": 0.1872, "risk_tier": "low", "colour": "#69F0AE" }, "geometry": { "type": "Point", "coordinates": [ 6.8, 5.13 ] } },
{ "type": "Feature", "properties": { "crs": 0.1834, "risk_tier": "low", "colour": "#69F0AE" }, "geometry": { "type": "Point", "coordinates": [ 6.81, 5.13 ] } },
{ "type": "Feature", "properties": { "crs": 0.187, "risk_tier": "low", "colour": "#69F0AE" }, "geometry": { "type": "Point", "coordinates": [ 6.82, 5.13 ] } },
{ "type": "Feature", "properties": { "crs": 0.2176, "risk_tier": "low", "colour": "#69F0AE" }, "geometry": { "type": "Point", "coordinates": [ 6.35, 5.14 ] } },
{ "type": "Feature", "properties": { "crs": 0.2592, "risk_tier": "medium", "colour": "#FFD600" }, "geometry": { "type": "Point", "coordinates": [ 6.36, 5.14 ] } },
{ "type": "Feature", "properties": { "crs": 0.2827, "risk_tier": "medium", "colour": "#FFD600" }, "geometry": { "type": "Point", "coordinates": [ 6.37, 5.14 ] } },
{ "type": "Feature", "properties": { "crs": 0.2748, "risk_tier": "medium", "colour": "#FFD600" }, "geometry": { "type": "Point", "coordinates": [ 6.38, 5.14 ] } },
{ "type": "Feature", "properties": { "crs": 0.3617, "risk_tier": "medium", "colour": "#FFD600" }, "geometry": { "type": "Point", "coordinates": [ 6.39, 5.14 ] } },
{ "type": "Feature", "properties": { "crs": 0.4163, "risk_tier": "medium", "colour": "#FFD600" }, "geometry": { "type": "Point", "coordinates": [ 6.4, 5.14 ] } },
{ "type": "Feature", "properties": { "crs": 0.4315, "risk_tier": "medium", "colour": "#FFD600" }, "geometry": { "type": "Point", "coordinates": [ 6.41, 5.14 ] } },
{ "type": "Feature", "properties": { "crs": 0.437, "risk_tier": "medium", "colour": "#FFD600" }, "geometry": { "type": "Point", "coordinates": [ 6.42, 5.14 ] } },
{ "type": "Feature", "properties": { "crs": 0.4372, "risk_tier": "medium", "colour": "#FFD600" }, "geometry": { "type": "Point", "coordinates": [ 6.43, 5.14 ] } },
{ "type": "Feature", "properties": { "crs": 0.4769, "risk_tier": "medium", "colour": "#FFD600" }, "geometry": { "type": "Point", "coordinates": [ 6.44, 5.14 ] } },
{ "type": "Feature", "properties": { "crs": 0.477, "risk_tier": "medium", "colour": "#FFD600" }, "geometry": { "type": "Point", "coordinates": [ 6.45, 5.14 ] } },
{ "type": "Feature", "properties": { "crs": 0.4771, "risk_tier": "medium", "colour": "#FFD600" }, "geometry": { "type": "Point", "coordinates": [ 6.46, 5.14 ] } },
{ "type": "Feature", "properties": { "crs": 0.4773, "risk_tier": "medium", "colour": "#FFD600" }, "geometry": { "type": "Point", "coordinates": [ 6.47, 5.14 ] } },
{ "type": "Feature", "properties": { "crs": 0.4337, "risk_tier": "medium", "colour": "#FFD600" }, "geometry": { "type": "Point", "coordinates": [ 6.48, 5.14 ] } },
{ "type": "Feature", "properties": { "crs": 0.3132, "risk_tier": "medium", "colour": "#FFD600" }, "geometry": { "type": "Point", "coordinates": [ 6.49, 5.14 ] } },
{ "type": "Feature", "properties": { "crs": 0.3133, "risk_tier": "medium", "colour": "#FFD600" }, "geometry": { "type": "Point", "coordinates": [ 6.5, 5.14 ] } },
{ "type": "Feature", "properties": { "crs": 0.3264, "risk_tier": "medium", "colour": "#FFD600" }, "geometry": { "type": "Point", "coordinates": [ 6.51, 5.14 ] } },
{ "type": "Feature", "properties": { "crs": 0.3265, "risk_tier": "medium", "colour": "#FFD600" }, "geometry": { "type": "Point", "coordinates": [ 6.52, 5.14 ] } },
{ "type": "Feature", "properties": { "crs": 0.3266, "risk_tier": "medium", "colour": "#FFD600" }, "geometry": { "type": "Point", "coordinates": [ 6.53, 5.14 ] } },
{ "type": "Feature", "properties": { "crs": 0.3267, "risk_tier": "medium", "colour": "#FFD600" }, "geometry": { "type": "Point", "coordinates": [ 6.54, 5.14 ] } },
{ "type": "Feature", "properties": { "crs": 0.4508, "risk_tier": "medium", "colour": "#FFD600" }, "geometry": { "type": "Point", "coordinates": [ 6.55, 5.14 ] } },
{ "type": "Feature", "properties": { "crs": 0.4389, "risk_tier": "medium", "colour": "#FFD600" }, "geometry": { "type": "Point", "coordinates": [ 6.56, 5.14 ] } },
{ "type": "Feature", "properties": { "crs": 0.4759, "risk_tier": "medium", "colour": "#FFD600" }, "geometry": { "type": "Point", "coordinates": [ 6.57, 5.14 ] } },
{ "type": "Feature", "properties": { "crs": 0.4796, "risk_tier": "medium", "colour": "#FFD600" }, "geometry": { "type": "Point", "coordinates": [ 6.58, 5.14 ] } },
{ "type": "Feature", "properties": { "crs": 0.3809, "risk_tier": "medium", "colour": "#FFD600" }, "geometry": { "type": "Point", "coordinates": [ 6.59, 5.14 ] } },
{ "type": "Feature", "properties": { "crs": 0.3588, "risk_tier": "medium", "colour": "#FFD600" }, "geometry": { "type": "Point", "coordinates": [ 6.6, 5.14 ] } },
{ "type": "Feature", "properties": { "crs": 0.3183, "risk_tier": "medium", "colour": "#FFD600" }, "geometry": { "type": "Point", "coordinates": [ 6.61, 5.14 ] } },
{ "type": "Feature", "properties": { "crs": 0.3215, "risk_tier": "medium", "colour": "#FFD600" }, "geometry": { "type": "Point", "coordinates": [ 6.62, 5.14 ] } },
{ "type": "Feature", "properties": { "crs": 0.3084, "risk_tier": "medium", "colour": "#FFD600" }, "geometry": { "type": "Point", "coordinates": [ 6.63, 5.14 ] } },
{ "type": "Feature", "properties": { "crs": 0.3047, "risk_tier": "medium", "colour": "#FFD600" }, "geometry": { "type": "Point", "coordinates": [ 6.64, 5.14 ] } },
{ "type": "Feature", "properties": { "crs": 0.2354, "risk_tier": "low", "colour": "#69F0AE" }, "geometry": { "type": "Point", "coordinates": [ 6.65, 5.14 ] } },
{ "type": "Feature", "properties": { "crs": 0.2389, "risk_tier": "low", "colour": "#69F0AE" }, "geometry": { "type": "Point", "coordinates": [ 6.66, 5.14 ] } },
{ "type": "Feature", "properties": { "crs": 0.2426, "risk_tier": "low", "colour": "#69F0AE" }, "geometry": { "type": "Point", "coordinates": [ 6.67, 5.14 ] } },
{ "type": "Feature", "properties": { "crs": 0.2435, "risk_tier": "low", "colour": "#69F0AE" }, "geometry": { "type": "Point", "coordinates": [ 6.68, 5.14 ] } },
{ "type": "Feature", "properties": { "crs": 0.1512, "risk_tier": "low", "colour": "#69F0AE" }, "geometry": { "type": "Point", "coordinates": [ 6.7, 5.14 ] } },
{ "type": "Feature", "properties": { "crs": 0.2058, "risk_tier": "low", "colour": "#69F0AE" }, "geometry": { "type": "Point", "coordinates": [ 6.71, 5.14 ] } },
{ "type": "Feature", "properties": { "crs": 0.2065, "risk_tier": "low", "colour": "#69F0AE" }, "geometry": { "type": "Point", "coordinates": [ 6.72, 5.14 ] } },
{ "type": "Feature", "properties": { "crs": 0.2301, "risk_tier": "low", "colour": "#69F0AE" }, "geometry": { "type": "Point", "coordinates": [ 6.73, 5.14 ] } },
{ "type": "Feature", "properties": { "crs": 0.1861, "risk_tier": "low", "colour": "#69F0AE" }, "geometry": { "type": "Point", "coordinates": [ 6.74, 5.14 ] } },
{ "type": "Feature", "properties": { "crs": 0.1861, "risk_tier": "low", "colour": "#69F0AE" }, "geometry": { "type": "Point", "coordinates": [ 6.75, 5.14 ] } },
{ "type": "Feature", "properties": { "crs": 0.1749, "risk_tier": "low", "colour": "#69F0AE" }, "geometry": { "type": "Point", "coordinates": [ 6.76, 5.14 ] } },
{ "type": "Feature", "properties": { "crs": 0.1826, "risk_tier": "low", "colour": "#69F0AE" }, "geometry": { "type": "Point", "coordinates": [ 6.77, 5.14 ] } },
{ "type": "Feature", "properties": { "crs": 0.1826, "risk_tier": "low", "colour": "#69F0AE" }, "geometry": { "type": "Point", "coordinates": [ 6.78, 5.14 ] } },
{ "type": "Feature", "properties": { "crs": 0.1825, "risk_tier": "low", "colour": "#69F0AE" }, "geometry": { "type": "Point", "coordinates": [ 6.79, 5.14 ] } },
{ "type": "Feature", "properties": { "crs": 0.1896, "risk_tier": "low", "colour": "#69F0AE" }, "geometry": { "type": "Point", "coordinates": [ 6.8, 5.14 ] } },
{ "type": "Feature", "properties": { "crs": 0.1891, "risk_tier": "low", "colour": "#69F0AE" }, "geometry": { "type": "Point", "coordinates": [ 6.81, 5.14 ] } },
{ "type": "Feature", "properties": { "crs": 0.187, "risk_tier": "low", "colour": "#69F0AE" }, "geometry": { "type": "Point", "coordinates": [ 6.82, 5.14 ] } },
{ "type": "Feature", "properties": { "crs": 0.221, "risk_tier": "low", "colour": "#69F0AE" }, "geometry": { "type": "Point", "coordinates": [ 6.35, 5.15 ] } },
{ "type": "Feature", "properties": { "crs": 0.2593, "risk_tier": "medium", "colour": "#FFD600" }, "geometry": { "type": "Point", "coordinates": [ 6.36, 5.15 ] } },
{ "type": "Feature", "properties": { "crs": 0.2828, "risk_tier": "medium", "colour": "#FFD600" }, "geometry": { "type": "Point", "coordinates": [ 6.37, 5.15 ] } },
{ "type": "Feature", "properties": { "crs": 0.2818, "risk_tier": "medium", "colour": "#FFD600" }, "geometry": { "type": "Point", "coordinates": [ 6.38, 5.15 ] } },
{ "type": "Feature", "properties": { "crs": 0.2878, "risk_tier": "medium", "colour": "#FFD600" }, "geometry": { "type": "Point", "coordinates": [ 6.39, 5.15 ] } },
{ "type": "Feature", "properties": { "crs": 0.4166, "risk_tier": "medium", "colour": "#FFD600" }, "geometry": { "type": "Point", "coordinates": [ 6.4, 5.15 ] } },
{ "type": "Feature", "properties": { "crs": 0.4316, "risk_tier": "medium", "colour": "#FFD600" }, "geometry": { "type": "Point", "coordinates": [ 6.41, 5.15 ] } },
{ "type": "Feature", "properties": { "crs": 0.4497, "risk_tier": "medium", "colour": "#FFD600" }, "geometry": { "type": "Point", "coordinates": [ 6.42, 5.15 ] } },
{ "type": "Feature", "properties": { "crs": 0.4768, "risk_tier": "medium", "colour": "#FFD600" }, "geometry": { "type": "Point", "coordinates": [ 6.43, 5.15 ] } },
{ "type": "Feature", "properties": { "crs": 0.4769, "risk_tier": "medium", "colour": "#FFD600" }, "geometry": { "type": "Point", "coordinates": [ 6.44, 5.15 ] } },
{ "type": "Feature", "properties": { "crs": 0.4755, "risk_tier": "medium", "colour": "#FFD600" }, "geometry": { "type": "Point", "coordinates": [ 6.45, 5.15 ] } },
{ "type": "Feature", "properties": { "crs": 0.4755, "risk_tier": "medium", "colour": "#FFD600" }, "geometry": { "type": "Point", "coordinates": [ 6.46, 5.15 ] } },
{ "type": "Feature", "properties": { "crs": 0.4587, "risk_tier": "medium", "colour": "#FFD600" }, "geometry": { "type": "Point", "coordinates": [ 6.47, 5.15 ] } },
{ "type": "Feature", "properties": { "crs": 0.4278, "risk_tier": "medium", "colour": "#FFD600" }, "geometry": { "type": "Point", "coordinates": [ 6.48, 5.15 ] } },
{ "type": "Feature", "properties": { "crs": 0.3132, "risk_tier": "medium", "colour": "#FFD600" }, "geometry": { "type": "Point", "coordinates": [ 6.49, 5.15 ] } },
{ "type": "Feature", "properties": { "crs": 0.3132, "risk_tier": "medium", "colour": "#FFD600" }, "geometry": { "type": "Point", "coordinates": [ 6.5, 5.15 ] } },
{ "type": "Feature", "properties": { "crs": 0.3264, "risk_tier": "medium", "colour": "#FFD600" }, "geometry": { "type": "Point", "coordinates": [ 6.51, 5.15 ] } },
{ "type": "Feature", "properties": { "crs": 0.3265, "risk_tier": "medium", "colour": "#FFD600" }, "geometry": { "type": "Point", "coordinates": [ 6.52, 5.15 ] } },
{ "type": "Feature", "properties": { "crs": 0.3266, "risk_tier": "medium", "colour": "#FFD600" }, "geometry": { "type": "Point", "coordinates": [ 6.53, 5.15 ] } },
{ "type": "Feature", "properties": { "crs": 0.4507, "risk_tier": "medium", "colour": "#FFD600" }, "geometry": { "type": "Point", "coordinates": [ 6.54, 5.15 ] } },
{ "type": "Feature", "properties": { "crs": 0.4655, "risk_tier": "medium", "colour": "#FFD600" }, "geometry": { "type": "Point", "coordinates": [ 6.55, 5.15 ] } },
{ "type": "Feature", "properties": { "crs": 0.459, "risk_tier": "medium", "colour": "#FFD600" }, "geometry": { "type": "Point", "coordinates": [ 6.56, 5.15 ] } },
{ "type": "Feature", "properties": { "crs": 0.4761, "risk_tier": "medium", "colour": "#FFD600" }, "geometry": { "type": "Point", "coordinates": [ 6.57, 5.15 ] } },
{ "type": "Feature", "properties": { "crs": 0.4547, "risk_tier": "medium", "colour": "#FFD600" }, "geometry": { "type": "Point", "coordinates": [ 6.58, 5.15 ] } },
{ "type": "Feature", "properties": { "crs": 0.4409, "risk_tier": "medium", "colour": "#FFD600" }, "geometry": { "type": "Point", "coordinates": [ 6.59, 5.15 ] } },
{ "type": "Feature", "properties": { "crs": 0.3628, "risk_tier": "medium", "colour": "#FFD600" }, "geometry": { "type": "Point", "coordinates": [ 6.6, 5.15 ] } },
{ "type": "Feature", "properties": { "crs": 0.3683, "risk_tier": "medium", "colour": "#FFD600" }, "geometry": { "type": "Point", "coordinates": [ 6.61, 5.15 ] } },
{ "type": "Feature", "properties": { "crs": 0.3553, "risk_tier": "medium", "colour": "#FFD600" }, "geometry": { "type": "Point", "coordinates": [ 6.62, 5.15 ] } },
{ "type": "Feature", "properties": { "crs": 0.3682, "risk_tier": "medium", "colour": "#FFD600" }, "geometry": { "type": "Point", "coordinates": [ 6.63, 5.15 ] } },
{ "type": "Feature", "properties": { "crs": 0.3046, "risk_tier": "medium", "colour": "#FFD600" }, "geometry": { "type": "Point", "coordinates": [ 6.64, 5.15 ] } },
{ "type": "Feature", "properties": { "crs": 0.2474, "risk_tier": "low", "colour": "#69F0AE" }, "geometry": { "type": "Point", "coordinates": [ 6.65, 5.15 ] } },
{ "type": "Feature", "properties": { "crs": 0.2355, "risk_tier": "low", "colour": "#69F0AE" }, "geometry": { "type": "Point", "coordinates": [ 6.66, 5.15 ] } },
{ "type": "Feature", "properties": { "crs": 0.2417, "risk_tier": "low", "colour": "#69F0AE" }, "geometry": { "type": "Point", "coordinates": [ 6.67, 5.15 ] } },
{ "type": "Feature", "properties": { "crs": 0.2437, "risk_tier": "low", "colour": "#69F0AE" }, "geometry": { "type": "Point", "coordinates": [ 6.68, 5.15 ] } },
{ "type": "Feature", "properties": { "crs": 0.1511, "risk_tier": "low", "colour": "#69F0AE" }, "geometry": { "type": "Point", "coordinates": [ 6.7, 5.15 ] } },
{ "type": "Feature", "properties": { "crs": 0.1518, "risk_tier": "low", "colour": "#69F0AE" }, "geometry": { "type": "Point", "coordinates": [ 6.71, 5.15 ] } },
{ "type": "Feature", "properties": { "crs": 0.1518, "risk_tier": "low", "colour": "#69F0AE" }, "geometry": { "type": "Point", "coordinates": [ 6.72, 5.15 ] } },
{ "type": "Feature", "properties": { "crs": 0.1749, "risk_tier": "low", "colour": "#69F0AE" }, "geometry": { "type": "Point", "coordinates": [ 6.73, 5.15 ] } },
{ "type": "Feature", "properties": { "crs": 0.1774, "risk_tier": "low", "colour": "#69F0AE" }, "geometry": { "type": "Point", "coordinates": [ 6.74, 5.15 ] } },
{ "type": "Feature", "properties": { "crs": 0.1861, "risk_tier": "low", "colour": "#69F0AE" }, "geometry": { "type": "Point", "coordinates": [ 6.75, 5.15 ] } },
{ "type": "Feature", "properties": { "crs": 0.1748, "risk_tier": "low", "colour": "#69F0AE" }, "geometry": { "type": "Point", "coordinates": [ 6.76, 5.15 ] } },
{ "type": "Feature", "properties": { "crs": 0.1826, "risk_tier": "low", "colour": "#69F0AE" }, "geometry": { "type": "Point", "coordinates": [ 6.77, 5.15 ] } },
{ "type": "Feature", "properties": { "crs": 0.1826, "risk_tier": "low", "colour": "#69F0AE" }, "geometry": { "type": "Point", "coordinates": [ 6.78, 5.15 ] } },
{ "type": "Feature", "properties": { "crs": 0.1825, "risk_tier": "low", "colour": "#69F0AE" }, "geometry": { "type": "Point", "coordinates": [ 6.79, 5.15 ] } },
{ "type": "Feature", "properties": { "crs": 0.1824, "risk_tier": "low", "colour": "#69F0AE" }, "geometry": { "type": "Point", "coordinates": [ 6.8, 5.15 ] } },
{ "type": "Feature", "properties": { "crs": 0.1824, "risk_tier": "low", "colour": "#69F0AE" }, "geometry": { "type": "Point", "coordinates": [ 6.81, 5.15 ] } },
{ "type": "Feature", "properties": { "crs": 0.2326, "risk_tier": "low", "colour": "#69F0AE" }, "geometry": { "type": "Point", "coordinates": [ 6.35, 5.16 ] } },
{ "type": "Feature", "properties": { "crs": 0.2593, "risk_tier": "medium", "colour": "#FFD600" }, "geometry": { "type": "Point", "coordinates": [ 6.36, 5.16 ] } },
{ "type": "Feature", "properties": { "crs": 0.3001, "risk_tier": "medium", "colour": "#FFD600" }, "geometry": { "type": "Point", "coordinates": [ 6.37, 5.16 ] } },
{ "type": "Feature", "properties": { "crs": 0.2971, "risk_tier": "medium", "colour": "#FFD600" }, "geometry": { "type": "Point", "coordinates": [ 6.38, 5.16 ] } },
{ "type": "Feature", "properties": { "crs": 0.275, "risk_tier": "medium", "colour": "#FFD600" }, "geometry": { "type": "Point", "coordinates": [ 6.39, 5.16 ] } },
{ "type": "Feature", "properties": { "crs": 0.362, "risk_tier": "medium", "colour": "#FFD600" }, "geometry": { "type": "Point", "coordinates": [ 6.4, 5.16 ] } },
{ "type": "Feature", "properties": { "crs": 0.4319, "risk_tier": "medium", "colour": "#FFD600" }, "geometry": { "type": "Point", "coordinates": [ 6.41, 5.16 ] } },
{ "type": "Feature", "properties": { "crs": 0.432, "risk_tier": "medium", "colour": "#FFD600" }, "geometry": { "type": "Point", "coordinates": [ 6.42, 5.16 ] } },
{ "type": "Feature", "properties": { "crs": 0.4503, "risk_tier": "medium", "colour": "#FFD600" }, "geometry": { "type": "Point", "coordinates": [ 6.43, 5.16 ] } },
{ "type": "Feature", "properties": { "crs": 0.4755, "risk_tier": "medium", "colour": "#FFD600" }, "geometry": { "type": "Point", "coordinates": [ 6.44, 5.16 ] } },
{ "type": "Feature", "properties": { "crs": 0.4755, "risk_tier": "medium", "colour": "#FFD600" }, "geometry": { "type": "Point", "coordinates": [ 6.45, 5.16 ] } },
{ "type": "Feature", "properties": { "crs": 0.4755, "risk_tier": "medium", "colour": "#FFD600" }, "geometry": { "type": "Point", "coordinates": [ 6.46, 5.16 ] } },
{ "type": "Feature", "properties": { "crs": 0.4756, "risk_tier": "medium", "colour": "#FFD600" }, "geometry": { "type": "Point", "coordinates": [ 6.47, 5.16 ] } },
{ "type": "Feature", "properties": { "crs": 0.4278, "risk_tier": "medium", "colour": "#FFD600" }, "geometry": { "type": "Point", "coordinates": [ 6.48, 5.16 ] } },
{ "type": "Feature", "properties": { "crs": 0.4279, "risk_tier": "medium", "colour": "#FFD600" }, "geometry": { "type": "Point", "coordinates": [ 6.49, 5.16 ] } },
{ "type": "Feature", "properties": { "crs": 0.3265, "risk_tier": "medium", "colour": "#FFD600" }, "geometry": { "type": "Point", "coordinates": [ 6.5, 5.16 ] } },
{ "type": "Feature", "properties": { "crs": 0.3265, "risk_tier": "medium", "colour": "#FFD600" }, "geometry": { "type": "Point", "coordinates": [ 6.51, 5.16 ] } },
{ "type": "Feature", "properties": { "crs": 0.3265, "risk_tier": "medium", "colour": "#FFD600" }, "geometry": { "type": "Point", "coordinates": [ 6.52, 5.16 ] } },
{ "type": "Feature", "properties": { "crs": 0.3266, "risk_tier": "medium", "colour": "#FFD600" }, "geometry": { "type": "Point", "coordinates": [ 6.53, 5.16 ] } },
{ "type": "Feature", "properties": { "crs": 0.3267, "risk_tier": "medium", "colour": "#FFD600" }, "geometry": { "type": "Point", "coordinates": [ 6.54, 5.16 ] } },
{ "type": "Feature", "properties": { "crs": 0.3307, "risk_tier": "medium", "colour": "#FFD600" }, "geometry": { "type": "Point", "coordinates": [ 6.55, 5.16 ] } },
{ "type": "Feature", "properties": { "crs": 0.4592, "risk_tier": "medium", "colour": "#FFD600" }, "geometry": { "type": "Point", "coordinates": [ 6.56, 5.16 ] } },
{ "type": "Feature", "properties": { "crs": 0.451, "risk_tier": "medium", "colour": "#FFD600" }, "geometry": { "type": "Point", "coordinates": [ 6.57, 5.16 ] } },
{ "type": "Feature", "properties": { "crs": 0.452, "risk_tier": "medium", "colour": "#FFD600" }, "geometry": { "type": "Point", "coordinates": [ 6.58, 5.16 ] } },
{ "type": "Feature", "properties": { "crs": 0.4287, "risk_tier": "medium", "colour": "#FFD600" }, "geometry": { "type": "Point", "coordinates": [ 6.59, 5.16 ] } },
{ "type": "Feature", "properties": { "crs": 0.4114, "risk_tier": "medium", "colour": "#FFD600" }, "geometry": { "type": "Point", "coordinates": [ 6.6, 5.16 ] } },
{ "type": "Feature", "properties": { "crs": 0.3683, "risk_tier": "medium", "colour": "#FFD600" }, "geometry": { "type": "Point", "coordinates": [ 6.61, 5.16 ] } },
{ "type": "Feature", "properties": { "crs": 0.3515, "risk_tier": "medium", "colour": "#FFD600" }, "geometry": { "type": "Point", "coordinates": [ 6.62, 5.16 ] } },
{ "type": "Feature", "properties": { "crs": 0.3516, "risk_tier": "medium", "colour": "#FFD600" }, "geometry": { "type": "Point", "coordinates": [ 6.63, 5.16 ] } },
{ "type": "Feature", "properties": { "crs": 0.3516, "risk_tier": "medium", "colour": "#FFD600" }, "geometry": { "type": "Point", "coordinates": [ 6.64, 5.16 ] } },
{ "type": "Feature", "properties": { "crs": 0.2916, "risk_tier": "medium", "colour": "#FFD600" }, "geometry": { "type": "Point", "coordinates": [ 6.65, 5.16 ] } },
{ "type": "Feature", "properties": { "crs": 0.2788, "risk_tier": "medium", "colour": "#FFD600" }, "geometry": { "type": "Point", "coordinates": [ 6.66, 5.16 ] } },
{ "type": "Feature", "properties": { "crs": 0.2856, "risk_tier": "medium", "colour": "#FFD600" }, "geometry": { "type": "Point", "coordinates": [ 6.67, 5.16 ] } },
{ "type": "Feature", "properties": { "crs": 0.2425, "risk_tier": "low", "colour": "#69F0AE" }, "geometry": { "type": "Point", "coordinates": [ 6.68, 5.16 ] } },
{ "type": "Feature", "properties": { "crs": 0.2023, "risk_tier": "low", "colour": "#69F0AE" }, "geometry": { "type": "Point", "coordinates": [ 6.69, 5.16 ] } },
{ "type": "Feature", "properties": { "crs": 0.1511, "risk_tier": "low", "colour": "#69F0AE" }, "geometry": { "type": "Point", "coordinates": [ 6.7, 5.16 ] } },
{ "type": "Feature", "properties": { "crs": 0.1516, "risk_tier": "low", "colour": "#69F0AE" }, "geometry": { "type": "Point", "coordinates": [ 6.71, 5.16 ] } },
{ "type": "Feature", "properties": { "crs": 0.1516, "risk_tier": "low", "colour": "#69F0AE" }, "geometry": { "type": "Point", "coordinates": [ 6.72, 5.16 ] } },
{ "type": "Feature", "properties": { "crs": 0.1749, "risk_tier": "low", "colour": "#69F0AE" }, "geometry": { "type": "Point", "coordinates": [ 6.73, 5.16 ] } },
{ "type": "Feature", "properties": { "crs": 0.1753, "risk_tier": "low", "colour": "#69F0AE" }, "geometry": { "type": "Point", "coordinates": [ 6.74, 5.16 ] } },
{ "type": "Feature", "properties": { "crs": 0.1861, "risk_tier": "low", "colour": "#69F0AE" }, "geometry": { "type": "Point", "coordinates": [ 6.75, 5.16 ] } },
{ "type": "Feature", "properties": { "crs": 0.1748, "risk_tier": "low", "colour": "#69F0AE" }, "geometry": { "type": "Point", "coordinates": [ 6.76, 5.16 ] } },
{ "type": "Feature", "properties": { "crs": 0.2369, "risk_tier": "low", "colour": "#69F0AE" }, "geometry": { "type": "Point", "coordinates": [ 6.77, 5.16 ] } },
{ "type": "Feature", "properties": { "crs": 0.2404, "risk_tier": "low", "colour": "#69F0AE" }, "geometry": { "type": "Point", "coordinates": [ 6.78, 5.16 ] } },
{ "type": "Feature", "properties": { "crs": 0.2403, "risk_tier": "low", "colour": "#69F0AE" }, "geometry": { "type": "Point", "coordinates": [ 6.79, 5.16 ] } },
{ "type": "Feature", "properties": { "crs": 0.2372, "risk_tier": "low", "colour": "#69F0AE" }, "geometry": { "type": "Point", "coordinates": [ 6.8, 5.16 ] } },
{ "type": "Feature", "properties": { "crs": 0.2371, "risk_tier": "low", "colour": "#69F0AE" }, "geometry": { "type": "Point", "coordinates": [ 6.81, 5.16 ] } },
{ "type": "Feature", "properties": { "crs": 0.2603, "risk_tier": "medium", "colour": "#FFD600" }, "geometry": { "type": "Point", "coordinates": [ 6.36, 5.17 ] } },
{ "type": "Feature", "properties": { "crs": 0.2866, "risk_tier": "medium", "colour": "#FFD600" }, "geometry": { "type": "Point", "coordinates": [ 6.37, 5.17 ] } },
{ "type": "Feature", "properties": { "crs": 0.2884, "risk_tier": "medium", "colour": "#FFD600" }, "geometry": { "type": "Point", "coordinates": [ 6.38, 5.17 ] } },
{ "type": "Feature", "properties": { "crs": 0.2831, "risk_tier": "medium", "colour": "#FFD600" }, "geometry": { "type": "Point", "coordinates": [ 6.39, 5.17 ] } },
{ "type": "Feature", "properties": { "crs": 0.2874, "risk_tier": "medium", "colour": "#FFD600" }, "geometry": { "type": "Point", "coordinates": [ 6.4, 5.17 ] } },
{ "type": "Feature", "properties": { "crs": 0.4306, "risk_tier": "medium", "colour": "#FFD600" }, "geometry": { "type": "Point", "coordinates": [ 6.41, 5.17 ] } },
{ "type": "Feature", "properties": { "crs": 0.4299, "risk_tier": "medium", "colour": "#FFD600" }, "geometry": { "type": "Point", "coordinates": [ 6.42, 5.17 ] } },
{ "type": "Feature", "properties": { "crs": 0.448, "risk_tier": "medium", "colour": "#FFD600" }, "geometry": { "type": "Point", "coordinates": [ 6.43, 5.17 ] } },
{ "type": "Feature", "properties": { "crs": 0.4506, "risk_tier": "medium", "colour": "#FFD600" }, "geometry": { "type": "Point", "coordinates": [ 6.44, 5.17 ] } },
{ "type": "Feature", "properties": { "crs": 0.4755, "risk_tier": "medium", "colour": "#FFD600" }, "geometry": { "type": "Point", "coordinates": [ 6.45, 5.17 ] } },
{ "type": "Feature", "properties": { "crs": 0.4756, "risk_tier": "medium", "colour": "#FFD600" }, "geometry": { "type": "Point", "coordinates": [ 6.46, 5.17 ] } },
{ "type": "Feature", "properties": { "crs": 0.4756, "risk_tier": "medium", "colour": "#FFD600" }, "geometry": { "type": "Point", "coordinates": [ 6.47, 5.17 ] } },
{ "type": "Feature", "properties": { "crs": 0.3302, "risk_tier": "medium", "colour": "#FFD600" }, "geometry": { "type": "Point", "coordinates": [ 6.48, 5.17 ] } },
{ "type": "Feature", "properties": { "crs": 0.3304, "risk_tier": "medium", "colour": "#FFD600" }, "geometry": { "type": "Point", "coordinates": [ 6.49, 5.17 ] } },
{ "type": "Feature", "properties": { "crs": 0.3267, "risk_tier": "medium", "colour": "#FFD600" }, "geometry": { "type": "Point", "coordinates": [ 6.5, 5.17 ] } },
{ "type": "Feature", "properties": { "crs": 0.3267, "risk_tier": "medium", "colour": "#FFD600" }, "geometry": { "type": "Point", "coordinates": [ 6.51, 5.17 ] } },
{ "type": "Feature", "properties": { "crs": 0.3268, "risk_tier": "medium", "colour": "#FFD600" }, "geometry": { "type": "Point", "coordinates": [ 6.52, 5.17 ] } },
{ "type": "Feature", "properties": { "crs": 0.3268, "risk_tier": "medium", "colour": "#FFD600" }, "geometry": { "type": "Point", "coordinates": [ 6.53, 5.17 ] } },
{ "type": "Feature", "properties": { "crs": 0.3269, "risk_tier": "medium", "colour": "#FFD600" }, "geometry": { "type": "Point", "coordinates": [ 6.54, 5.17 ] } },
{ "type": "Feature", "properties": { "crs": 0.3269, "risk_tier": "medium", "colour": "#FFD600" }, "geometry": { "type": "Point", "coordinates": [ 6.55, 5.17 ] } },
{ "type": "Feature", "properties": { "crs": 0.405, "risk_tier": "medium", "colour": "#FFD600" }, "geometry": { "type": "Point", "coordinates": [ 6.56, 5.17 ] } },
{ "type": "Feature", "properties": { "crs": 0.4367, "risk_tier": "medium", "colour": "#FFD600" }, "geometry": { "type": "Point", "coordinates": [ 6.57, 5.17 ] } },
{ "type": "Feature", "properties": { "crs": 0.4527, "risk_tier": "medium", "colour": "#FFD600" }, "geometry": { "type": "Point", "coordinates": [ 6.58, 5.17 ] } },
{ "type": "Feature", "properties": { "crs": 0.3818, "risk_tier": "medium", "colour": "#FFD600" }, "geometry": { "type": "Point", "coordinates": [ 6.59, 5.17 ] } },
{ "type": "Feature", "properties": { "crs": 0.3651, "risk_tier": "medium", "colour": "#FFD600" }, "geometry": { "type": "Point", "coordinates": [ 6.6, 5.17 ] } },
{ "type": "Feature", "properties": { "crs": 0.3514, "risk_tier": "medium", "colour": "#FFD600" }, "geometry": { "type": "Point", "coordinates": [ 6.61, 5.17 ] } },
{ "type": "Feature", "properties": { "crs": 0.3515, "risk_tier": "medium", "colour": "#FFD600" }, "geometry": { "type": "Point", "coordinates": [ 6.62, 5.17 ] } },
{ "type": "Feature", "properties": { "crs": 0.3516, "risk_tier": "medium", "colour": "#FFD600" }, "geometry": { "type": "Point", "coordinates": [ 6.63, 5.17 ] } },
{ "type": "Feature", "properties": { "crs": 0.3725, "risk_tier": "medium", "colour": "#FFD600" }, "geometry": { "type": "Point", "coordinates": [ 6.64, 5.17 ] } },
{ "type": "Feature", "properties": { "crs": 0.2951, "risk_tier": "medium", "colour": "#FFD600" }, "geometry": { "type": "Point", "coordinates": [ 6.65, 5.17 ] } },
{ "type": "Feature", "properties": { "crs": 0.2788, "risk_tier": "medium", "colour": "#FFD600" }, "geometry": { "type": "Point", "coordinates": [ 6.66, 5.17 ] } },
{ "type": "Feature", "properties": { "crs": 0.2858, "risk_tier": "medium", "colour": "#FFD600" }, "geometry": { "type": "Point", "coordinates": [ 6.67, 5.17 ] } },
{ "type": "Feature", "properties": { "crs": 0.2868, "risk_tier": "medium", "colour": "#FFD600" }, "geometry": { "type": "Point", "coordinates": [ 6.68, 5.17 ] } },
{ "type": "Feature", "properties": { "crs": 0.2279, "risk_tier": "low", "colour": "#69F0AE" }, "geometry": { "type": "Point", "coordinates": [ 6.69, 5.17 ] } },
{ "type": "Feature", "properties": { "crs": 0.2022, "risk_tier": "low", "colour": "#69F0AE" }, "geometry": { "type": "Point", "coordinates": [ 6.7, 5.17 ] } },
{ "type": "Feature", "properties": { "crs": 0.1744, "risk_tier": "low", "colour": "#69F0AE" }, "geometry": { "type": "Point", "coordinates": [ 6.72, 5.17 ] } },
{ "type": "Feature", "properties": { "crs": 0.1749, "risk_tier": "low", "colour": "#69F0AE" }, "geometry": { "type": "Point", "coordinates": [ 6.73, 5.17 ] } },
{ "type": "Feature", "properties": { "crs": 0.1753, "risk_tier": "low", "colour": "#69F0AE" }, "geometry": { "type": "Point", "coordinates": [ 6.74, 5.17 ] } },
{ "type": "Feature", "properties": { "crs": 0.186, "risk_tier": "low", "colour": "#69F0AE" }, "geometry": { "type": "Point", "coordinates": [ 6.75, 5.17 ] } },
{ "type": "Feature", "properties": { "crs": 0.2326, "risk_tier": "low", "colour": "#69F0AE" }, "geometry": { "type": "Point", "coordinates": [ 6.76, 5.17 ] } },
{ "type": "Feature", "properties": { "crs": 0.2063, "risk_tier": "low", "colour": "#69F0AE" }, "geometry": { "type": "Point", "coordinates": [ 6.77, 5.17 ] } },
{ "type": "Feature", "properties": { "crs": 0.2791, "risk_tier": "medium", "colour": "#FFD600" }, "geometry": { "type": "Point", "coordinates": [ 6.78, 5.17 ] } },
{ "type": "Feature", "properties": { "crs": 0.2512, "risk_tier": "medium", "colour": "#FFD600" }, "geometry": { "type": "Point", "coordinates": [ 6.79, 5.17 ] } },
{ "type": "Feature", "properties": { "crs": 0.2403, "risk_tier": "low", "colour": "#69F0AE" }, "geometry": { "type": "Point", "coordinates": [ 6.8, 5.17 ] } },
{ "type": "Feature", "properties": { "crs": 0.2095, "risk_tier": "low", "colour": "#69F0AE" }, "geometry": { "type": "Point", "coordinates": [ 6.81, 5.17 ] } },
{ "type": "Feature", "properties": { "crs": 0.2604, "risk_tier": "medium", "colour": "#FFD600" }, "geometry": { "type": "Point", "coordinates": [ 6.36, 5.18 ] } },
{ "type": "Feature", "properties": { "crs": 0.2706, "risk_tier": "medium", "colour": "#FFD600" }, "geometry": { "type": "Point", "coordinates": [ 6.37, 5.18 ] } },
{ "type": "Feature", "properties": { "crs": 0.2932, "risk_tier": "medium", "colour": "#FFD600" }, "geometry": { "type": "Point", "coordinates": [ 6.38, 5.18 ] } },
{ "type": "Feature", "properties": { "crs": 0.2923, "risk_tier": "medium", "colour": "#FFD600" }, "geometry": { "type": "Point", "coordinates": [ 6.39, 5.18 ] } },
{ "type": "Feature", "properties": { "crs": 0.2816, "risk_tier": "medium", "colour": "#FFD600" }, "geometry": { "type": "Point", "coordinates": [ 6.4, 5.18 ] } },
{ "type": "Feature", "properties": { "crs": 0.3649, "risk_tier": "medium", "colour": "#FFD600" }, "geometry": { "type": "Point", "coordinates": [ 6.41, 5.18 ] } },
{ "type": "Feature", "properties": { "crs": 0.4299, "risk_tier": "medium", "colour": "#FFD600" }, "geometry": { "type": "Point", "coordinates": [ 6.42, 5.18 ] } },
{ "type": "Feature", "properties": { "crs": 0.43, "risk_tier": "medium", "colour": "#FFD600" }, "geometry": { "type": "Point", "coordinates": [ 6.43, 5.18 ] } },
{ "type": "Feature", "properties": { "crs": 0.4506, "risk_tier": "medium", "colour": "#FFD600" }, "geometry": { "type": "Point", "coordinates": [ 6.44, 5.18 ] } },
{ "type": "Feature", "properties": { "crs": 0.4388, "risk_tier": "medium", "colour": "#FFD600" }, "geometry": { "type": "Point", "coordinates": [ 6.45, 5.18 ] } },
{ "type": "Feature", "properties": { "crs": 0.428, "risk_tier": "medium", "colour": "#FFD600" }, "geometry": { "type": "Point", "coordinates": [ 6.46, 5.18 ] } },
{ "type": "Feature", "properties": { "crs": 0.4461, "risk_tier": "medium", "colour": "#FFD600" }, "geometry": { "type": "Point", "coordinates": [ 6.47, 5.18 ] } },
{ "type": "Feature", "properties": { "crs": 0.4462, "risk_tier": "medium", "colour": "#FFD600" }, "geometry": { "type": "Point", "coordinates": [ 6.48, 5.18 ] } },
{ "type": "Feature", "properties": { "crs": 0.3174, "risk_tier": "medium", "colour": "#FFD600" }, "geometry": { "type": "Point", "coordinates": [ 6.49, 5.18 ] } },
{ "type": "Feature", "properties": { "crs": 0.3267, "risk_tier": "medium", "colour": "#FFD600" }, "geometry": { "type": "Point", "coordinates": [ 6.5, 5.18 ] } },
{ "type": "Feature", "properties": { "crs": 0.3267, "risk_tier": "medium", "colour": "#FFD600" }, "geometry": { "type": "Point", "coordinates": [ 6.51, 5.18 ] } },
{ "type": "Feature", "properties": { "crs": 0.3268, "risk_tier": "medium", "colour": "#FFD600" }, "geometry": { "type": "Point", "coordinates": [ 6.52, 5.18 ] } },
{ "type": "Feature", "properties": { "crs": 0.3269, "risk_tier": "medium", "colour": "#FFD600" }, "geometry": { "type": "Point", "coordinates": [ 6.53, 5.18 ] } },
{ "type": "Feature", "properties": { "crs": 0.3269, "risk_tier": "medium", "colour": "#FFD600" }, "geometry": { "type": "Point", "coordinates": [ 6.54, 5.18 ] } },
{ "type": "Feature", "properties": { "crs": 0.3138, "risk_tier": "medium", "colour": "#FFD600" }, "geometry": { "type": "Point", "coordinates": [ 6.55, 5.18 ] } },
{ "type": "Feature", "properties": { "crs": 0.4592, "risk_tier": "medium", "colour": "#FFD600" }, "geometry": { "type": "Point", "coordinates": [ 6.56, 5.18 ] } },
{ "type": "Feature", "properties": { "crs": 0.434, "risk_tier": "medium", "colour": "#FFD600" }, "geometry": { "type": "Point", "coordinates": [ 6.57, 5.18 ] } },
{ "type": "Feature", "properties": { "crs": 0.4347, "risk_tier": "medium", "colour": "#FFD600" }, "geometry": { "type": "Point", "coordinates": [ 6.58, 5.18 ] } },
{ "type": "Feature", "properties": { "crs": 0.3818, "risk_tier": "medium", "colour": "#FFD600" }, "geometry": { "type": "Point", "coordinates": [ 6.59, 5.18 ] } },
{ "type": "Feature", "properties": { "crs": 0.3679, "risk_tier": "medium", "colour": "#FFD600" }, "geometry": { "type": "Point", "coordinates": [ 6.6, 5.18 ] } },
{ "type": "Feature", "properties": { "crs": 0.3514, "risk_tier": "medium", "colour": "#FFD600" }, "geometry": { "type": "Point", "coordinates": [ 6.61, 5.18 ] } },
{ "type": "Feature", "properties": { "crs": 0.3515, "risk_tier": "medium", "colour": "#FFD600" }, "geometry": { "type": "Point", "coordinates": [ 6.62, 5.18 ] } },
{ "type": "Feature", "properties": { "crs": 0.3515, "risk_tier": "medium", "colour": "#FFD600" }, "geometry": { "type": "Point", "coordinates": [ 6.63, 5.18 ] } },
{ "type": "Feature", "properties": { "crs": 0.3725, "risk_tier": "medium", "colour": "#FFD600" }, "geometry": { "type": "Point", "coordinates": [ 6.64, 5.18 ] } },
{ "type": "Feature", "properties": { "crs": 0.2826, "risk_tier": "medium", "colour": "#FFD600" }, "geometry": { "type": "Point", "coordinates": [ 6.65, 5.18 ] } },
{ "type": "Feature", "properties": { "crs": 0.2954, "risk_tier": "medium", "colour": "#FFD600" }, "geometry": { "type": "Point", "coordinates": [ 6.66, 5.18 ] } },
{ "type": "Feature", "properties": { "crs": 0.3023, "risk_tier": "medium", "colour": "#FFD600" }, "geometry": { "type": "Point", "coordinates": [ 6.67, 5.18 ] } },
{ "type": "Feature", "properties": { "crs": 0.2868, "risk_tier": "medium", "colour": "#FFD600" }, "geometry": { "type": "Point", "coordinates": [ 6.68, 5.18 ] } },
{ "type": "Feature", "properties": { "crs": 0.2634, "risk_tier": "medium", "colour": "#FFD600" }, "geometry": { "type": "Point", "coordinates": [ 6.69, 5.18 ] } },
{ "type": "Feature", "properties": { "crs": 0.2634, "risk_tier": "medium", "colour": "#FFD600" }, "geometry": { "type": "Point", "coordinates": [ 6.7, 5.18 ] } },
{ "type": "Feature", "properties": { "crs": 0.2079, "risk_tier": "low", "colour": "#69F0AE" }, "geometry": { "type": "Point", "coordinates": [ 6.71, 5.18 ] } },
{ "type": "Feature", "properties": { "crs": 0.1739, "risk_tier": "low", "colour": "#69F0AE" }, "geometry": { "type": "Point", "coordinates": [ 6.72, 5.18 ] } },
{ "type": "Feature", "properties": { "crs": 0.1749, "risk_tier": "low", "colour": "#69F0AE" }, "geometry": { "type": "Point", "coordinates": [ 6.73, 5.18 ] } },
{ "type": "Feature", "properties": { "crs": 0.1749, "risk_tier": "low", "colour": "#69F0AE" }, "geometry": { "type": "Point", "coordinates": [ 6.74, 5.18 ] } },
{ "type": "Feature", "properties": { "crs": 0.2296, "risk_tier": "low", "colour": "#69F0AE" }, "geometry": { "type": "Point", "coordinates": [ 6.75, 5.18 ] } },
{ "type": "Feature", "properties": { "crs": 0.2597, "risk_tier": "medium", "colour": "#FFD600" }, "geometry": { "type": "Point", "coordinates": [ 6.76, 5.18 ] } },
{ "type": "Feature", "properties": { "crs": 0.2369, "risk_tier": "low", "colour": "#69F0AE" }, "geometry": { "type": "Point", "coordinates": [ 6.77, 5.18 ] } },
{ "type": "Feature", "properties": { "crs": 0.2636, "risk_tier": "medium", "colour": "#FFD600" }, "geometry": { "type": "Point", "coordinates": [ 6.78, 5.18 ] } },
{ "type": "Feature", "properties": { "crs": 0.2399, "risk_tier": "low", "colour": "#69F0AE" }, "geometry": { "type": "Point", "coordinates": [ 6.79, 5.18 ] } },
{ "type": "Feature", "properties": { "crs": 0.2508, "risk_tier": "medium", "colour": "#FFD600" }, "geometry": { "type": "Point", "coordinates": [ 6.8, 5.18 ] } },
{ "type": "Feature", "properties": { "crs": 0.2177, "risk_tier": "low", "colour": "#69F0AE" }, "geometry": { "type": "Point", "coordinates": [ 6.36, 5.19 ] } },
{ "type": "Feature", "properties": { "crs": 0.2646, "risk_tier": "medium", "colour": "#FFD600" }, "geometry": { "type": "Point", "coordinates": [ 6.37, 5.19 ] } },
{ "type": "Feature", "properties": { "crs": 0.2694, "risk_tier": "medium", "colour": "#FFD600" }, "geometry": { "type": "Point", "coordinates": [ 6.38, 5.19 ] } },
{ "type": "Feature", "properties": { "crs": 0.2883, "risk_tier": "medium", "colour": "#FFD600" }, "geometry": { "type": "Point", "coordinates": [ 6.39, 5.19 ] } },
{ "type": "Feature", "properties": { "crs": 0.2923, "risk_tier": "medium", "colour": "#FFD600" }, "geometry": { "type": "Point", "coordinates": [ 6.4, 5.19 ] } },
{ "type": "Feature", "properties": { "crs": 0.2817, "risk_tier": "medium", "colour": "#FFD600" }, "geometry": { "type": "Point", "coordinates": [ 6.41, 5.19 ] } },
{ "type": "Feature", "properties": { "crs": 0.3497, "risk_tier": "medium", "colour": "#FFD600" }, "geometry": { "type": "Point", "coordinates": [ 6.42, 5.19 ] } },
{ "type": "Feature", "properties": { "crs": 0.448, "risk_tier": "medium", "colour": "#FFD600" }, "geometry": { "type": "Point", "coordinates": [ 6.43, 5.19 ] } },
{ "type": "Feature", "properties": { "crs": 0.43, "risk_tier": "medium", "colour": "#FFD600" }, "geometry": { "type": "Point", "coordinates": [ 6.44, 5.19 ] } },
{ "type": "Feature", "properties": { "crs": 0.4589, "risk_tier": "medium", "colour": "#FFD600" }, "geometry": { "type": "Point", "coordinates": [ 6.45, 5.19 ] } },
{ "type": "Feature", "properties": { "crs": 0.459, "risk_tier": "medium", "colour": "#FFD600" }, "geometry": { "type": "Point", "coordinates": [ 6.46, 5.19 ] } },
{ "type": "Feature", "properties": { "crs": 0.4281, "risk_tier": "medium", "colour": "#FFD600" }, "geometry": { "type": "Point", "coordinates": [ 6.47, 5.19 ] } },
{ "type": "Feature", "properties": { "crs": 0.4343, "risk_tier": "medium", "colour": "#FFD600" }, "geometry": { "type": "Point", "coordinates": [ 6.48, 5.19 ] } },
{ "type": "Feature", "properties": { "crs": 0.3305, "risk_tier": "medium", "colour": "#FFD600" }, "geometry": { "type": "Point", "coordinates": [ 6.49, 5.19 ] } },
{ "type": "Feature", "properties": { "crs": 0.3438, "risk_tier": "medium", "colour": "#FFD600" }, "geometry": { "type": "Point", "coordinates": [ 6.5, 5.19 ] } },
{ "type": "Feature", "properties": { "crs": 0.3308, "risk_tier": "medium", "colour": "#FFD600" }, "geometry": { "type": "Point", "coordinates": [ 6.51, 5.19 ] } },
{ "type": "Feature", "properties": { "crs": 0.327, "risk_tier": "medium", "colour": "#FFD600" }, "geometry": { "type": "Point", "coordinates": [ 6.52, 5.19 ] } },
{ "type": "Feature", "properties": { "crs": 0.3269, "risk_tier": "medium", "colour": "#FFD600" }, "geometry": { "type": "Point", "coordinates": [ 6.53, 5.19 ] } },
{ "type": "Feature", "properties": { "crs": 0.3305, "risk_tier": "medium", "colour": "#FFD600" }, "geometry": { "type": "Point", "coordinates": [ 6.54, 5.19 ] } },
{ "type": "Feature", "properties": { "crs": 0.4592, "risk_tier": "medium", "colour": "#FFD600" }, "geometry": { "type": "Point", "coordinates": [ 6.55, 5.19 ] } },
{ "type": "Feature", "properties": { "crs": 0.4304, "risk_tier": "medium", "colour": "#FFD600" }, "geometry": { "type": "Point", "coordinates": [ 6.56, 5.19 ] } },
{ "type": "Feature", "properties": { "crs": 0.4346, "risk_tier": "medium", "colour": "#FFD600" }, "geometry": { "type": "Point", "coordinates": [ 6.57, 5.19 ] } },
{ "type": "Feature", "properties": { "crs": 0.4286, "risk_tier": "medium", "colour": "#FFD600" }, "geometry": { "type": "Point", "coordinates": [ 6.58, 5.19 ] } },
{ "type": "Feature", "properties": { "crs": 0.4287, "risk_tier": "medium", "colour": "#FFD600" }, "geometry": { "type": "Point", "coordinates": [ 6.59, 5.19 ] } },
{ "type": "Feature", "properties": { "crs": 0.3679, "risk_tier": "medium", "colour": "#FFD600" }, "geometry": { "type": "Point", "coordinates": [ 6.6, 5.19 ] } },
{ "type": "Feature", "properties": { "crs": 0.3682, "risk_tier": "medium", "colour": "#FFD600" }, "geometry": { "type": "Point", "coordinates": [ 6.61, 5.19 ] } },
{ "type": "Feature", "properties": { "crs": 0.3517, "risk_tier": "medium", "colour": "#FFD600" }, "geometry": { "type": "Point", "coordinates": [ 6.62, 5.19 ] } },
{ "type": "Feature", "properties": { "crs": 0.3518, "risk_tier": "medium", "colour": "#FFD600" }, "geometry": { "type": "Point", "coordinates": [ 6.63, 5.19 ] } },
{ "type": "Feature", "properties": { "crs": 0.2826, "risk_tier": "medium", "colour": "#FFD600" }, "geometry": { "type": "Point", "coordinates": [ 6.64, 5.19 ] } },
{ "type": "Feature", "properties": { "crs": 0.279, "risk_tier": "medium", "colour": "#FFD600" }, "geometry": { "type": "Point", "coordinates": [ 6.65, 5.19 ] } },
{ "type": "Feature", "properties": { "crs": 0.2894, "risk_tier": "medium", "colour": "#FFD600" }, "geometry": { "type": "Point", "coordinates": [ 6.66, 5.19 ] } },
{ "type": "Feature", "properties": { "crs": 0.3022, "risk_tier": "medium", "colour": "#FFD600" }, "geometry": { "type": "Point", "coordinates": [ 6.67, 5.19 ] } },
{ "type": "Feature", "properties": { "crs": 0.2869, "risk_tier": "medium", "colour": "#FFD600" }, "geometry": { "type": "Point", "coordinates": [ 6.68, 5.19 ] } },
{ "type": "Feature", "properties": { "crs": 0.2633, "risk_tier": "medium", "colour": "#FFD600" }, "geometry": { "type": "Point", "coordinates": [ 6.69, 5.19 ] } },
{ "type": "Feature", "properties": { "crs": 0.2634, "risk_tier": "medium", "colour": "#FFD600" }, "geometry": { "type": "Point", "coordinates": [ 6.7, 5.19 ] } },
{ "type": "Feature", "properties": { "crs": 0.2279, "risk_tier": "low", "colour": "#69F0AE" }, "geometry": { "type": "Point", "coordinates": [ 6.71, 5.19 ] } },
{ "type": "Feature", "properties": { "crs": 0.1515, "risk_tier": "low", "colour": "#69F0AE" }, "geometry": { "type": "Point", "coordinates": [ 6.72, 5.19 ] } },
{ "type": "Feature", "properties": { "crs": 0.1517, "risk_tier": "low", "colour": "#69F0AE" }, "geometry": { "type": "Point", "coordinates": [ 6.73, 5.19 ] } },
{ "type": "Feature", "properties": { "crs": 0.2063, "risk_tier": "low", "colour": "#69F0AE" }, "geometry": { "type": "Point", "coordinates": [ 6.74, 5.19 ] } },
{ "type": "Feature", "properties": { "crs": 0.2714, "risk_tier": "medium", "colour": "#FFD600" }, "geometry": { "type": "Point", "coordinates": [ 6.75, 5.19 ] } },
{ "type": "Feature", "properties": { "crs": 0.2714, "risk_tier": "medium", "colour": "#FFD600" }, "geometry": { "type": "Point", "coordinates": [ 6.76, 5.19 ] } },
{ "type": "Feature", "properties": { "crs": 0.2637, "risk_tier": "medium", "colour": "#FFD600" }, "geometry": { "type": "Point", "coordinates": [ 6.77, 5.19 ] } },
{ "type": "Feature", "properties": { "crs": 0.2358, "risk_tier": "low", "colour": "#69F0AE" }, "geometry": { "type": "Point", "coordinates": [ 6.78, 5.19 ] } },
{ "type": "Feature", "properties": { "crs": 0.2636, "risk_tier": "medium", "colour": "#FFD600" }, "geometry": { "type": "Point", "coordinates": [ 6.79, 5.19 ] } },
{ "type": "Feature", "properties": { "crs": 0.2786, "risk_tier": "medium", "colour": "#FFD600" }, "geometry": { "type": "Point", "coordinates": [ 6.8, 5.19 ] } },
{ "type": "Feature", "properties": { "crs": 0.1519, "risk_tier": "low", "colour": "#69F0AE" }, "geometry": { "type": "Point", "coordinates": [ 6.36, 5.2 ] } },
{ "type": "Feature", "properties": { "crs": 0.2592, "risk_tier": "medium", "colour": "#FFD600" }, "geometry": { "type": "Point", "coordinates": [ 6.37, 5.2 ] } },
{ "type": "Feature", "properties": { "crs": 0.2593, "risk_tier": "medium", "colour": "#FFD600" }, "geometry": { "type": "Point", "coordinates": [ 6.38, 5.2 ] } },
{ "type": "Feature", "properties": { "crs": 0.2933, "risk_tier": "medium", "colour": "#FFD600" }, "geometry": { "type": "Point", "coordinates": [ 6.39, 5.2 ] } },
{ "type": "Feature", "properties": { "crs": 0.2924, "risk_tier": "medium", "colour": "#FFD600" }, "geometry": { "type": "Point", "coordinates": [ 6.4, 5.2 ] } },
{ "type": "Feature", "properties": { "crs": 0.2817, "risk_tier": "medium", "colour": "#FFD600" }, "geometry": { "type": "Point", "coordinates": [ 6.41, 5.2 ] } },
{ "type": "Feature", "properties": { "crs": 0.3426, "risk_tier": "medium", "colour": "#FFD600" }, "geometry": { "type": "Point", "coordinates": [ 6.42, 5.2 ] } },
{ "type": "Feature", "properties": { "crs": 0.3386, "risk_tier": "medium", "colour": "#FFD600" }, "geometry": { "type": "Point", "coordinates": [ 6.43, 5.2 ] } },
{ "type": "Feature", "properties": { "crs": 0.375, "risk_tier": "medium", "colour": "#FFD600" }, "geometry": { "type": "Point", "coordinates": [ 6.44, 5.2 ] } },
{ "type": "Feature", "properties": { "crs": 0.4589, "risk_tier": "medium", "colour": "#FFD600" }, "geometry": { "type": "Point", "coordinates": [ 6.45, 5.2 ] } },
{ "type": "Feature", "properties": { "crs": 0.459, "risk_tier": "medium", "colour": "#FFD600" }, "geometry": { "type": "Point", "coordinates": [ 6.46, 5.2 ] } },
{ "type": "Feature", "properties": { "crs": 0.4648, "risk_tier": "medium", "colour": "#FFD600" }, "geometry": { "type": "Point", "coordinates": [ 6.47, 5.2 ] } },
{ "type": "Feature", "properties": { "crs": 0.4814, "risk_tier": "medium", "colour": "#FFD600" }, "geometry": { "type": "Point", "coordinates": [ 6.48, 5.2 ] } },
{ "type": "Feature", "properties": { "crs": 0.476, "risk_tier": "medium", "colour": "#FFD600" }, "geometry": { "type": "Point", "coordinates": [ 6.49, 5.2 ] } },
{ "type": "Feature", "properties": { "crs": 0.3306, "risk_tier": "medium", "colour": "#FFD600" }, "geometry": { "type": "Point", "coordinates": [ 6.5, 5.2 ] } },
{ "type": "Feature", "properties": { "crs": 0.3438, "risk_tier": "medium", "colour": "#FFD600" }, "geometry": { "type": "Point", "coordinates": [ 6.51, 5.2 ] } },
{ "type": "Feature", "properties": { "crs": 0.3307, "risk_tier": "medium", "colour": "#FFD600" }, "geometry": { "type": "Point", "coordinates": [ 6.52, 5.2 ] } },
{ "type": "Feature", "properties": { "crs": 0.4238, "risk_tier": "medium", "colour": "#FFD600" }, "geometry": { "type": "Point", "coordinates": [ 6.53, 5.2 ] } },
{ "type": "Feature", "properties": { "crs": 0.4465, "risk_tier": "medium", "colour": "#FFD600" }, "geometry": { "type": "Point", "coordinates": [ 6.54, 5.2 ] } },
{ "type": "Feature", "properties": { "crs": 0.4492, "risk_tier": "medium", "colour": "#FFD600" }, "geometry": { "type": "Point", "coordinates": [ 6.55, 5.2 ] } },
{ "type": "Feature", "properties": { "crs": 0.4493, "risk_tier": "medium", "colour": "#FFD600" }, "geometry": { "type": "Point", "coordinates": [ 6.56, 5.2 ] } },
{ "type": "Feature", "properties": { "crs": 0.4288, "risk_tier": "medium", "colour": "#FFD600" }, "geometry": { "type": "Point", "coordinates": [ 6.57, 5.2 ] } },
{ "type": "Feature", "properties": { "crs": 0.4165, "risk_tier": "medium", "colour": "#FFD600" }, "geometry": { "type": "Point", "coordinates": [ 6.58, 5.2 ] } },
{ "type": "Feature", "properties": { "crs": 0.4289, "risk_tier": "medium", "colour": "#FFD600" }, "geometry": { "type": "Point", "coordinates": [ 6.59, 5.2 ] } },
{ "type": "Feature", "properties": { "crs": 0.429, "risk_tier": "medium", "colour": "#FFD600" }, "geometry": { "type": "Point", "coordinates": [ 6.6, 5.2 ] } },
{ "type": "Feature", "properties": { "crs": 0.3554, "risk_tier": "medium", "colour": "#FFD600" }, "geometry": { "type": "Point", "coordinates": [ 6.61, 5.2 ] } },
{ "type": "Feature", "properties": { "crs": 0.3517, "risk_tier": "medium", "colour": "#FFD600" }, "geometry": { "type": "Point", "coordinates": [ 6.62, 5.2 ] } },
{ "type": "Feature", "properties": { "crs": 0.3518, "risk_tier": "medium", "colour": "#FFD600" }, "geometry": { "type": "Point", "coordinates": [ 6.63, 5.2 ] } },
{ "type": "Feature", "properties": { "crs": 0.3083, "risk_tier": "medium", "colour": "#FFD600" }, "geometry": { "type": "Point", "coordinates": [ 6.64, 5.2 ] } },
{ "type": "Feature", "properties": { "crs": 0.2826, "risk_tier": "medium", "colour": "#FFD600" }, "geometry": { "type": "Point", "coordinates": [ 6.65, 5.2 ] } },
{ "type": "Feature", "properties": { "crs": 0.2857, "risk_tier": "medium", "colour": "#FFD600" }, "geometry": { "type": "Point", "coordinates": [ 6.66, 5.2 ] } },
{ "type": "Feature", "properties": { "crs": 0.2868, "risk_tier": "medium", "colour": "#FFD600" }, "geometry": { "type": "Point", "coordinates": [ 6.67, 5.2 ] } },
{ "type": "Feature", "properties": { "crs": 0.2868, "risk_tier": "medium", "colour": "#FFD600" }, "geometry": { "type": "Point", "coordinates": [ 6.68, 5.2 ] } },
{ "type": "Feature", "properties": { "crs": 0.2868, "risk_tier": "medium", "colour": "#FFD600" }, "geometry": { "type": "Point", "coordinates": [ 6.69, 5.2 ] } },
{ "type": "Feature", "properties": { "crs": 0.2217, "risk_tier": "low", "colour": "#69F0AE" }, "geometry": { "type": "Point", "coordinates": [ 6.7, 5.2 ] } },
{ "type": "Feature", "properties": { "crs": 0.2279, "risk_tier": "low", "colour": "#69F0AE" }, "geometry": { "type": "Point", "coordinates": [ 6.71, 5.2 ] } },
{ "type": "Feature", "properties": { "crs": 0.2331, "risk_tier": "low", "colour": "#69F0AE" }, "geometry": { "type": "Point", "coordinates": [ 6.74, 5.2 ] } },
{ "type": "Feature", "properties": { "crs": 0.2481, "risk_tier": "low", "colour": "#69F0AE" }, "geometry": { "type": "Point", "coordinates": [ 6.75, 5.2 ] } },
{ "type": "Feature", "properties": { "crs": 0.2454, "risk_tier": "low", "colour": "#69F0AE" }, "geometry": { "type": "Point", "coordinates": [ 6.76, 5.2 ] } },
{ "type": "Feature", "properties": { "crs": 0.2358, "risk_tier": "low", "colour": "#69F0AE" }, "geometry": { "type": "Point", "coordinates": [ 6.77, 5.2 ] } },
{ "type": "Feature", "properties": { "crs": 0.2358, "risk_tier": "low", "colour": "#69F0AE" }, "geometry": { "type": "Point", "coordinates": [ 6.78, 5.2 ] } },
{ "type": "Feature", "properties": { "crs": 0.2636, "risk_tier": "medium", "colour": "#FFD600" }, "geometry": { "type": "Point", "coordinates": [ 6.79, 5.2 ] } },
{ "type": "Feature", "properties": { "crs": 0.2357, "risk_tier": "low", "colour": "#69F0AE" }, "geometry": { "type": "Point", "coordinates": [ 6.8, 5.2 ] } },
{ "type": "Feature", "properties": { "crs": 0.1521, "risk_tier": "low", "colour": "#69F0AE" }, "geometry": { "type": "Point", "coordinates": [ 6.37, 5.21 ] } },
{ "type": "Feature", "properties": { "crs": 0.2647, "risk_tier": "medium", "colour": "#FFD600" }, "geometry": { "type": "Point", "coordinates": [ 6.38, 5.21 ] } },
{ "type": "Feature", "properties": { "crs": 0.2754, "risk_tier": "medium", "colour": "#FFD600" }, "geometry": { "type": "Point", "coordinates": [ 6.39, 5.21 ] } },
{ "type": "Feature", "properties": { "crs": 0.2984, "risk_tier": "medium", "colour": "#FFD600" }, "geometry": { "type": "Point", "coordinates": [ 6.4, 5.21 ] } },
{ "type": "Feature", "properties": { "crs": 0.2924, "risk_tier": "medium", "colour": "#FFD600" }, "geometry": { "type": "Point", "coordinates": [ 6.41, 5.21 ] } },
{ "type": "Feature", "properties": { "crs": 0.3601, "risk_tier": "medium", "colour": "#FFD600" }, "geometry": { "type": "Point", "coordinates": [ 6.42, 5.21 ] } },
{ "type": "Feature", "properties": { "crs": 0.3589, "risk_tier": "medium", "colour": "#FFD600" }, "geometry": { "type": "Point", "coordinates": [ 6.43, 5.21 ] } },
{ "type": "Feature", "properties": { "crs": 0.3831, "risk_tier": "medium", "colour": "#FFD600" }, "geometry": { "type": "Point", "coordinates": [ 6.44, 5.21 ] } },
{ "type": "Feature", "properties": { "crs": 0.3823, "risk_tier": "medium", "colour": "#FFD600" }, "geometry": { "type": "Point", "coordinates": [ 6.45, 5.21 ] } },
{ "type": "Feature", "properties": { "crs": 0.3727, "risk_tier": "medium", "colour": "#FFD600" }, "geometry": { "type": "Point", "coordinates": [ 6.46, 5.21 ] } },
{ "type": "Feature", "properties": { "crs": 0.3727, "risk_tier": "medium", "colour": "#FFD600" }, "geometry": { "type": "Point", "coordinates": [ 6.47, 5.21 ] } },
{ "type": "Feature", "properties": { "crs": 0.4444, "risk_tier": "medium", "colour": "#FFD600" }, "geometry": { "type": "Point", "coordinates": [ 6.48, 5.21 ] } },
{ "type": "Feature", "properties": { "crs": 0.4649, "risk_tier": "medium", "colour": "#FFD600" }, "geometry": { "type": "Point", "coordinates": [ 6.49, 5.21 ] } },
{ "type": "Feature", "properties": { "crs": 0.4592, "risk_tier": "medium", "colour": "#FFD600" }, "geometry": { "type": "Point", "coordinates": [ 6.5, 5.21 ] } },
{ "type": "Feature", "properties": { "crs": 0.465, "risk_tier": "medium", "colour": "#FFD600" }, "geometry": { "type": "Point", "coordinates": [ 6.51, 5.21 ] } },
{ "type": "Feature", "properties": { "crs": 0.4762, "risk_tier": "medium", "colour": "#FFD600" }, "geometry": { "type": "Point", "coordinates": [ 6.52, 5.21 ] } },
{ "type": "Feature", "properties": { "crs": 0.4305, "risk_tier": "medium", "colour": "#FFD600" }, "geometry": { "type": "Point", "coordinates": [ 6.53, 5.21 ] } },
{ "type": "Feature", "properties": { "crs": 0.4079, "risk_tier": "medium", "colour": "#FFD600" }, "geometry": { "type": "Point", "coordinates": [ 6.54, 5.21 ] } },
{ "type": "Feature", "properties": { "crs": 0.4492, "risk_tier": "medium", "colour": "#FFD600" }, "geometry": { "type": "Point", "coordinates": [ 6.55, 5.21 ] } },
{ "type": "Feature", "properties": { "crs": 0.4313, "risk_tier": "medium", "colour": "#FFD600" }, "geometry": { "type": "Point", "coordinates": [ 6.56, 5.21 ] } },
{ "type": "Feature", "properties": { "crs": 0.4115, "risk_tier": "medium", "colour": "#FFD600" }, "geometry": { "type": "Point", "coordinates": [ 6.57, 5.21 ] } },
{ "type": "Feature", "properties": { "crs": 0.4116, "risk_tier": "medium", "colour": "#FFD600" }, "geometry": { "type": "Point", "coordinates": [ 6.58, 5.21 ] } },
{ "type": "Feature", "properties": { "crs": 0.382, "risk_tier": "medium", "colour": "#FFD600" }, "geometry": { "type": "Point", "coordinates": [ 6.59, 5.21 ] } },
{ "type": "Feature", "properties": { "crs": 0.3691, "risk_tier": "medium", "colour": "#FFD600" }, "geometry": { "type": "Point", "coordinates": [ 6.6, 5.21 ] } },
{ "type": "Feature", "properties": { "crs": 0.3516, "risk_tier": "medium", "colour": "#FFD600" }, "geometry": { "type": "Point", "coordinates": [ 6.61, 5.21 ] } },
{ "type": "Feature", "properties": { "crs": 0.3685, "risk_tier": "medium", "colour": "#FFD600" }, "geometry": { "type": "Point", "coordinates": [ 6.62, 5.21 ] } },
{ "type": "Feature", "properties": { "crs": 0.3517, "risk_tier": "medium", "colour": "#FFD600" }, "geometry": { "type": "Point", "coordinates": [ 6.63, 5.21 ] } },
{ "type": "Feature", "properties": { "crs": 0.2789, "risk_tier": "medium", "colour": "#FFD600" }, "geometry": { "type": "Point", "coordinates": [ 6.64, 5.21 ] } },
{ "type": "Feature", "properties": { "crs": 0.2789, "risk_tier": "medium", "colour": "#FFD600" }, "geometry": { "type": "Point", "coordinates": [ 6.65, 5.21 ] } },
{ "type": "Feature", "properties": { "crs": 0.2857, "risk_tier": "medium", "colour": "#FFD600" }, "geometry": { "type": "Point", "coordinates": [ 6.66, 5.21 ] } },
{ "type": "Feature", "properties": { "crs": 0.2868, "risk_tier": "medium", "colour": "#FFD600" }, "geometry": { "type": "Point", "coordinates": [ 6.67, 5.21 ] } },
{ "type": "Feature", "properties": { "crs": 0.2867, "risk_tier": "medium", "colour": "#FFD600" }, "geometry": { "type": "Point", "coordinates": [ 6.68, 5.21 ] } },
{ "type": "Feature", "properties": { "crs": 0.263, "risk_tier": "medium", "colour": "#FFD600" }, "geometry": { "type": "Point", "coordinates": [ 6.69, 5.21 ] } },
{ "type": "Feature", "properties": { "crs": 0.2276, "risk_tier": "low", "colour": "#69F0AE" }, "geometry": { "type": "Point", "coordinates": [ 6.7, 5.21 ] } },
{ "type": "Feature", "properties": { "crs": 0.2279, "risk_tier": "low", "colour": "#69F0AE" }, "geometry": { "type": "Point", "coordinates": [ 6.71, 5.21 ] } },
{ "type": "Feature", "properties": { "crs": 0.2632, "risk_tier": "medium", "colour": "#FFD600" }, "geometry": { "type": "Point", "coordinates": [ 6.72, 5.21 ] } },
{ "type": "Feature", "properties": { "crs": 0.2633, "risk_tier": "medium", "colour": "#FFD600" }, "geometry": { "type": "Point", "coordinates": [ 6.73, 5.21 ] } },
{ "type": "Feature", "properties": { "crs": 0.2633, "risk_tier": "medium", "colour": "#FFD600" }, "geometry": { "type": "Point", "coordinates": [ 6.74, 5.21 ] } },
{ "type": "Feature", "properties": { "crs": 0.2289, "risk_tier": "low", "colour": "#69F0AE" }, "geometry": { "type": "Point", "coordinates": [ 6.75, 5.21 ] } },
{ "type": "Feature", "properties": { "crs": 0.2453, "risk_tier": "low", "colour": "#69F0AE" }, "geometry": { "type": "Point", "coordinates": [ 6.76, 5.21 ] } },
{ "type": "Feature", "properties": { "crs": 0.2453, "risk_tier": "low", "colour": "#69F0AE" }, "geometry": { "type": "Point", "coordinates": [ 6.77, 5.21 ] } },
{ "type": "Feature", "properties": { "crs": 0.2308, "risk_tier": "low", "colour": "#69F0AE" }, "geometry": { "type": "Point", "coordinates": [ 6.78, 5.21 ] } },
{ "type": "Feature", "properties": { "crs": 0.2307, "risk_tier": "low", "colour": "#69F0AE" }, "geometry": { "type": "Point", "coordinates": [ 6.79, 5.21 ] } },
{ "type": "Feature", "properties": { "crs": 0.1521, "risk_tier": "low", "colour": "#69F0AE" }, "geometry": { "type": "Point", "coordinates": [ 6.37, 5.22 ] } },
{ "type": "Feature", "properties": { "crs": 0.2179, "risk_tier": "low", "colour": "#69F0AE" }, "geometry": { "type": "Point", "coordinates": [ 6.38, 5.22 ] } },
{ "type": "Feature", "properties": { "crs": 0.263, "risk_tier": "medium", "colour": "#FFD600" }, "geometry": { "type": "Point", "coordinates": [ 6.39, 5.22 ] } },
{ "type": "Feature", "properties": { "crs": 0.263, "risk_tier": "medium", "colour": "#FFD600" }, "geometry": { "type": "Point", "coordinates": [ 6.4, 5.22 ] } },
{ "type": "Feature", "properties": { "crs": 0.2856, "risk_tier": "medium", "colour": "#FFD600" }, "geometry": { "type": "Point", "coordinates": [ 6.41, 5.22 ] } },
{ "type": "Feature", "properties": { "crs": 0.3234, "risk_tier": "medium", "colour": "#FFD600" }, "geometry": { "type": "Point", "coordinates": [ 6.42, 5.22 ] } },
{ "type": "Feature", "properties": { "crs": 0.3829, "risk_tier": "medium", "colour": "#FFD600" }, "geometry": { "type": "Point", "coordinates": [ 6.43, 5.22 ] } },
{ "type": "Feature", "properties": { "crs": 0.3806, "risk_tier": "medium", "colour": "#FFD600" }, "geometry": { "type": "Point", "coordinates": [ 6.44, 5.22 ] } },
{ "type": "Feature", "properties": { "crs": 0.3806, "risk_tier": "medium", "colour": "#FFD600" }, "geometry": { "type": "Point", "coordinates": [ 6.45, 5.22 ] } },
{ "type": "Feature", "properties": { "crs": 0.3738, "risk_tier": "medium", "colour": "#FFD600" }, "geometry": { "type": "Point", "coordinates": [ 6.46, 5.22 ] } },
{ "type": "Feature", "properties": { "crs": 0.3558, "risk_tier": "medium", "colour": "#FFD600" }, "geometry": { "type": "Point", "coordinates": [ 6.47, 5.22 ] } },
{ "type": "Feature", "properties": { "crs": 0.3764, "risk_tier": "medium", "colour": "#FFD600" }, "geometry": { "type": "Point", "coordinates": [ 6.48, 5.22 ] } },
{ "type": "Feature", "properties": { "crs": 0.3764, "risk_tier": "medium", "colour": "#FFD600" }, "geometry": { "type": "Point", "coordinates": [ 6.49, 5.22 ] } },
{ "type": "Feature", "properties": { "crs": 0.4438, "risk_tier": "medium", "colour": "#FFD600" }, "geometry": { "type": "Point", "coordinates": [ 6.5, 5.22 ] } },
{ "type": "Feature", "properties": { "crs": 0.4304, "risk_tier": "medium", "colour": "#FFD600" }, "geometry": { "type": "Point", "coordinates": [ 6.51, 5.22 ] } },
{ "type": "Feature", "properties": { "crs": 0.4484, "risk_tier": "medium", "colour": "#FFD600" }, "geometry": { "type": "Point", "coordinates": [ 6.52, 5.22 ] } },
{ "type": "Feature", "properties": { "crs": 0.4251, "risk_tier": "medium", "colour": "#FFD600" }, "geometry": { "type": "Point", "coordinates": [ 6.53, 5.22 ] } },
{ "type": "Feature", "properties": { "crs": 0.4079, "risk_tier": "medium", "colour": "#FFD600" }, "geometry": { "type": "Point", "coordinates": [ 6.54, 5.22 ] } },
{ "type": "Feature", "properties": { "crs": 0.4079, "risk_tier": "medium", "colour": "#FFD600" }, "geometry": { "type": "Point", "coordinates": [ 6.55, 5.22 ] } },
{ "type": "Feature", "properties": { "crs": 0.3616, "risk_tier": "medium", "colour": "#FFD600" }, "geometry": { "type": "Point", "coordinates": [ 6.56, 5.22 ] } },
{ "type": "Feature", "properties": { "crs": 0.3651, "risk_tier": "medium", "colour": "#FFD600" }, "geometry": { "type": "Point", "coordinates": [ 6.57, 5.22 ] } },
{ "type": "Feature", "properties": { "crs": 0.3652, "risk_tier": "medium", "colour": "#FFD600" }, "geometry": { "type": "Point", "coordinates": [ 6.58, 5.22 ] } },
{ "type": "Feature", "properties": { "crs": 0.382, "risk_tier": "medium", "colour": "#FFD600" }, "geometry": { "type": "Point", "coordinates": [ 6.59, 5.22 ] } },
{ "type": "Feature", "properties": { "crs": 0.3691, "risk_tier": "medium", "colour": "#FFD600" }, "geometry": { "type": "Point", "coordinates": [ 6.6, 5.22 ] } },
{ "type": "Feature", "properties": { "crs": 0.3654, "risk_tier": "medium", "colour": "#FFD600" }, "geometry": { "type": "Point", "coordinates": [ 6.61, 5.22 ] } },
{ "type": "Feature", "properties": { "crs": 0.3685, "risk_tier": "medium", "colour": "#FFD600" }, "geometry": { "type": "Point", "coordinates": [ 6.62, 5.22 ] } },
{ "type": "Feature", "properties": { "crs": 0.2912, "risk_tier": "medium", "colour": "#FFD600" }, "geometry": { "type": "Point", "coordinates": [ 6.63, 5.22 ] } },
{ "type": "Feature", "properties": { "crs": 0.3059, "risk_tier": "medium", "colour": "#FFD600" }, "geometry": { "type": "Point", "coordinates": [ 6.64, 5.22 ] } },
{ "type": "Feature", "properties": { "crs": 0.306, "risk_tier": "medium", "colour": "#FFD600" }, "geometry": { "type": "Point", "coordinates": [ 6.65, 5.22 ] } },
{ "type": "Feature", "properties": { "crs": 0.2853, "risk_tier": "medium", "colour": "#FFD600" }, "geometry": { "type": "Point", "coordinates": [ 6.66, 5.22 ] } },
{ "type": "Feature", "properties": { "crs": 0.2864, "risk_tier": "medium", "colour": "#FFD600" }, "geometry": { "type": "Point", "coordinates": [ 6.67, 5.22 ] } },
{ "type": "Feature", "properties": { "crs": 0.2863, "risk_tier": "medium", "colour": "#FFD600" }, "geometry": { "type": "Point", "coordinates": [ 6.68, 5.22 ] } },
{ "type": "Feature", "properties": { "crs": 0.263, "risk_tier": "medium", "colour": "#FFD600" }, "geometry": { "type": "Point", "coordinates": [ 6.69, 5.22 ] } },
{ "type": "Feature", "properties": { "crs": 0.2696, "risk_tier": "medium", "colour": "#FFD600" }, "geometry": { "type": "Point", "coordinates": [ 6.7, 5.22 ] } },
{ "type": "Feature", "properties": { "crs": 0.2631, "risk_tier": "medium", "colour": "#FFD600" }, "geometry": { "type": "Point", "coordinates": [ 6.71, 5.22 ] } },
{ "type": "Feature", "properties": { "crs": 0.2699, "risk_tier": "medium", "colour": "#FFD600" }, "geometry": { "type": "Point", "coordinates": [ 6.72, 5.22 ] } },
{ "type": "Feature", "properties": { "crs": 0.2633, "risk_tier": "medium", "colour": "#FFD600" }, "geometry": { "type": "Point", "coordinates": [ 6.73, 5.22 ] } },
{ "type": "Feature", "properties": { "crs": 0.2633, "risk_tier": "medium", "colour": "#FFD600" }, "geometry": { "type": "Point", "coordinates": [ 6.74, 5.22 ] } },
{ "type": "Feature", "properties": { "crs": 0.2632, "risk_tier": "medium", "colour": "#FFD600" }, "geometry": { "type": "Point", "coordinates": [ 6.75, 5.22 ] } },
{ "type": "Feature", "properties": { "crs": 0.2428, "risk_tier": "low", "colour": "#69F0AE" }, "geometry": { "type": "Point", "coordinates": [ 6.76, 5.22 ] } },
{ "type": "Feature", "properties": { "crs": 0.2435, "risk_tier": "low", "colour": "#69F0AE" }, "geometry": { "type": "Point", "coordinates": [ 6.77, 5.22 ] } },
{ "type": "Feature", "properties": { "crs": 0.2285, "risk_tier": "low", "colour": "#69F0AE" }, "geometry": { "type": "Point", "coordinates": [ 6.78, 5.22 ] } },
{ "type": "Feature", "properties": { "crs": 0.2284, "risk_tier": "low", "colour": "#69F0AE" }, "geometry": { "type": "Point", "coordinates": [ 6.79, 5.22 ] } },
{ "type": "Feature", "properties": { "crs": 0.1522, "risk_tier": "low", "colour": "#69F0AE" }, "geometry": { "type": "Point", "coordinates": [ 6.38, 5.23 ] } },
{ "type": "Feature", "properties": { "crs": 0.2356, "risk_tier": "low", "colour": "#69F0AE" }, "geometry": { "type": "Point", "coordinates": [ 6.39, 5.23 ] } },
{ "type": "Feature", "properties": { "crs": 0.2761, "risk_tier": "medium", "colour": "#FFD600" }, "geometry": { "type": "Point", "coordinates": [ 6.4, 5.23 ] } },
{ "type": "Feature", "properties": { "crs": 0.2752, "risk_tier": "medium", "colour": "#FFD600" }, "geometry": { "type": "Point", "coordinates": [ 6.41, 5.23 ] } },
{ "type": "Feature", "properties": { "crs": 0.3015, "risk_tier": "medium", "colour": "#FFD600" }, "geometry": { "type": "Point", "coordinates": [ 6.42, 5.23 ] } },
{ "type": "Feature", "properties": { "crs": 0.3571, "risk_tier": "medium", "colour": "#FFD600" }, "geometry": { "type": "Point", "coordinates": [ 6.43, 5.23 ] } },
{ "type": "Feature", "properties": { "crs": 0.3885, "risk_tier": "medium", "colour": "#FFD600" }, "geometry": { "type": "Point", "coordinates": [ 6.44, 5.23 ] } },
{ "type": "Feature", "properties": { "crs": 0.3886, "risk_tier": "medium", "colour": "#FFD600" }, "geometry": { "type": "Point", "coordinates": [ 6.45, 5.23 ] } },
{ "type": "Feature", "properties": { "crs": 0.3817, "risk_tier": "medium", "colour": "#FFD600" }, "geometry": { "type": "Point", "coordinates": [ 6.46, 5.23 ] } },
{ "type": "Feature", "properties": { "crs": 0.3843, "risk_tier": "medium", "colour": "#FFD600" }, "geometry": { "type": "Point", "coordinates": [ 6.47, 5.23 ] } },
{ "type": "Feature", "properties": { "crs": 0.3833, "risk_tier": "medium", "colour": "#FFD600" }, "geometry": { "type": "Point", "coordinates": [ 6.48, 5.23 ] } },
{ "type": "Feature", "properties": { "crs": 0.3833, "risk_tier": "medium", "colour": "#FFD600" }, "geometry": { "type": "Point", "coordinates": [ 6.49, 5.23 ] } },
{ "type": "Feature", "properties": { "crs": 0.3566, "risk_tier": "medium", "colour": "#FFD600" }, "geometry": { "type": "Point", "coordinates": [ 6.5, 5.23 ] } },
{ "type": "Feature", "properties": { "crs": 0.4349, "risk_tier": "medium", "colour": "#FFD600" }, "geometry": { "type": "Point", "coordinates": [ 6.51, 5.23 ] } },
{ "type": "Feature", "properties": { "crs": 0.3692, "risk_tier": "medium", "colour": "#FFD600" }, "geometry": { "type": "Point", "coordinates": [ 6.52, 5.23 ] } },
{ "type": "Feature", "properties": { "crs": 0.3781, "risk_tier": "medium", "colour": "#FFD600" }, "geometry": { "type": "Point", "coordinates": [ 6.53, 5.23 ] } },
{ "type": "Feature", "properties": { "crs": 0.3615, "risk_tier": "medium", "colour": "#FFD600" }, "geometry": { "type": "Point", "coordinates": [ 6.54, 5.23 ] } },
{ "type": "Feature", "properties": { "crs": 0.3615, "risk_tier": "medium", "colour": "#FFD600" }, "geometry": { "type": "Point", "coordinates": [ 6.55, 5.23 ] } },
{ "type": "Feature", "properties": { "crs": 0.3616, "risk_tier": "medium", "colour": "#FFD600" }, "geometry": { "type": "Point", "coordinates": [ 6.56, 5.23 ] } },
{ "type": "Feature", "properties": { "crs": 0.3651, "risk_tier": "medium", "colour": "#FFD600" }, "geometry": { "type": "Point", "coordinates": [ 6.57, 5.23 ] } },
{ "type": "Feature", "properties": { "crs": 0.3652, "risk_tier": "medium", "colour": "#FFD600" }, "geometry": { "type": "Point", "coordinates": [ 6.58, 5.23 ] } },
{ "type": "Feature", "properties": { "crs": 0.382, "risk_tier": "medium", "colour": "#FFD600" }, "geometry": { "type": "Point", "coordinates": [ 6.59, 5.23 ] } },
{ "type": "Feature", "properties": { "crs": 0.3818, "risk_tier": "medium", "colour": "#FFD600" }, "geometry": { "type": "Point", "coordinates": [ 6.6, 5.23 ] } },
{ "type": "Feature", "properties": { "crs": 0.355, "risk_tier": "medium", "colour": "#FFD600" }, "geometry": { "type": "Point", "coordinates": [ 6.61, 5.23 ] } },
{ "type": "Feature", "properties": { "crs": 0.3721, "risk_tier": "medium", "colour": "#FFD600" }, "geometry": { "type": "Point", "coordinates": [ 6.62, 5.23 ] } },
{ "type": "Feature", "properties": { "crs": 0.2947, "risk_tier": "medium", "colour": "#FFD600" }, "geometry": { "type": "Point", "coordinates": [ 6.63, 5.23 ] } },
{ "type": "Feature", "properties": { "crs": 0.2948, "risk_tier": "medium", "colour": "#FFD600" }, "geometry": { "type": "Point", "coordinates": [ 6.64, 5.23 ] } },
{ "type": "Feature", "properties": { "crs": 0.2948, "risk_tier": "medium", "colour": "#FFD600" }, "geometry": { "type": "Point", "coordinates": [ 6.65, 5.23 ] } },
{ "type": "Feature", "properties": { "crs": 0.2852, "risk_tier": "medium", "colour": "#FFD600" }, "geometry": { "type": "Point", "coordinates": [ 6.66, 5.23 ] } },
{ "type": "Feature", "properties": { "crs": 0.2863, "risk_tier": "medium", "colour": "#FFD600" }, "geometry": { "type": "Point", "coordinates": [ 6.67, 5.23 ] } },
{ "type": "Feature", "properties": { "crs": 0.2863, "risk_tier": "medium", "colour": "#FFD600" }, "geometry": { "type": "Point", "coordinates": [ 6.68, 5.23 ] } },
{ "type": "Feature", "properties": { "crs": 0.263, "risk_tier": "medium", "colour": "#FFD600" }, "geometry": { "type": "Point", "coordinates": [ 6.69, 5.23 ] } },
{ "type": "Feature", "properties": { "crs": 0.263, "risk_tier": "medium", "colour": "#FFD600" }, "geometry": { "type": "Point", "coordinates": [ 6.7, 5.23 ] } },
{ "type": "Feature", "properties": { "crs": 0.2631, "risk_tier": "medium", "colour": "#FFD600" }, "geometry": { "type": "Point", "coordinates": [ 6.71, 5.23 ] } },
{ "type": "Feature", "properties": { "crs": 0.2633, "risk_tier": "medium", "colour": "#FFD600" }, "geometry": { "type": "Point", "coordinates": [ 6.72, 5.23 ] } },
{ "type": "Feature", "properties": { "crs": 0.2632, "risk_tier": "medium", "colour": "#FFD600" }, "geometry": { "type": "Point", "coordinates": [ 6.73, 5.23 ] } },
{ "type": "Feature", "properties": { "crs": 0.2632, "risk_tier": "medium", "colour": "#FFD600" }, "geometry": { "type": "Point", "coordinates": [ 6.74, 5.23 ] } },
{ "type": "Feature", "properties": { "crs": 0.2632, "risk_tier": "medium", "colour": "#FFD600" }, "geometry": { "type": "Point", "coordinates": [ 6.75, 5.23 ] } },
{ "type": "Feature", "properties": { "crs": 0.2667, "risk_tier": "medium", "colour": "#FFD600" }, "geometry": { "type": "Point", "coordinates": [ 6.76, 5.23 ] } },
{ "type": "Feature", "properties": { "crs": 0.2801, "risk_tier": "medium", "colour": "#FFD600" }, "geometry": { "type": "Point", "coordinates": [ 6.77, 5.23 ] } },
{ "type": "Feature", "properties": { "crs": 0.2641, "risk_tier": "medium", "colour": "#FFD600" }, "geometry": { "type": "Point", "coordinates": [ 6.78, 5.23 ] } },
{ "type": "Feature", "properties": { "crs": 0.264, "risk_tier": "medium", "colour": "#FFD600" }, "geometry": { "type": "Point", "coordinates": [ 6.79, 5.23 ] } },
{ "type": "Feature", "properties": { "crs": 0.2301, "risk_tier": "low", "colour": "#69F0AE" }, "geometry": { "type": "Point", "coordinates": [ 6.8, 5.23 ] } },
{ "type": "Feature", "properties": { "crs": 0.163, "risk_tier": "low", "colour": "#69F0AE" }, "geometry": { "type": "Point", "coordinates": [ 6.38, 5.24 ] } },
{ "type": "Feature", "properties": { "crs": 0.1631, "risk_tier": "low", "colour": "#69F0AE" }, "geometry": { "type": "Point", "coordinates": [ 6.39, 5.24 ] } },
{ "type": "Feature", "properties": { "crs": 0.1631, "risk_tier": "low", "colour": "#69F0AE" }, "geometry": { "type": "Point", "coordinates": [ 6.4, 5.24 ] } },
{ "type": "Feature", "properties": { "crs": 0.2762, "risk_tier": "medium", "colour": "#FFD600" }, "geometry": { "type": "Point", "coordinates": [ 6.41, 5.24 ] } },
{ "type": "Feature", "properties": { "crs": 0.2762, "risk_tier": "medium", "colour": "#FFD600" }, "geometry": { "type": "Point", "coordinates": [ 6.42, 5.24 ] } },
{ "type": "Feature", "properties": { "crs": 0.3355, "risk_tier": "medium", "colour": "#FFD600" }, "geometry": { "type": "Point", "coordinates": [ 6.43, 5.24 ] } },
{ "type": "Feature", "properties": { "crs": 0.3355, "risk_tier": "medium", "colour": "#FFD600" }, "geometry": { "type": "Point", "coordinates": [ 6.44, 5.24 ] } },
{ "type": "Feature", "properties": { "crs": 0.3356, "risk_tier": "medium", "colour": "#FFD600" }, "geometry": { "type": "Point", "coordinates": [ 6.45, 5.24 ] } },
{ "type": "Feature", "properties": { "crs": 0.3572, "risk_tier": "medium", "colour": "#FFD600" }, "geometry": { "type": "Point", "coordinates": [ 6.46, 5.24 ] } },
{ "type": "Feature", "properties": { "crs": 0.3573, "risk_tier": "medium", "colour": "#FFD600" }, "geometry": { "type": "Point", "coordinates": [ 6.47, 5.24 ] } },
{ "type": "Feature", "properties": { "crs": 0.3598, "risk_tier": "medium", "colour": "#FFD600" }, "geometry": { "type": "Point", "coordinates": [ 6.48, 5.24 ] } },
{ "type": "Feature", "properties": { "crs": 0.3599, "risk_tier": "medium", "colour": "#FFD600" }, "geometry": { "type": "Point", "coordinates": [ 6.49, 5.24 ] } },
{ "type": "Feature", "properties": { "crs": 0.332, "risk_tier": "medium", "colour": "#FFD600" }, "geometry": { "type": "Point", "coordinates": [ 6.5, 5.24 ] } },
{ "type": "Feature", "properties": { "crs": 0.288, "risk_tier": "medium", "colour": "#FFD600" }, "geometry": { "type": "Point", "coordinates": [ 6.51, 5.24 ] } },
{ "type": "Feature", "properties": { "crs": 0.2881, "risk_tier": "medium", "colour": "#FFD600" }, "geometry": { "type": "Point", "coordinates": [ 6.52, 5.24 ] } },
{ "type": "Feature", "properties": { "crs": 0.2881, "risk_tier": "medium", "colour": "#FFD600" }, "geometry": { "type": "Point", "coordinates": [ 6.53, 5.24 ] } },
{ "type": "Feature", "properties": { "crs": 0.3656, "risk_tier": "medium", "colour": "#FFD600" }, "geometry": { "type": "Point", "coordinates": [ 6.54, 5.24 ] } },
{ "type": "Feature", "properties": { "crs": 0.3615, "risk_tier": "medium", "colour": "#FFD600" }, "geometry": { "type": "Point", "coordinates": [ 6.55, 5.24 ] } },
{ "type": "Feature", "properties": { "crs": 0.3653, "risk_tier": "medium", "colour": "#FFD600" }, "geometry": { "type": "Point", "coordinates": [ 6.56, 5.24 ] } },
{ "type": "Feature", "properties": { "crs": 0.3689, "risk_tier": "medium", "colour": "#FFD600" }, "geometry": { "type": "Point", "coordinates": [ 6.57, 5.24 ] } },
{ "type": "Feature", "properties": { "crs": 0.365, "risk_tier": "medium", "colour": "#FFD600" }, "geometry": { "type": "Point", "coordinates": [ 6.58, 5.24 ] } },
{ "type": "Feature", "properties": { "crs": 0.3817, "risk_tier": "medium", "colour": "#FFD600" }, "geometry": { "type": "Point", "coordinates": [ 6.59, 5.24 ] } },
{ "type": "Feature", "properties": { "crs": 0.3818, "risk_tier": "medium", "colour": "#FFD600" }, "geometry": { "type": "Point", "coordinates": [ 6.6, 5.24 ] } },
{ "type": "Feature", "properties": { "crs": 0.3721, "risk_tier": "medium", "colour": "#FFD600" }, "geometry": { "type": "Point", "coordinates": [ 6.61, 5.24 ] } },
{ "type": "Feature", "properties": { "crs": 0.2947, "risk_tier": "medium", "colour": "#FFD600" }, "geometry": { "type": "Point", "coordinates": [ 6.62, 5.24 ] } },
{ "type": "Feature", "properties": { "crs": 0.2947, "risk_tier": "medium", "colour": "#FFD600" }, "geometry": { "type": "Point", "coordinates": [ 6.63, 5.24 ] } },
{ "type": "Feature", "properties": { "crs": 0.2948, "risk_tier": "medium", "colour": "#FFD600" }, "geometry": { "type": "Point", "coordinates": [ 6.64, 5.24 ] } },
{ "type": "Feature", "properties": { "crs": 0.2785, "risk_tier": "medium", "colour": "#FFD600" }, "geometry": { "type": "Point", "coordinates": [ 6.65, 5.24 ] } },
{ "type": "Feature", "properties": { "crs": 0.3028, "risk_tier": "medium", "colour": "#FFD600" }, "geometry": { "type": "Point", "coordinates": [ 6.66, 5.24 ] } },
{ "type": "Feature", "properties": { "crs": 0.3028, "risk_tier": "medium", "colour": "#FFD600" }, "geometry": { "type": "Point", "coordinates": [ 6.67, 5.24 ] } },
{ "type": "Feature", "properties": { "crs": 0.2865, "risk_tier": "medium", "colour": "#FFD600" }, "geometry": { "type": "Point", "coordinates": [ 6.68, 5.24 ] } },
{ "type": "Feature", "properties": { "crs": 0.263, "risk_tier": "medium", "colour": "#FFD600" }, "geometry": { "type": "Point", "coordinates": [ 6.69, 5.24 ] } },
{ "type": "Feature", "properties": { "crs": 0.2629, "risk_tier": "medium", "colour": "#FFD600" }, "geometry": { "type": "Point", "coordinates": [ 6.7, 5.24 ] } },
{ "type": "Feature", "properties": { "crs": 0.2632, "risk_tier": "medium", "colour": "#FFD600" }, "geometry": { "type": "Point", "coordinates": [ 6.71, 5.24 ] } },
{ "type": "Feature", "properties": { "crs": 0.2699, "risk_tier": "medium", "colour": "#FFD600" }, "geometry": { "type": "Point", "coordinates": [ 6.72, 5.24 ] } },
{ "type": "Feature", "properties": { "crs": 0.2698, "risk_tier": "medium", "colour": "#FFD600" }, "geometry": { "type": "Point", "coordinates": [ 6.73, 5.24 ] } },
{ "type": "Feature", "properties": { "crs": 0.2632, "risk_tier": "medium", "colour": "#FFD600" }, "geometry": { "type": "Point", "coordinates": [ 6.74, 5.24 ] } },
{ "type": "Feature", "properties": { "crs": 0.2632, "risk_tier": "medium", "colour": "#FFD600" }, "geometry": { "type": "Point", "coordinates": [ 6.75, 5.24 ] } },
{ "type": "Feature", "properties": { "crs": 0.2632, "risk_tier": "medium", "colour": "#FFD600" }, "geometry": { "type": "Point", "coordinates": [ 6.76, 5.24 ] } },
{ "type": "Feature", "properties": { "crs": 0.2792, "risk_tier": "medium", "colour": "#FFD600" }, "geometry": { "type": "Point", "coordinates": [ 6.77, 5.24 ] } },
{ "type": "Feature", "properties": { "crs": 0.2641, "risk_tier": "medium", "colour": "#FFD600" }, "geometry": { "type": "Point", "coordinates": [ 6.78, 5.24 ] } },
{ "type": "Feature", "properties": { "crs": 0.264, "risk_tier": "medium", "colour": "#FFD600" }, "geometry": { "type": "Point", "coordinates": [ 6.79, 5.24 ] } },
{ "type": "Feature", "properties": { "crs": 0.264, "risk_tier": "medium", "colour": "#FFD600" }, "geometry": { "type": "Point", "coordinates": [ 6.8, 5.24 ] } },
{ "type": "Feature", "properties": { "crs": 0.264, "risk_tier": "medium", "colour": "#FFD600" }, "geometry": { "type": "Point", "coordinates": [ 6.81, 5.24 ] } },
{ "type": "Feature", "properties": { "crs": 0.1631, "risk_tier": "low", "colour": "#69F0AE" }, "geometry": { "type": "Point", "coordinates": [ 6.38, 5.25 ] } },
{ "type": "Feature", "properties": { "crs": 0.1631, "risk_tier": "low", "colour": "#69F0AE" }, "geometry": { "type": "Point", "coordinates": [ 6.39, 5.25 ] } },
{ "type": "Feature", "properties": { "crs": 0.1631, "risk_tier": "low", "colour": "#69F0AE" }, "geometry": { "type": "Point", "coordinates": [ 6.4, 5.25 ] } },
{ "type": "Feature", "properties": { "crs": 0.1658, "risk_tier": "low", "colour": "#69F0AE" }, "geometry": { "type": "Point", "coordinates": [ 6.41, 5.25 ] } },
{ "type": "Feature", "properties": { "crs": 0.2335, "risk_tier": "low", "colour": "#69F0AE" }, "geometry": { "type": "Point", "coordinates": [ 6.42, 5.25 ] } },
{ "type": "Feature", "properties": { "crs": 0.3364, "risk_tier": "medium", "colour": "#FFD600" }, "geometry": { "type": "Point", "coordinates": [ 6.43, 5.25 ] } },
{ "type": "Feature", "properties": { "crs": 0.3356, "risk_tier": "medium", "colour": "#FFD600" }, "geometry": { "type": "Point", "coordinates": [ 6.44, 5.25 ] } },
{ "type": "Feature", "properties": { "crs": 0.3356, "risk_tier": "medium", "colour": "#FFD600" }, "geometry": { "type": "Point", "coordinates": [ 6.45, 5.25 ] } },
{ "type": "Feature", "properties": { "crs": 0.3357, "risk_tier": "medium", "colour": "#FFD600" }, "geometry": { "type": "Point", "coordinates": [ 6.46, 5.25 ] } },
{ "type": "Feature", "properties": { "crs": 0.3602, "risk_tier": "medium", "colour": "#FFD600" }, "geometry": { "type": "Point", "coordinates": [ 6.47, 5.25 ] } },
{ "type": "Feature", "properties": { "crs": 0.3155, "risk_tier": "medium", "colour": "#FFD600" }, "geometry": { "type": "Point", "coordinates": [ 6.48, 5.25 ] } },
{ "type": "Feature", "properties": { "crs": 0.3156, "risk_tier": "medium", "colour": "#FFD600" }, "geometry": { "type": "Point", "coordinates": [ 6.49, 5.25 ] } },
{ "type": "Feature", "properties": { "crs": 0.2858, "risk_tier": "medium", "colour": "#FFD600" }, "geometry": { "type": "Point", "coordinates": [ 6.5, 5.25 ] } },
{ "type": "Feature", "properties": { "crs": 0.3125, "risk_tier": "medium", "colour": "#FFD600" }, "geometry": { "type": "Point", "coordinates": [ 6.51, 5.25 ] } },
{ "type": "Feature", "properties": { "crs": 0.3116, "risk_tier": "medium", "colour": "#FFD600" }, "geometry": { "type": "Point", "coordinates": [ 6.52, 5.25 ] } },
{ "type": "Feature", "properties": { "crs": 0.3047, "risk_tier": "medium", "colour": "#FFD600" }, "geometry": { "type": "Point", "coordinates": [ 6.53, 5.25 ] } },
{ "type": "Feature", "properties": { "crs": 0.3047, "risk_tier": "medium", "colour": "#FFD600" }, "geometry": { "type": "Point", "coordinates": [ 6.54, 5.25 ] } },
{ "type": "Feature", "properties": { "crs": 0.3048, "risk_tier": "medium", "colour": "#FFD600" }, "geometry": { "type": "Point", "coordinates": [ 6.55, 5.25 ] } },
{ "type": "Feature", "properties": { "crs": 0.3824, "risk_tier": "medium", "colour": "#FFD600" }, "geometry": { "type": "Point", "coordinates": [ 6.56, 5.25 ] } },
{ "type": "Feature", "properties": { "crs": 0.3857, "risk_tier": "medium", "colour": "#FFD600" }, "geometry": { "type": "Point", "coordinates": [ 6.57, 5.25 ] } },
{ "type": "Feature", "properties": { "crs": 0.3857, "risk_tier": "medium", "colour": "#FFD600" }, "geometry": { "type": "Point", "coordinates": [ 6.58, 5.25 ] } },
{ "type": "Feature", "properties": { "crs": 0.3858, "risk_tier": "medium", "colour": "#FFD600" }, "geometry": { "type": "Point", "coordinates": [ 6.59, 5.25 ] } },
{ "type": "Feature", "properties": { "crs": 0.2947, "risk_tier": "medium", "colour": "#FFD600" }, "geometry": { "type": "Point", "coordinates": [ 6.6, 5.25 ] } },
{ "type": "Feature", "properties": { "crs": 0.2948, "risk_tier": "medium", "colour": "#FFD600" }, "geometry": { "type": "Point", "coordinates": [ 6.61, 5.25 ] } },
{ "type": "Feature", "properties": { "crs": 0.2948, "risk_tier": "medium", "colour": "#FFD600" }, "geometry": { "type": "Point", "coordinates": [ 6.62, 5.25 ] } },
{ "type": "Feature", "properties": { "crs": 0.2949, "risk_tier": "medium", "colour": "#FFD600" }, "geometry": { "type": "Point", "coordinates": [ 6.63, 5.25 ] } },
{ "type": "Feature", "properties": { "crs": 0.282, "risk_tier": "medium", "colour": "#FFD600" }, "geometry": { "type": "Point", "coordinates": [ 6.64, 5.25 ] } },
{ "type": "Feature", "properties": { "crs": 0.2851, "risk_tier": "medium", "colour": "#FFD600" }, "geometry": { "type": "Point", "coordinates": [ 6.65, 5.25 ] } },
{ "type": "Feature", "properties": { "crs": 0.2901, "risk_tier": "medium", "colour": "#FFD600" }, "geometry": { "type": "Point", "coordinates": [ 6.66, 5.25 ] } },
{ "type": "Feature", "properties": { "crs": 0.2864, "risk_tier": "medium", "colour": "#FFD600" }, "geometry": { "type": "Point", "coordinates": [ 6.67, 5.25 ] } },
{ "type": "Feature", "properties": { "crs": 0.2864, "risk_tier": "medium", "colour": "#FFD600" }, "geometry": { "type": "Point", "coordinates": [ 6.68, 5.25 ] } },
{ "type": "Feature", "properties": { "crs": 0.263, "risk_tier": "medium", "colour": "#FFD600" }, "geometry": { "type": "Point", "coordinates": [ 6.69, 5.25 ] } },
{ "type": "Feature", "properties": { "crs": 0.263, "risk_tier": "medium", "colour": "#FFD600" }, "geometry": { "type": "Point", "coordinates": [ 6.7, 5.25 ] } },
{ "type": "Feature", "properties": { "crs": 0.2633, "risk_tier": "medium", "colour": "#FFD600" }, "geometry": { "type": "Point", "coordinates": [ 6.71, 5.25 ] } },
{ "type": "Feature", "properties": { "crs": 0.2632, "risk_tier": "medium", "colour": "#FFD600" }, "geometry": { "type": "Point", "coordinates": [ 6.72, 5.25 ] } },
{ "type": "Feature", "properties": { "crs": 0.2698, "risk_tier": "medium", "colour": "#FFD600" }, "geometry": { "type": "Point", "coordinates": [ 6.73, 5.25 ] } },
{ "type": "Feature", "properties": { "crs": 0.2631, "risk_tier": "medium", "colour": "#FFD600" }, "geometry": { "type": "Point", "coordinates": [ 6.74, 5.25 ] } },
{ "type": "Feature", "properties": { "crs": 0.2632, "risk_tier": "medium", "colour": "#FFD600" }, "geometry": { "type": "Point", "coordinates": [ 6.75, 5.25 ] } },
{ "type": "Feature", "properties": { "crs": 0.2632, "risk_tier": "medium", "colour": "#FFD600" }, "geometry": { "type": "Point", "coordinates": [ 6.76, 5.25 ] } },
{ "type": "Feature", "properties": { "crs": 0.2792, "risk_tier": "medium", "colour": "#FFD600" }, "geometry": { "type": "Point", "coordinates": [ 6.77, 5.25 ] } },
{ "type": "Feature", "properties": { "crs": 0.2676, "risk_tier": "medium", "colour": "#FFD600" }, "geometry": { "type": "Point", "coordinates": [ 6.78, 5.25 ] } },
{ "type": "Feature", "properties": { "crs": 0.264, "risk_tier": "medium", "colour": "#FFD600" }, "geometry": { "type": "Point", "coordinates": [ 6.79, 5.25 ] } },
{ "type": "Feature", "properties": { "crs": 0.264, "risk_tier": "medium", "colour": "#FFD600" }, "geometry": { "type": "Point", "coordinates": [ 6.8, 5.25 ] } },
{ "type": "Feature", "properties": { "crs": 0.264, "risk_tier": "medium", "colour": "#FFD600" }, "geometry": { "type": "Point", "coordinates": [ 6.81, 5.25 ] } },
{ "type": "Feature", "properties": { "crs": 0.28, "risk_tier": "medium", "colour": "#FFD600" }, "geometry": { "type": "Point", "coordinates": [ 6.82, 5.25 ] } },
{ "type": "Feature", "properties": { "crs": 0.1744, "risk_tier": "low", "colour": "#69F0AE" }, "geometry": { "type": "Point", "coordinates": [ 6.38, 5.26 ] } },
{ "type": "Feature", "properties": { "crs": 0.1744, "risk_tier": "low", "colour": "#69F0AE" }, "geometry": { "type": "Point", "coordinates": [ 6.39, 5.26 ] } },
{ "type": "Feature", "properties": { "crs": 0.1659, "risk_tier": "low", "colour": "#69F0AE" }, "geometry": { "type": "Point", "coordinates": [ 6.4, 5.26 ] } },
{ "type": "Feature", "properties": { "crs": 0.1744, "risk_tier": "low", "colour": "#69F0AE" }, "geometry": { "type": "Point", "coordinates": [ 6.41, 5.26 ] } },
{ "type": "Feature", "properties": { "crs": 0.1632, "risk_tier": "low", "colour": "#69F0AE" }, "geometry": { "type": "Point", "coordinates": [ 6.42, 5.26 ] } },
{ "type": "Feature", "properties": { "crs": 0.2335, "risk_tier": "low", "colour": "#69F0AE" }, "geometry": { "type": "Point", "coordinates": [ 6.43, 5.26 ] } },
{ "type": "Feature", "properties": { "crs": 0.2751, "risk_tier": "medium", "colour": "#FFD600" }, "geometry": { "type": "Point", "coordinates": [ 6.44, 5.26 ] } },
{ "type": "Feature", "properties": { "crs": 0.2752, "risk_tier": "medium", "colour": "#FFD600" }, "geometry": { "type": "Point", "coordinates": [ 6.45, 5.26 ] } },
{ "type": "Feature", "properties": { "crs": 0.2888, "risk_tier": "medium", "colour": "#FFD600" }, "geometry": { "type": "Point", "coordinates": [ 6.46, 5.26 ] } },
{ "type": "Feature", "properties": { "crs": 0.2752, "risk_tier": "medium", "colour": "#FFD600" }, "geometry": { "type": "Point", "coordinates": [ 6.47, 5.26 ] } },
{ "type": "Feature", "properties": { "crs": 0.2776, "risk_tier": "medium", "colour": "#FFD600" }, "geometry": { "type": "Point", "coordinates": [ 6.48, 5.26 ] } },
{ "type": "Feature", "properties": { "crs": 0.2779, "risk_tier": "medium", "colour": "#FFD600" }, "geometry": { "type": "Point", "coordinates": [ 6.49, 5.26 ] } },
{ "type": "Feature", "properties": { "crs": 0.278, "risk_tier": "medium", "colour": "#FFD600" }, "geometry": { "type": "Point", "coordinates": [ 6.5, 5.26 ] } },
{ "type": "Feature", "properties": { "crs": 0.2859, "risk_tier": "medium", "colour": "#FFD600" }, "geometry": { "type": "Point", "coordinates": [ 6.51, 5.26 ] } },
{ "type": "Feature", "properties": { "crs": 0.2987, "risk_tier": "medium", "colour": "#FFD600" }, "geometry": { "type": "Point", "coordinates": [ 6.52, 5.26 ] } },
{ "type": "Feature", "properties": { "crs": 0.2977, "risk_tier": "medium", "colour": "#FFD600" }, "geometry": { "type": "Point", "coordinates": [ 6.53, 5.26 ] } },
{ "type": "Feature", "properties": { "crs": 0.2746, "risk_tier": "medium", "colour": "#FFD600" }, "geometry": { "type": "Point", "coordinates": [ 6.54, 5.26 ] } },
{ "type": "Feature", "properties": { "crs": 0.3046, "risk_tier": "medium", "colour": "#FFD600" }, "geometry": { "type": "Point", "coordinates": [ 6.55, 5.26 ] } },
{ "type": "Feature", "properties": { "crs": 0.3046, "risk_tier": "medium", "colour": "#FFD600" }, "geometry": { "type": "Point", "coordinates": [ 6.56, 5.26 ] } },
{ "type": "Feature", "properties": { "crs": 0.2943, "risk_tier": "medium", "colour": "#FFD600" }, "geometry": { "type": "Point", "coordinates": [ 6.57, 5.26 ] } },
{ "type": "Feature", "properties": { "crs": 0.3082, "risk_tier": "medium", "colour": "#FFD600" }, "geometry": { "type": "Point", "coordinates": [ 6.58, 5.26 ] } },
{ "type": "Feature", "properties": { "crs": 0.2944, "risk_tier": "medium", "colour": "#FFD600" }, "geometry": { "type": "Point", "coordinates": [ 6.59, 5.26 ] } },
{ "type": "Feature", "properties": { "crs": 0.2947, "risk_tier": "medium", "colour": "#FFD600" }, "geometry": { "type": "Point", "coordinates": [ 6.6, 5.26 ] } },
{ "type": "Feature", "properties": { "crs": 0.2948, "risk_tier": "medium", "colour": "#FFD600" }, "geometry": { "type": "Point", "coordinates": [ 6.61, 5.26 ] } },
{ "type": "Feature", "properties": { "crs": 0.2821, "risk_tier": "medium", "colour": "#FFD600" }, "geometry": { "type": "Point", "coordinates": [ 6.62, 5.26 ] } },
{ "type": "Feature", "properties": { "crs": 0.2785, "risk_tier": "medium", "colour": "#FFD600" }, "geometry": { "type": "Point", "coordinates": [ 6.63, 5.26 ] } },
{ "type": "Feature", "properties": { "crs": 0.2786, "risk_tier": "medium", "colour": "#FFD600" }, "geometry": { "type": "Point", "coordinates": [ 6.64, 5.26 ] } },
{ "type": "Feature", "properties": { "crs": 0.3018, "risk_tier": "medium", "colour": "#FFD600" }, "geometry": { "type": "Point", "coordinates": [ 6.65, 5.26 ] } },
{ "type": "Feature", "properties": { "crs": 0.3018, "risk_tier": "medium", "colour": "#FFD600" }, "geometry": { "type": "Point", "coordinates": [ 6.66, 5.26 ] } },
{ "type": "Feature", "properties": { "crs": 0.3029, "risk_tier": "medium", "colour": "#FFD600" }, "geometry": { "type": "Point", "coordinates": [ 6.67, 5.26 ] } },
{ "type": "Feature", "properties": { "crs": 0.2864, "risk_tier": "medium", "colour": "#FFD600" }, "geometry": { "type": "Point", "coordinates": [ 6.68, 5.26 ] } },
{ "type": "Feature", "properties": { "crs": 0.2864, "risk_tier": "medium", "colour": "#FFD600" }, "geometry": { "type": "Point", "coordinates": [ 6.69, 5.26 ] } },
{ "type": "Feature", "properties": { "crs": 0.2632, "risk_tier": "medium", "colour": "#FFD600" }, "geometry": { "type": "Point", "coordinates": [ 6.7, 5.26 ] } },
{ "type": "Feature", "properties": { "crs": 0.2633, "risk_tier": "medium", "colour": "#FFD600" }, "geometry": { "type": "Point", "coordinates": [ 6.71, 5.26 ] } },
{ "type": "Feature", "properties": { "crs": 0.2631, "risk_tier": "medium", "colour": "#FFD600" }, "geometry": { "type": "Point", "coordinates": [ 6.72, 5.26 ] } },
{ "type": "Feature", "properties": { "crs": 0.2821, "risk_tier": "medium", "colour": "#FFD600" }, "geometry": { "type": "Point", "coordinates": [ 6.73, 5.26 ] } },
{ "type": "Feature", "properties": { "crs": 0.2822, "risk_tier": "medium", "colour": "#FFD600" }, "geometry": { "type": "Point", "coordinates": [ 6.74, 5.26 ] } },
{ "type": "Feature", "properties": { "crs": 0.2632, "risk_tier": "medium", "colour": "#FFD600" }, "geometry": { "type": "Point", "coordinates": [ 6.75, 5.26 ] } },
{ "type": "Feature", "properties": { "crs": 0.2632, "risk_tier": "medium", "colour": "#FFD600" }, "geometry": { "type": "Point", "coordinates": [ 6.76, 5.26 ] } },
{ "type": "Feature", "properties": { "crs": 0.2946, "risk_tier": "medium", "colour": "#FFD600" }, "geometry": { "type": "Point", "coordinates": [ 6.77, 5.26 ] } },
{ "type": "Feature", "properties": { "crs": 0.2801, "risk_tier": "medium", "colour": "#FFD600" }, "geometry": { "type": "Point", "coordinates": [ 6.78, 5.26 ] } },
{ "type": "Feature", "properties": { "crs": 0.264, "risk_tier": "medium", "colour": "#FFD600" }, "geometry": { "type": "Point", "coordinates": [ 6.79, 5.26 ] } },
{ "type": "Feature", "properties": { "crs": 0.264, "risk_tier": "medium", "colour": "#FFD600" }, "geometry": { "type": "Point", "coordinates": [ 6.8, 5.26 ] } },
{ "type": "Feature", "properties": { "crs": 0.2675, "risk_tier": "medium", "colour": "#FFD600" }, "geometry": { "type": "Point", "coordinates": [ 6.81, 5.26 ] } },
{ "type": "Feature", "properties": { "crs": 0.28, "risk_tier": "medium", "colour": "#FFD600" }, "geometry": { "type": "Point", "coordinates": [ 6.82, 5.26 ] } },
{ "type": "Feature", "properties": { "crs": 0.2481, "risk_tier": "low", "colour": "#69F0AE" }, "geometry": { "type": "Point", "coordinates": [ 6.83, 5.26 ] } },
{ "type": "Feature", "properties": { "crs": 0.1659, "risk_tier": "low", "colour": "#69F0AE" }, "geometry": { "type": "Point", "coordinates": [ 6.38, 5.27 ] } },
{ "type": "Feature", "properties": { "crs": 0.1659, "risk_tier": "low", "colour": "#69F0AE" }, "geometry": { "type": "Point", "coordinates": [ 6.39, 5.27 ] } },
{ "type": "Feature", "properties": { "crs": 0.1632, "risk_tier": "low", "colour": "#69F0AE" }, "geometry": { "type": "Point", "coordinates": [ 6.4, 5.27 ] } },
{ "type": "Feature", "properties": { "crs": 0.1632, "risk_tier": "low", "colour": "#69F0AE" }, "geometry": { "type": "Point", "coordinates": [ 6.41, 5.27 ] } },
{ "type": "Feature", "properties": { "crs": 0.1633, "risk_tier": "low", "colour": "#69F0AE" }, "geometry": { "type": "Point", "coordinates": [ 6.42, 5.27 ] } },
{ "type": "Feature", "properties": { "crs": 0.1632, "risk_tier": "low", "colour": "#69F0AE" }, "geometry": { "type": "Point", "coordinates": [ 6.43, 5.27 ] } },
{ "type": "Feature", "properties": { "crs": 0.1624, "risk_tier": "low", "colour": "#69F0AE" }, "geometry": { "type": "Point", "coordinates": [ 6.44, 5.27 ] } },
{ "type": "Feature", "properties": { "crs": 0.1624, "risk_tier": "low", "colour": "#69F0AE" }, "geometry": { "type": "Point", "coordinates": [ 6.45, 5.27 ] } },
{ "type": "Feature", "properties": { "crs": 0.2466, "risk_tier": "low", "colour": "#69F0AE" }, "geometry": { "type": "Point", "coordinates": [ 6.46, 5.27 ] } },
{ "type": "Feature", "properties": { "crs": 0.2903, "risk_tier": "medium", "colour": "#FFD600" }, "geometry": { "type": "Point", "coordinates": [ 6.47, 5.27 ] } },
{ "type": "Feature", "properties": { "crs": 0.2904, "risk_tier": "medium", "colour": "#FFD600" }, "geometry": { "type": "Point", "coordinates": [ 6.48, 5.27 ] } },
{ "type": "Feature", "properties": { "crs": 0.2779, "risk_tier": "medium", "colour": "#FFD600" }, "geometry": { "type": "Point", "coordinates": [ 6.49, 5.27 ] } },
{ "type": "Feature", "properties": { "crs": 0.278, "risk_tier": "medium", "colour": "#FFD600" }, "geometry": { "type": "Point", "coordinates": [ 6.5, 5.27 ] } },
{ "type": "Feature", "properties": { "crs": 0.259, "risk_tier": "medium", "colour": "#FFD600" }, "geometry": { "type": "Point", "coordinates": [ 6.51, 5.27 ] } },
{ "type": "Feature", "properties": { "crs": 0.2825, "risk_tier": "medium", "colour": "#FFD600" }, "geometry": { "type": "Point", "coordinates": [ 6.52, 5.27 ] } },
{ "type": "Feature", "properties": { "crs": 0.2826, "risk_tier": "medium", "colour": "#FFD600" }, "geometry": { "type": "Point", "coordinates": [ 6.53, 5.27 ] } },
{ "type": "Feature", "properties": { "crs": 0.285, "risk_tier": "medium", "colour": "#FFD600" }, "geometry": { "type": "Point", "coordinates": [ 6.54, 5.27 ] } },
{ "type": "Feature", "properties": { "crs": 0.3046, "risk_tier": "medium", "colour": "#FFD600" }, "geometry": { "type": "Point", "coordinates": [ 6.55, 5.27 ] } },
{ "type": "Feature", "properties": { "crs": 0.2908, "risk_tier": "medium", "colour": "#FFD600" }, "geometry": { "type": "Point", "coordinates": [ 6.56, 5.27 ] } },
{ "type": "Feature", "properties": { "crs": 0.2943, "risk_tier": "medium", "colour": "#FFD600" }, "geometry": { "type": "Point", "coordinates": [ 6.57, 5.27 ] } },
{ "type": "Feature", "properties": { "crs": 0.2783, "risk_tier": "medium", "colour": "#FFD600" }, "geometry": { "type": "Point", "coordinates": [ 6.58, 5.27 ] } },
{ "type": "Feature", "properties": { "crs": 0.2783, "risk_tier": "medium", "colour": "#FFD600" }, "geometry": { "type": "Point", "coordinates": [ 6.59, 5.27 ] } },
{ "type": "Feature", "properties": { "crs": 0.2784, "risk_tier": "medium", "colour": "#FFD600" }, "geometry": { "type": "Point", "coordinates": [ 6.6, 5.27 ] } },
{ "type": "Feature", "properties": { "crs": 0.2948, "risk_tier": "medium", "colour": "#FFD600" }, "geometry": { "type": "Point", "coordinates": [ 6.61, 5.27 ] } },
{ "type": "Feature", "properties": { "crs": 0.2821, "risk_tier": "medium", "colour": "#FFD600" }, "geometry": { "type": "Point", "coordinates": [ 6.62, 5.27 ] } },
{ "type": "Feature", "properties": { "crs": 0.2785, "risk_tier": "medium", "colour": "#FFD600" }, "geometry": { "type": "Point", "coordinates": [ 6.63, 5.27 ] } },
{ "type": "Feature", "properties": { "crs": 0.2786, "risk_tier": "medium", "colour": "#FFD600" }, "geometry": { "type": "Point", "coordinates": [ 6.64, 5.27 ] } },
{ "type": "Feature", "properties": { "crs": 0.2786, "risk_tier": "medium", "colour": "#FFD600" }, "geometry": { "type": "Point", "coordinates": [ 6.65, 5.27 ] } },
{ "type": "Feature", "properties": { "crs": 0.2854, "risk_tier": "medium", "colour": "#FFD600" }, "geometry": { "type": "Point", "coordinates": [ 6.66, 5.27 ] } },
{ "type": "Feature", "properties": { "crs": 0.3029, "risk_tier": "medium", "colour": "#FFD600" }, "geometry": { "type": "Point", "coordinates": [ 6.67, 5.27 ] } },
{ "type": "Feature", "properties": { "crs": 0.3029, "risk_tier": "medium", "colour": "#FFD600" }, "geometry": { "type": "Point", "coordinates": [ 6.68, 5.27 ] } },
{ "type": "Feature", "properties": { "crs": 0.3031, "risk_tier": "medium", "colour": "#FFD600" }, "geometry": { "type": "Point", "coordinates": [ 6.69, 5.27 ] } },
{ "type": "Feature", "properties": { "crs": 0.2867, "risk_tier": "medium", "colour": "#FFD600" }, "geometry": { "type": "Point", "coordinates": [ 6.7, 5.27 ] } },
{ "type": "Feature", "properties": { "crs": 0.2632, "risk_tier": "medium", "colour": "#FFD600" }, "geometry": { "type": "Point", "coordinates": [ 6.71, 5.27 ] } },
{ "type": "Feature", "properties": { "crs": 0.2822, "risk_tier": "medium", "colour": "#FFD600" }, "geometry": { "type": "Point", "coordinates": [ 6.72, 5.27 ] } },
{ "type": "Feature", "properties": { "crs": 0.2821, "risk_tier": "medium", "colour": "#FFD600" }, "geometry": { "type": "Point", "coordinates": [ 6.73, 5.27 ] } },
{ "type": "Feature", "properties": { "crs": 0.2822, "risk_tier": "medium", "colour": "#FFD600" }, "geometry": { "type": "Point", "coordinates": [ 6.74, 5.27 ] } },
{ "type": "Feature", "properties": { "crs": 0.2822, "risk_tier": "medium", "colour": "#FFD600" }, "geometry": { "type": "Point", "coordinates": [ 6.75, 5.27 ] } },
{ "type": "Feature", "properties": { "crs": 0.2822, "risk_tier": "medium", "colour": "#FFD600" }, "geometry": { "type": "Point", "coordinates": [ 6.76, 5.27 ] } },
{ "type": "Feature", "properties": { "crs": 0.2946, "risk_tier": "medium", "colour": "#FFD600" }, "geometry": { "type": "Point", "coordinates": [ 6.77, 5.27 ] } },
{ "type": "Feature", "properties": { "crs": 0.2801, "risk_tier": "medium", "colour": "#FFD600" }, "geometry": { "type": "Point", "coordinates": [ 6.78, 5.27 ] } },
{ "type": "Feature", "properties": { "crs": 0.264, "risk_tier": "medium", "colour": "#FFD600" }, "geometry": { "type": "Point", "coordinates": [ 6.79, 5.27 ] } },
{ "type": "Feature", "properties": { "crs": 0.264, "risk_tier": "medium", "colour": "#FFD600" }, "geometry": { "type": "Point", "coordinates": [ 6.8, 5.27 ] } },
{ "type": "Feature", "properties": { "crs": 0.264, "risk_tier": "medium", "colour": "#FFD600" }, "geometry": { "type": "Point", "coordinates": [ 6.81, 5.27 ] } },
{ "type": "Feature", "properties": { "crs": 0.264, "risk_tier": "medium", "colour": "#FFD600" }, "geometry": { "type": "Point", "coordinates": [ 6.82, 5.27 ] } },
{ "type": "Feature", "properties": { "crs": 0.264, "risk_tier": "medium", "colour": "#FFD600" }, "geometry": { "type": "Point", "coordinates": [ 6.83, 5.27 ] } },
{ "type": "Feature", "properties": { "crs": 0.1632, "risk_tier": "low", "colour": "#69F0AE" }, "geometry": { "type": "Point", "coordinates": [ 6.38, 5.28 ] } },
{ "type": "Feature", "properties": { "crs": 0.1632, "risk_tier": "low", "colour": "#69F0AE" }, "geometry": { "type": "Point", "coordinates": [ 6.39, 5.28 ] } },
{ "type": "Feature", "properties": { "crs": 0.1632, "risk_tier": "low", "colour": "#69F0AE" }, "geometry": { "type": "Point", "coordinates": [ 6.4, 5.28 ] } },
{ "type": "Feature", "properties": { "crs": 0.1633, "risk_tier": "low", "colour": "#69F0AE" }, "geometry": { "type": "Point", "coordinates": [ 6.41, 5.28 ] } },
{ "type": "Feature", "properties": { "crs": 0.1633, "risk_tier": "low", "colour": "#69F0AE" }, "geometry": { "type": "Point", "coordinates": [ 6.42, 5.28 ] } },
{ "type": "Feature", "properties": { "crs": 0.1633, "risk_tier": "low", "colour": "#69F0AE" }, "geometry": { "type": "Point", "coordinates": [ 6.43, 5.28 ] } },
{ "type": "Feature", "properties": { "crs": 0.1634, "risk_tier": "low", "colour": "#69F0AE" }, "geometry": { "type": "Point", "coordinates": [ 6.44, 5.28 ] } },
{ "type": "Feature", "properties": { "crs": 0.1624, "risk_tier": "low", "colour": "#69F0AE" }, "geometry": { "type": "Point", "coordinates": [ 6.45, 5.28 ] } },
{ "type": "Feature", "properties": { "crs": 0.1624, "risk_tier": "low", "colour": "#69F0AE" }, "geometry": { "type": "Point", "coordinates": [ 6.46, 5.28 ] } },
{ "type": "Feature", "properties": { "crs": 0.2467, "risk_tier": "low", "colour": "#69F0AE" }, "geometry": { "type": "Point", "coordinates": [ 6.47, 5.28 ] } },
{ "type": "Feature", "properties": { "crs": 0.2904, "risk_tier": "medium", "colour": "#FFD600" }, "geometry": { "type": "Point", "coordinates": [ 6.48, 5.28 ] } },
{ "type": "Feature", "properties": { "crs": 0.278, "risk_tier": "medium", "colour": "#FFD600" }, "geometry": { "type": "Point", "coordinates": [ 6.49, 5.28 ] } },
{ "type": "Feature", "properties": { "crs": 0.259, "risk_tier": "medium", "colour": "#FFD600" }, "geometry": { "type": "Point", "coordinates": [ 6.5, 5.28 ] } },
{ "type": "Feature", "properties": { "crs": 0.259, "risk_tier": "medium", "colour": "#FFD600" }, "geometry": { "type": "Point", "coordinates": [ 6.51, 5.28 ] } },
{ "type": "Feature", "properties": { "crs": 0.259, "risk_tier": "medium", "colour": "#FFD600" }, "geometry": { "type": "Point", "coordinates": [ 6.52, 5.28 ] } },
{ "type": "Feature", "properties": { "crs": 0.2825, "risk_tier": "medium", "colour": "#FFD600" }, "geometry": { "type": "Point", "coordinates": [ 6.53, 5.28 ] } },
{ "type": "Feature", "properties": { "crs": 0.2977, "risk_tier": "medium", "colour": "#FFD600" }, "geometry": { "type": "Point", "coordinates": [ 6.54, 5.28 ] } },
{ "type": "Feature", "properties": { "crs": 0.2851, "risk_tier": "medium", "colour": "#FFD600" }, "geometry": { "type": "Point", "coordinates": [ 6.55, 5.28 ] } },
{ "type": "Feature", "properties": { "crs": 0.2747, "risk_tier": "medium", "colour": "#FFD600" }, "geometry": { "type": "Point", "coordinates": [ 6.56, 5.28 ] } },
{ "type": "Feature", "properties": { "crs": 0.2819, "risk_tier": "medium", "colour": "#FFD600" }, "geometry": { "type": "Point", "coordinates": [ 6.57, 5.28 ] } },
{ "type": "Feature", "properties": { "crs": 0.2783, "risk_tier": "medium", "colour": "#FFD600" }, "geometry": { "type": "Point", "coordinates": [ 6.58, 5.28 ] } },
{ "type": "Feature", "properties": { "crs": 0.2783, "risk_tier": "medium", "colour": "#FFD600" }, "geometry": { "type": "Point", "coordinates": [ 6.59, 5.28 ] } },
{ "type": "Feature", "properties": { "crs": 0.2784, "risk_tier": "medium", "colour": "#FFD600" }, "geometry": { "type": "Point", "coordinates": [ 6.6, 5.28 ] } },
{ "type": "Feature", "properties": { "crs": 0.2948, "risk_tier": "medium", "colour": "#FFD600" }, "geometry": { "type": "Point", "coordinates": [ 6.61, 5.28 ] } },
{ "type": "Feature", "properties": { "crs": 0.2948, "risk_tier": "medium", "colour": "#FFD600" }, "geometry": { "type": "Point", "coordinates": [ 6.62, 5.28 ] } },
{ "type": "Feature", "properties": { "crs": 0.2785, "risk_tier": "medium", "colour": "#FFD600" }, "geometry": { "type": "Point", "coordinates": [ 6.63, 5.28 ] } },
{ "type": "Feature", "properties": { "crs": 0.2914, "risk_tier": "medium", "colour": "#FFD600" }, "geometry": { "type": "Point", "coordinates": [ 6.64, 5.28 ] } },
{ "type": "Feature", "properties": { "crs": 0.2786, "risk_tier": "medium", "colour": "#FFD600" }, "geometry": { "type": "Point", "coordinates": [ 6.65, 5.28 ] } },
{ "type": "Feature", "properties": { "crs": 0.295, "risk_tier": "medium", "colour": "#FFD600" }, "geometry": { "type": "Point", "coordinates": [ 6.66, 5.28 ] } },
{ "type": "Feature", "properties": { "crs": 0.2903, "risk_tier": "medium", "colour": "#FFD600" }, "geometry": { "type": "Point", "coordinates": [ 6.67, 5.28 ] } },
{ "type": "Feature", "properties": { "crs": 0.2866, "risk_tier": "medium", "colour": "#FFD600" }, "geometry": { "type": "Point", "coordinates": [ 6.68, 5.28 ] } },
{ "type": "Feature", "properties": { "crs": 0.2867, "risk_tier": "medium", "colour": "#FFD600" }, "geometry": { "type": "Point", "coordinates": [ 6.69, 5.28 ] } },
{ "type": "Feature", "properties": { "crs": 0.3062, "risk_tier": "medium", "colour": "#FFD600" }, "geometry": { "type": "Point", "coordinates": [ 6.7, 5.28 ] } },
{ "type": "Feature", "properties": { "crs": 0.3062, "risk_tier": "medium", "colour": "#FFD600" }, "geometry": { "type": "Point", "coordinates": [ 6.71, 5.28 ] } },
{ "type": "Feature", "properties": { "crs": 0.2821, "risk_tier": "medium", "colour": "#FFD600" }, "geometry": { "type": "Point", "coordinates": [ 6.72, 5.28 ] } },
{ "type": "Feature", "properties": { "crs": 0.2822, "risk_tier": "medium", "colour": "#FFD600" }, "geometry": { "type": "Point", "coordinates": [ 6.73, 5.28 ] } },
{ "type": "Feature", "properties": { "crs": 0.2822, "risk_tier": "medium", "colour": "#FFD600" }, "geometry": { "type": "Point", "coordinates": [ 6.74, 5.28 ] } },
{ "type": "Feature", "properties": { "crs": 0.2822, "risk_tier": "medium", "colour": "#FFD600" }, "geometry": { "type": "Point", "coordinates": [ 6.75, 5.28 ] } },
{ "type": "Feature", "properties": { "crs": 0.2946, "risk_tier": "medium", "colour": "#FFD600" }, "geometry": { "type": "Point", "coordinates": [ 6.76, 5.28 ] } },
{ "type": "Feature", "properties": { "crs": 0.2834, "risk_tier": "medium", "colour": "#FFD600" }, "geometry": { "type": "Point", "coordinates": [ 6.77, 5.28 ] } },
{ "type": "Feature", "properties": { "crs": 0.2955, "risk_tier": "medium", "colour": "#FFD600" }, "geometry": { "type": "Point", "coordinates": [ 6.78, 5.28 ] } },
{ "type": "Feature", "properties": { "crs": 0.264, "risk_tier": "medium", "colour": "#FFD600" }, "geometry": { "type": "Point", "coordinates": [ 6.79, 5.28 ] } },
{ "type": "Feature", "properties": { "crs": 0.264, "risk_tier": "medium", "colour": "#FFD600" }, "geometry": { "type": "Point", "coordinates": [ 6.8, 5.28 ] } },
{ "type": "Feature", "properties": { "crs": 0.264, "risk_tier": "medium", "colour": "#FFD600" }, "geometry": { "type": "Point", "coordinates": [ 6.81, 5.28 ] } },
{ "type": "Feature", "properties": { "crs": 0.264, "risk_tier": "medium", "colour": "#FFD600" }, "geometry": { "type": "Point", "coordinates": [ 6.82, 5.28 ] } },
{ "type": "Feature", "properties": { "crs": 0.264, "risk_tier": "medium", "colour": "#FFD600" }, "geometry": { "type": "Point", "coordinates": [ 6.83, 5.28 ] } },
{ "type": "Feature", "properties": { "crs": 0.1632, "risk_tier": "low", "colour": "#69F0AE" }, "geometry": { "type": "Point", "coordinates": [ 6.38, 5.29 ] } },
{ "type": "Feature", "properties": { "crs": 0.1632, "risk_tier": "low", "colour": "#69F0AE" }, "geometry": { "type": "Point", "coordinates": [ 6.39, 5.29 ] } },
{ "type": "Feature", "properties": { "crs": 0.1632, "risk_tier": "low", "colour": "#69F0AE" }, "geometry": { "type": "Point", "coordinates": [ 6.4, 5.29 ] } },
{ "type": "Feature", "properties": { "crs": 0.1631, "risk_tier": "low", "colour": "#69F0AE" }, "geometry": { "type": "Point", "coordinates": [ 6.41, 5.29 ] } },
{ "type": "Feature", "properties": { "crs": 0.1632, "risk_tier": "low", "colour": "#69F0AE" }, "geometry": { "type": "Point", "coordinates": [ 6.42, 5.29 ] } },
{ "type": "Feature", "properties": { "crs": 0.1632, "risk_tier": "low", "colour": "#69F0AE" }, "geometry": { "type": "Point", "coordinates": [ 6.43, 5.29 ] } },
{ "type": "Feature", "properties": { "crs": 0.1633, "risk_tier": "low", "colour": "#69F0AE" }, "geometry": { "type": "Point", "coordinates": [ 6.44, 5.29 ] } },
{ "type": "Feature", "properties": { "crs": 0.1625, "risk_tier": "low", "colour": "#69F0AE" }, "geometry": { "type": "Point", "coordinates": [ 6.45, 5.29 ] } },
{ "type": "Feature", "properties": { "crs": 0.1624, "risk_tier": "low", "colour": "#69F0AE" }, "geometry": { "type": "Point", "coordinates": [ 6.46, 5.29 ] } },
{ "type": "Feature", "properties": { "crs": 0.1625, "risk_tier": "low", "colour": "#69F0AE" }, "geometry": { "type": "Point", "coordinates": [ 6.47, 5.29 ] } },
{ "type": "Feature", "properties": { "crs": 0.2756, "risk_tier": "medium", "colour": "#FFD600" }, "geometry": { "type": "Point", "coordinates": [ 6.48, 5.29 ] } },
{ "type": "Feature", "properties": { "crs": 0.278, "risk_tier": "medium", "colour": "#FFD600" }, "geometry": { "type": "Point", "coordinates": [ 6.49, 5.29 ] } },
{ "type": "Feature", "properties": { "crs": 0.259, "risk_tier": "medium", "colour": "#FFD600" }, "geometry": { "type": "Point", "coordinates": [ 6.5, 5.29 ] } },
{ "type": "Feature", "properties": { "crs": 0.2589, "risk_tier": "medium", "colour": "#FFD600" }, "geometry": { "type": "Point", "coordinates": [ 6.51, 5.29 ] } },
{ "type": "Feature", "properties": { "crs": 0.2591, "risk_tier": "medium", "colour": "#FFD600" }, "geometry": { "type": "Point", "coordinates": [ 6.52, 5.29 ] } },
{ "type": "Feature", "properties": { "crs": 0.2591, "risk_tier": "medium", "colour": "#FFD600" }, "geometry": { "type": "Point", "coordinates": [ 6.53, 5.29 ] } },
{ "type": "Feature", "properties": { "crs": 0.2826, "risk_tier": "medium", "colour": "#FFD600" }, "geometry": { "type": "Point", "coordinates": [ 6.54, 5.29 ] } },
{ "type": "Feature", "properties": { "crs": 0.2814, "risk_tier": "medium", "colour": "#FFD600" }, "geometry": { "type": "Point", "coordinates": [ 6.55, 5.29 ] } },
{ "type": "Feature", "properties": { "crs": 0.2747, "risk_tier": "medium", "colour": "#FFD600" }, "geometry": { "type": "Point", "coordinates": [ 6.56, 5.29 ] } },
{ "type": "Feature", "properties": { "crs": 0.2782, "risk_tier": "medium", "colour": "#FFD600" }, "geometry": { "type": "Point", "coordinates": [ 6.57, 5.29 ] } },
{ "type": "Feature", "properties": { "crs": 0.2783, "risk_tier": "medium", "colour": "#FFD600" }, "geometry": { "type": "Point", "coordinates": [ 6.58, 5.29 ] } },
{ "type": "Feature", "properties": { "crs": 0.2783, "risk_tier": "medium", "colour": "#FFD600" }, "geometry": { "type": "Point", "coordinates": [ 6.59, 5.29 ] } },
{ "type": "Feature", "properties": { "crs": 0.2784, "risk_tier": "medium", "colour": "#FFD600" }, "geometry": { "type": "Point", "coordinates": [ 6.6, 5.29 ] } },
{ "type": "Feature", "properties": { "crs": 0.3551, "risk_tier": "medium", "colour": "#FFD600" }, "geometry": { "type": "Point", "coordinates": [ 6.61, 5.29 ] } },
{ "type": "Feature", "properties": { "crs": 0.3682, "risk_tier": "medium", "colour": "#FFD600" }, "geometry": { "type": "Point", "coordinates": [ 6.62, 5.29 ] } },
{ "type": "Feature", "properties": { "crs": 0.3682, "risk_tier": "medium", "colour": "#FFD600" }, "geometry": { "type": "Point", "coordinates": [ 6.63, 5.29 ] } },
{ "type": "Feature", "properties": { "crs": 0.3552, "risk_tier": "medium", "colour": "#FFD600" }, "geometry": { "type": "Point", "coordinates": [ 6.64, 5.29 ] } },
{ "type": "Feature", "properties": { "crs": 0.3515, "risk_tier": "medium", "colour": "#FFD600" }, "geometry": { "type": "Point", "coordinates": [ 6.65, 5.29 ] } },
{ "type": "Feature", "properties": { "crs": 0.2914, "risk_tier": "medium", "colour": "#FFD600" }, "geometry": { "type": "Point", "coordinates": [ 6.66, 5.29 ] } },
{ "type": "Feature", "properties": { "crs": 0.2789, "risk_tier": "medium", "colour": "#FFD600" }, "geometry": { "type": "Point", "coordinates": [ 6.67, 5.29 ] } },
{ "type": "Feature", "properties": { "crs": 0.2856, "risk_tier": "medium", "colour": "#FFD600" }, "geometry": { "type": "Point", "coordinates": [ 6.68, 5.29 ] } },
{ "type": "Feature", "properties": { "crs": 0.3052, "risk_tier": "medium", "colour": "#FFD600" }, "geometry": { "type": "Point", "coordinates": [ 6.69, 5.29 ] } },
{ "type": "Feature", "properties": { "crs": 0.3062, "risk_tier": "medium", "colour": "#FFD600" }, "geometry": { "type": "Point", "coordinates": [ 6.7, 5.29 ] } },
{ "type": "Feature", "properties": { "crs": 0.3061, "risk_tier": "medium", "colour": "#FFD600" }, "geometry": { "type": "Point", "coordinates": [ 6.71, 5.29 ] } },
{ "type": "Feature", "properties": { "crs": 0.3061, "risk_tier": "medium", "colour": "#FFD600" }, "geometry": { "type": "Point", "coordinates": [ 6.72, 5.29 ] } },
{ "type": "Feature", "properties": { "crs": 0.3061, "risk_tier": "medium", "colour": "#FFD600" }, "geometry": { "type": "Point", "coordinates": [ 6.73, 5.29 ] } },
{ "type": "Feature", "properties": { "crs": 0.2822, "risk_tier": "medium", "colour": "#FFD600" }, "geometry": { "type": "Point", "coordinates": [ 6.74, 5.29 ] } },
{ "type": "Feature", "properties": { "crs": 0.2798, "risk_tier": "medium", "colour": "#FFD600" }, "geometry": { "type": "Point", "coordinates": [ 6.75, 5.29 ] } },
{ "type": "Feature", "properties": { "crs": 0.2946, "risk_tier": "medium", "colour": "#FFD600" }, "geometry": { "type": "Point", "coordinates": [ 6.76, 5.29 ] } },
{ "type": "Feature", "properties": { "crs": 0.2807, "risk_tier": "medium", "colour": "#FFD600" }, "geometry": { "type": "Point", "coordinates": [ 6.77, 5.29 ] } },
{ "type": "Feature", "properties": { "crs": 0.2955, "risk_tier": "medium", "colour": "#FFD600" }, "geometry": { "type": "Point", "coordinates": [ 6.78, 5.29 ] } },
{ "type": "Feature", "properties": { "crs": 0.2843, "risk_tier": "medium", "colour": "#FFD600" }, "geometry": { "type": "Point", "coordinates": [ 6.79, 5.29 ] } },
{ "type": "Feature", "properties": { "crs": 0.28, "risk_tier": "medium", "colour": "#FFD600" }, "geometry": { "type": "Point", "coordinates": [ 6.8, 5.29 ] } },
{ "type": "Feature", "properties": { "crs": 0.264, "risk_tier": "medium", "colour": "#FFD600" }, "geometry": { "type": "Point", "coordinates": [ 6.81, 5.29 ] } },
{ "type": "Feature", "properties": { "crs": 0.264, "risk_tier": "medium", "colour": "#FFD600" }, "geometry": { "type": "Point", "coordinates": [ 6.82, 5.29 ] } },
{ "type": "Feature", "properties": { "crs": 0.2639, "risk_tier": "medium", "colour": "#FFD600" }, "geometry": { "type": "Point", "coordinates": [ 6.83, 5.29 ] } },
{ "type": "Feature", "properties": { "crs": 0.2249, "risk_tier": "low", "colour": "#69F0AE" }, "geometry": { "type": "Point", "coordinates": [ 6.84, 5.29 ] } },
{ "type": "Feature", "properties": { "crs": 0.1631, "risk_tier": "low", "colour": "#69F0AE" }, "geometry": { "type": "Point", "coordinates": [ 6.38, 5.3 ] } },
{ "type": "Feature", "properties": { "crs": 0.1631, "risk_tier": "low", "colour": "#69F0AE" }, "geometry": { "type": "Point", "coordinates": [ 6.39, 5.3 ] } },
{ "type": "Feature", "properties": { "crs": 0.1631, "risk_tier": "low", "colour": "#69F0AE" }, "geometry": { "type": "Point", "coordinates": [ 6.4, 5.3 ] } },
{ "type": "Feature", "properties": { "crs": 0.1632, "risk_tier": "low", "colour": "#69F0AE" }, "geometry": { "type": "Point", "coordinates": [ 6.41, 5.3 ] } },
{ "type": "Feature", "properties": { "crs": 0.1583, "risk_tier": "low", "colour": "#69F0AE" }, "geometry": { "type": "Point", "coordinates": [ 6.42, 5.3 ] } },
{ "type": "Feature", "properties": { "crs": 0.1632, "risk_tier": "low", "colour": "#69F0AE" }, "geometry": { "type": "Point", "coordinates": [ 6.43, 5.3 ] } },
{ "type": "Feature", "properties": { "crs": 0.1633, "risk_tier": "low", "colour": "#69F0AE" }, "geometry": { "type": "Point", "coordinates": [ 6.44, 5.3 ] } },
{ "type": "Feature", "properties": { "crs": 0.1633, "risk_tier": "low", "colour": "#69F0AE" }, "geometry": { "type": "Point", "coordinates": [ 6.45, 5.3 ] } },
{ "type": "Feature", "properties": { "crs": 0.1625, "risk_tier": "low", "colour": "#69F0AE" }, "geometry": { "type": "Point", "coordinates": [ 6.46, 5.3 ] } },
{ "type": "Feature", "properties": { "crs": 0.1625, "risk_tier": "low", "colour": "#69F0AE" }, "geometry": { "type": "Point", "coordinates": [ 6.47, 5.3 ] } },
{ "type": "Feature", "properties": { "crs": 0.1625, "risk_tier": "low", "colour": "#69F0AE" }, "geometry": { "type": "Point", "coordinates": [ 6.48, 5.3 ] } },
{ "type": "Feature", "properties": { "crs": 0.235, "risk_tier": "low", "colour": "#69F0AE" }, "geometry": { "type": "Point", "coordinates": [ 6.49, 5.3 ] } },
{ "type": "Feature", "properties": { "crs": 0.2589, "risk_tier": "medium", "colour": "#FFD600" }, "geometry": { "type": "Point", "coordinates": [ 6.5, 5.3 ] } },
{ "type": "Feature", "properties": { "crs": 0.2848, "risk_tier": "medium", "colour": "#FFD600" }, "geometry": { "type": "Point", "coordinates": [ 6.51, 5.3 ] } },
{ "type": "Feature", "properties": { "crs": 0.259, "risk_tier": "medium", "colour": "#FFD600" }, "geometry": { "type": "Point", "coordinates": [ 6.52, 5.3 ] } },
{ "type": "Feature", "properties": { "crs": 0.2826, "risk_tier": "medium", "colour": "#FFD600" }, "geometry": { "type": "Point", "coordinates": [ 6.53, 5.3 ] } },
{ "type": "Feature", "properties": { "crs": 0.2826, "risk_tier": "medium", "colour": "#FFD600" }, "geometry": { "type": "Point", "coordinates": [ 6.54, 5.3 ] } },
{ "type": "Feature", "properties": { "crs": 0.2816, "risk_tier": "medium", "colour": "#FFD600" }, "geometry": { "type": "Point", "coordinates": [ 6.55, 5.3 ] } },
{ "type": "Feature", "properties": { "crs": 0.2848, "risk_tier": "medium", "colour": "#FFD600" }, "geometry": { "type": "Point", "coordinates": [ 6.56, 5.3 ] } },
{ "type": "Feature", "properties": { "crs": 0.2782, "risk_tier": "medium", "colour": "#FFD600" }, "geometry": { "type": "Point", "coordinates": [ 6.57, 5.3 ] } },
{ "type": "Feature", "properties": { "crs": 0.2911, "risk_tier": "medium", "colour": "#FFD600" }, "geometry": { "type": "Point", "coordinates": [ 6.58, 5.3 ] } },
{ "type": "Feature", "properties": { "crs": 0.3512, "risk_tier": "medium", "colour": "#FFD600" }, "geometry": { "type": "Point", "coordinates": [ 6.59, 5.3 ] } },
{ "type": "Feature", "properties": { "crs": 0.3513, "risk_tier": "medium", "colour": "#FFD600" }, "geometry": { "type": "Point", "coordinates": [ 6.6, 5.3 ] } },
{ "type": "Feature", "properties": { "crs": 0.3513, "risk_tier": "medium", "colour": "#FFD600" }, "geometry": { "type": "Point", "coordinates": [ 6.61, 5.3 ] } },
{ "type": "Feature", "properties": { "crs": 0.3682, "risk_tier": "medium", "colour": "#FFD600" }, "geometry": { "type": "Point", "coordinates": [ 6.62, 5.3 ] } },
{ "type": "Feature", "properties": { "crs": 0.3682, "risk_tier": "medium", "colour": "#FFD600" }, "geometry": { "type": "Point", "coordinates": [ 6.63, 5.3 ] } },
{ "type": "Feature", "properties": { "crs": 0.3514, "risk_tier": "medium", "colour": "#FFD600" }, "geometry": { "type": "Point", "coordinates": [ 6.64, 5.3 ] } },
{ "type": "Feature", "properties": { "crs": 0.3685, "risk_tier": "medium", "colour": "#FFD600" }, "geometry": { "type": "Point", "coordinates": [ 6.65, 5.3 ] } },
{ "type": "Feature", "properties": { "crs": 0.3555, "risk_tier": "medium", "colour": "#FFD600" }, "geometry": { "type": "Point", "coordinates": [ 6.66, 5.3 ] } },
{ "type": "Feature", "properties": { "crs": 0.3664, "risk_tier": "medium", "colour": "#FFD600" }, "geometry": { "type": "Point", "coordinates": [ 6.67, 5.3 ] } },
{ "type": "Feature", "properties": { "crs": 0.3705, "risk_tier": "medium", "colour": "#FFD600" }, "geometry": { "type": "Point", "coordinates": [ 6.68, 5.3 ] } },
{ "type": "Feature", "properties": { "crs": 0.3705, "risk_tier": "medium", "colour": "#FFD600" }, "geometry": { "type": "Point", "coordinates": [ 6.69, 5.3 ] } },
{ "type": "Feature", "properties": { "crs": 0.2983, "risk_tier": "medium", "colour": "#FFD600" }, "geometry": { "type": "Point", "coordinates": [ 6.7, 5.3 ] } },
{ "type": "Feature", "properties": { "crs": 0.3062, "risk_tier": "medium", "colour": "#FFD600" }, "geometry": { "type": "Point", "coordinates": [ 6.71, 5.3 ] } },
{ "type": "Feature", "properties": { "crs": 0.3061, "risk_tier": "medium", "colour": "#FFD600" }, "geometry": { "type": "Point", "coordinates": [ 6.72, 5.3 ] } },
{ "type": "Feature", "properties": { "crs": 0.3062, "risk_tier": "medium", "colour": "#FFD600" }, "geometry": { "type": "Point", "coordinates": [ 6.73, 5.3 ] } },
{ "type": "Feature", "properties": { "crs": 0.2822, "risk_tier": "medium", "colour": "#FFD600" }, "geometry": { "type": "Point", "coordinates": [ 6.74, 5.3 ] } },
{ "type": "Feature", "properties": { "crs": 0.2798, "risk_tier": "medium", "colour": "#FFD600" }, "geometry": { "type": "Point", "coordinates": [ 6.75, 5.3 ] } },
{ "type": "Feature", "properties": { "crs": 0.2807, "risk_tier": "medium", "colour": "#FFD600" }, "geometry": { "type": "Point", "coordinates": [ 6.76, 5.3 ] } },
{ "type": "Feature", "properties": { "crs": 0.2807, "risk_tier": "medium", "colour": "#FFD600" }, "geometry": { "type": "Point", "coordinates": [ 6.77, 5.3 ] } },
{ "type": "Feature", "properties": { "crs": 0.2955, "risk_tier": "medium", "colour": "#FFD600" }, "geometry": { "type": "Point", "coordinates": [ 6.78, 5.3 ] } },
{ "type": "Feature", "properties": { "crs": 0.2955, "risk_tier": "medium", "colour": "#FFD600" }, "geometry": { "type": "Point", "coordinates": [ 6.79, 5.3 ] } },
{ "type": "Feature", "properties": { "crs": 0.264, "risk_tier": "medium", "colour": "#FFD600" }, "geometry": { "type": "Point", "coordinates": [ 6.8, 5.3 ] } },
{ "type": "Feature", "properties": { "crs": 0.264, "risk_tier": "medium", "colour": "#FFD600" }, "geometry": { "type": "Point", "coordinates": [ 6.81, 5.3 ] } },
{ "type": "Feature", "properties": { "crs": 0.264, "risk_tier": "medium", "colour": "#FFD600" }, "geometry": { "type": "Point", "coordinates": [ 6.82, 5.3 ] } },
{ "type": "Feature", "properties": { "crs": 0.264, "risk_tier": "medium", "colour": "#FFD600" }, "geometry": { "type": "Point", "coordinates": [ 6.83, 5.3 ] } },
{ "type": "Feature", "properties": { "crs": 0.2639, "risk_tier": "medium", "colour": "#FFD600" }, "geometry": { "type": "Point", "coordinates": [ 6.84, 5.3 ] } },
{ "type": "Feature", "properties": { "crs": 0.1582, "risk_tier": "low", "colour": "#69F0AE" }, "geometry": { "type": "Point", "coordinates": [ 6.38, 5.31 ] } },
{ "type": "Feature", "properties": { "crs": 0.1582, "risk_tier": "low", "colour": "#69F0AE" }, "geometry": { "type": "Point", "coordinates": [ 6.39, 5.31 ] } },
{ "type": "Feature", "properties": { "crs": 0.1582, "risk_tier": "low", "colour": "#69F0AE" }, "geometry": { "type": "Point", "coordinates": [ 6.4, 5.31 ] } },
{ "type": "Feature", "properties": { "crs": 0.1583, "risk_tier": "low", "colour": "#69F0AE" }, "geometry": { "type": "Point", "coordinates": [ 6.41, 5.31 ] } },
{ "type": "Feature", "properties": { "crs": 0.1583, "risk_tier": "low", "colour": "#69F0AE" }, "geometry": { "type": "Point", "coordinates": [ 6.42, 5.31 ] } },
{ "type": "Feature", "properties": { "crs": 0.1583, "risk_tier": "low", "colour": "#69F0AE" }, "geometry": { "type": "Point", "coordinates": [ 6.43, 5.31 ] } },
{ "type": "Feature", "properties": { "crs": 0.1584, "risk_tier": "low", "colour": "#69F0AE" }, "geometry": { "type": "Point", "coordinates": [ 6.44, 5.31 ] } },
{ "type": "Feature", "properties": { "crs": 0.1624, "risk_tier": "low", "colour": "#69F0AE" }, "geometry": { "type": "Point", "coordinates": [ 6.45, 5.31 ] } },
{ "type": "Feature", "properties": { "crs": 0.1624, "risk_tier": "low", "colour": "#69F0AE" }, "geometry": { "type": "Point", "coordinates": [ 6.46, 5.31 ] } },
{ "type": "Feature", "properties": { "crs": 0.1624, "risk_tier": "low", "colour": "#69F0AE" }, "geometry": { "type": "Point", "coordinates": [ 6.47, 5.31 ] } },
{ "type": "Feature", "properties": { "crs": 0.1624, "risk_tier": "low", "colour": "#69F0AE" }, "geometry": { "type": "Point", "coordinates": [ 6.48, 5.31 ] } },
{ "type": "Feature", "properties": { "crs": 0.235, "risk_tier": "low", "colour": "#69F0AE" }, "geometry": { "type": "Point", "coordinates": [ 6.49, 5.31 ] } },
{ "type": "Feature", "properties": { "crs": 0.2847, "risk_tier": "medium", "colour": "#FFD600" }, "geometry": { "type": "Point", "coordinates": [ 6.5, 5.31 ] } },
{ "type": "Feature", "properties": { "crs": 0.2848, "risk_tier": "medium", "colour": "#FFD600" }, "geometry": { "type": "Point", "coordinates": [ 6.51, 5.31 ] } },
{ "type": "Feature", "properties": { "crs": 0.2848, "risk_tier": "medium", "colour": "#FFD600" }, "geometry": { "type": "Point", "coordinates": [ 6.52, 5.31 ] } },
{ "type": "Feature", "properties": { "crs": 0.2825, "risk_tier": "medium", "colour": "#FFD600" }, "geometry": { "type": "Point", "coordinates": [ 6.53, 5.31 ] } },
{ "type": "Feature", "properties": { "crs": 0.2825, "risk_tier": "medium", "colour": "#FFD600" }, "geometry": { "type": "Point", "coordinates": [ 6.54, 5.31 ] } },
{ "type": "Feature", "properties": { "crs": 0.2748, "risk_tier": "medium", "colour": "#FFD600" }, "geometry": { "type": "Point", "coordinates": [ 6.55, 5.31 ] } },
{ "type": "Feature", "properties": { "crs": 0.2781, "risk_tier": "medium", "colour": "#FFD600" }, "geometry": { "type": "Point", "coordinates": [ 6.56, 5.31 ] } },
{ "type": "Feature", "properties": { "crs": 0.3511, "risk_tier": "medium", "colour": "#FFD600" }, "geometry": { "type": "Point", "coordinates": [ 6.57, 5.31 ] } },
{ "type": "Feature", "properties": { "crs": 0.3512, "risk_tier": "medium", "colour": "#FFD600" }, "geometry": { "type": "Point", "coordinates": [ 6.58, 5.31 ] } },
{ "type": "Feature", "properties": { "crs": 0.368, "risk_tier": "medium", "colour": "#FFD600" }, "geometry": { "type": "Point", "coordinates": [ 6.59, 5.31 ] } },
{ "type": "Feature", "properties": { "crs": 0.3681, "risk_tier": "medium", "colour": "#FFD600" }, "geometry": { "type": "Point", "coordinates": [ 6.6, 5.31 ] } },
{ "type": "Feature", "properties": { "crs": 0.3513, "risk_tier": "medium", "colour": "#FFD600" }, "geometry": { "type": "Point", "coordinates": [ 6.61, 5.31 ] } },
{ "type": "Feature", "properties": { "crs": 0.3513, "risk_tier": "medium", "colour": "#FFD600" }, "geometry": { "type": "Point", "coordinates": [ 6.62, 5.31 ] } },
{ "type": "Feature", "properties": { "crs": 0.3682, "risk_tier": "medium", "colour": "#FFD600" }, "geometry": { "type": "Point", "coordinates": [ 6.63, 5.31 ] } },
{ "type": "Feature", "properties": { "crs": 0.3685, "risk_tier": "medium", "colour": "#FFD600" }, "geometry": { "type": "Point", "coordinates": [ 6.64, 5.31 ] } },
{ "type": "Feature", "properties": { "crs": 0.3685, "risk_tier": "medium", "colour": "#FFD600" }, "geometry": { "type": "Point", "coordinates": [ 6.65, 5.31 ] } },
{ "type": "Feature", "properties": { "crs": 0.3664, "risk_tier": "medium", "colour": "#FFD600" }, "geometry": { "type": "Point", "coordinates": [ 6.66, 5.31 ] } },
{ "type": "Feature", "properties": { "crs": 0.3664, "risk_tier": "medium", "colour": "#FFD600" }, "geometry": { "type": "Point", "coordinates": [ 6.67, 5.31 ] } },
{ "type": "Feature", "properties": { "crs": 0.3664, "risk_tier": "medium", "colour": "#FFD600" }, "geometry": { "type": "Point", "coordinates": [ 6.68, 5.31 ] } },
{ "type": "Feature", "properties": { "crs": 0.3663, "risk_tier": "medium", "colour": "#FFD600" }, "geometry": { "type": "Point", "coordinates": [ 6.69, 5.31 ] } },
{ "type": "Feature", "properties": { "crs": 0.3663, "risk_tier": "medium", "colour": "#FFD600" }, "geometry": { "type": "Point", "coordinates": [ 6.7, 5.31 ] } },
{ "type": "Feature", "properties": { "crs": 0.2983, "risk_tier": "medium", "colour": "#FFD600" }, "geometry": { "type": "Point", "coordinates": [ 6.71, 5.31 ] } },
{ "type": "Feature", "properties": { "crs": 0.3051, "risk_tier": "medium", "colour": "#FFD600" }, "geometry": { "type": "Point", "coordinates": [ 6.72, 5.31 ] } },
{ "type": "Feature", "properties": { "crs": 0.3037, "risk_tier": "medium", "colour": "#FFD600" }, "geometry": { "type": "Point", "coordinates": [ 6.73, 5.31 ] } },
{ "type": "Feature", "properties": { "crs": 0.3037, "risk_tier": "medium", "colour": "#FFD600" }, "geometry": { "type": "Point", "coordinates": [ 6.74, 5.31 ] } },
{ "type": "Feature", "properties": { "crs": 0.3084, "risk_tier": "medium", "colour": "#FFD600" }, "geometry": { "type": "Point", "coordinates": [ 6.75, 5.31 ] } },
{ "type": "Feature", "properties": { "crs": 0.2807, "risk_tier": "medium", "colour": "#FFD600" }, "geometry": { "type": "Point", "coordinates": [ 6.76, 5.31 ] } },
{ "type": "Feature", "properties": { "crs": 0.2807, "risk_tier": "medium", "colour": "#FFD600" }, "geometry": { "type": "Point", "coordinates": [ 6.77, 5.31 ] } },
{ "type": "Feature", "properties": { "crs": 0.2955, "risk_tier": "medium", "colour": "#FFD600" }, "geometry": { "type": "Point", "coordinates": [ 6.78, 5.31 ] } },
{ "type": "Feature", "properties": { "crs": 0.2955, "risk_tier": "medium", "colour": "#FFD600" }, "geometry": { "type": "Point", "coordinates": [ 6.79, 5.31 ] } },
{ "type": "Feature", "properties": { "crs": 0.283, "risk_tier": "medium", "colour": "#FFD600" }, "geometry": { "type": "Point", "coordinates": [ 6.8, 5.31 ] } },
{ "type": "Feature", "properties": { "crs": 0.264, "risk_tier": "medium", "colour": "#FFD600" }, "geometry": { "type": "Point", "coordinates": [ 6.81, 5.31 ] } },
{ "type": "Feature", "properties": { "crs": 0.264, "risk_tier": "medium", "colour": "#FFD600" }, "geometry": { "type": "Point", "coordinates": [ 6.82, 5.31 ] } },
{ "type": "Feature", "properties": { "crs": 0.264, "risk_tier": "medium", "colour": "#FFD600" }, "geometry": { "type": "Point", "coordinates": [ 6.83, 5.31 ] } },
{ "type": "Feature", "properties": { "crs": 0.2639, "risk_tier": "medium", "colour": "#FFD600" }, "geometry": { "type": "Point", "coordinates": [ 6.84, 5.31 ] } },
{ "type": "Feature", "properties": { "crs": 0.2401, "risk_tier": "low", "colour": "#69F0AE" }, "geometry": { "type": "Point", "coordinates": [ 6.85, 5.31 ] } },
{ "type": "Feature", "properties": { "crs": 0.1631, "risk_tier": "low", "colour": "#69F0AE" }, "geometry": { "type": "Point", "coordinates": [ 6.39, 5.32 ] } },
{ "type": "Feature", "properties": { "crs": 0.1632, "risk_tier": "low", "colour": "#69F0AE" }, "geometry": { "type": "Point", "coordinates": [ 6.4, 5.32 ] } },
{ "type": "Feature", "properties": { "crs": 0.1632, "risk_tier": "low", "colour": "#69F0AE" }, "geometry": { "type": "Point", "coordinates": [ 6.41, 5.32 ] } },
{ "type": "Feature", "properties": { "crs": 0.1632, "risk_tier": "low", "colour": "#69F0AE" }, "geometry": { "type": "Point", "coordinates": [ 6.42, 5.32 ] } },
{ "type": "Feature", "properties": { "crs": 0.1632, "risk_tier": "low", "colour": "#69F0AE" }, "geometry": { "type": "Point", "coordinates": [ 6.43, 5.32 ] } },
{ "type": "Feature", "properties": { "crs": 0.1584, "risk_tier": "low", "colour": "#69F0AE" }, "geometry": { "type": "Point", "coordinates": [ 6.44, 5.32 ] } },
{ "type": "Feature", "properties": { "crs": 0.1575, "risk_tier": "low", "colour": "#69F0AE" }, "geometry": { "type": "Point", "coordinates": [ 6.45, 5.32 ] } },
{ "type": "Feature", "properties": { "crs": 0.1575, "risk_tier": "low", "colour": "#69F0AE" }, "geometry": { "type": "Point", "coordinates": [ 6.46, 5.32 ] } },
{ "type": "Feature", "properties": { "crs": 0.1624, "risk_tier": "low", "colour": "#69F0AE" }, "geometry": { "type": "Point", "coordinates": [ 6.47, 5.32 ] } },
{ "type": "Feature", "properties": { "crs": 0.1624, "risk_tier": "low", "colour": "#69F0AE" }, "geometry": { "type": "Point", "coordinates": [ 6.48, 5.32 ] } },
{ "type": "Feature", "properties": { "crs": 0.2779, "risk_tier": "medium", "colour": "#FFD600" }, "geometry": { "type": "Point", "coordinates": [ 6.49, 5.32 ] } },
{ "type": "Feature", "properties": { "crs": 0.278, "risk_tier": "medium", "colour": "#FFD600" }, "geometry": { "type": "Point", "coordinates": [ 6.5, 5.32 ] } },
{ "type": "Feature", "properties": { "crs": 0.278, "risk_tier": "medium", "colour": "#FFD600" }, "geometry": { "type": "Point", "coordinates": [ 6.51, 5.32 ] } },
{ "type": "Feature", "properties": { "crs": 0.278, "risk_tier": "medium", "colour": "#FFD600" }, "geometry": { "type": "Point", "coordinates": [ 6.52, 5.32 ] } },
{ "type": "Feature", "properties": { "crs": 0.3021, "risk_tier": "medium", "colour": "#FFD600" }, "geometry": { "type": "Point", "coordinates": [ 6.53, 5.32 ] } },
{ "type": "Feature", "properties": { "crs": 0.2816, "risk_tier": "medium", "colour": "#FFD600" }, "geometry": { "type": "Point", "coordinates": [ 6.54, 5.32 ] } },
{ "type": "Feature", "properties": { "crs": 0.3504, "risk_tier": "medium", "colour": "#FFD600" }, "geometry": { "type": "Point", "coordinates": [ 6.55, 5.32 ] } },
{ "type": "Feature", "properties": { "crs": 0.351, "risk_tier": "medium", "colour": "#FFD600" }, "geometry": { "type": "Point", "coordinates": [ 6.56, 5.32 ] } },
{ "type": "Feature", "properties": { "crs": 0.3511, "risk_tier": "medium", "colour": "#FFD600" }, "geometry": { "type": "Point", "coordinates": [ 6.57, 5.32 ] } },
{ "type": "Feature", "properties": { "crs": 0.3512, "risk_tier": "medium", "colour": "#FFD600" }, "geometry": { "type": "Point", "coordinates": [ 6.58, 5.32 ] } },
{ "type": "Feature", "properties": { "crs": 0.3512, "risk_tier": "medium", "colour": "#FFD600" }, "geometry": { "type": "Point", "coordinates": [ 6.59, 5.32 ] } },
{ "type": "Feature", "properties": { "crs": 0.3513, "risk_tier": "medium", "colour": "#FFD600" }, "geometry": { "type": "Point", "coordinates": [ 6.6, 5.32 ] } },
{ "type": "Feature", "properties": { "crs": 0.3513, "risk_tier": "medium", "colour": "#FFD600" }, "geometry": { "type": "Point", "coordinates": [ 6.61, 5.32 ] } },
{ "type": "Feature", "properties": { "crs": 0.3516, "risk_tier": "medium", "colour": "#FFD600" }, "geometry": { "type": "Point", "coordinates": [ 6.62, 5.32 ] } },
{ "type": "Feature", "properties": { "crs": 0.3684, "risk_tier": "medium", "colour": "#FFD600" }, "geometry": { "type": "Point", "coordinates": [ 6.63, 5.32 ] } },
{ "type": "Feature", "properties": { "crs": 0.379, "risk_tier": "medium", "colour": "#FFD600" }, "geometry": { "type": "Point", "coordinates": [ 6.64, 5.32 ] } },
{ "type": "Feature", "properties": { "crs": 0.3791, "risk_tier": "medium", "colour": "#FFD600" }, "geometry": { "type": "Point", "coordinates": [ 6.65, 5.32 ] } },
{ "type": "Feature", "properties": { "crs": 0.3677, "risk_tier": "medium", "colour": "#FFD600" }, "geometry": { "type": "Point", "coordinates": [ 6.66, 5.32 ] } },
{ "type": "Feature", "properties": { "crs": 0.3664, "risk_tier": "medium", "colour": "#FFD600" }, "geometry": { "type": "Point", "coordinates": [ 6.67, 5.32 ] } },
{ "type": "Feature", "properties": { "crs": 0.3664, "risk_tier": "medium", "colour": "#FFD600" }, "geometry": { "type": "Point", "coordinates": [ 6.68, 5.32 ] } },
{ "type": "Feature", "properties": { "crs": 0.3664, "risk_tier": "medium", "colour": "#FFD600" }, "geometry": { "type": "Point", "coordinates": [ 6.69, 5.32 ] } },
{ "type": "Feature", "properties": { "crs": 0.3665, "risk_tier": "medium", "colour": "#FFD600" }, "geometry": { "type": "Point", "coordinates": [ 6.7, 5.32 ] } },
{ "type": "Feature", "properties": { "crs": 0.3665, "risk_tier": "medium", "colour": "#FFD600" }, "geometry": { "type": "Point", "coordinates": [ 6.71, 5.32 ] } },
{ "type": "Feature", "properties": { "crs": 0.3089, "risk_tier": "medium", "colour": "#FFD600" }, "geometry": { "type": "Point", "coordinates": [ 6.72, 5.32 ] } },
{ "type": "Feature", "properties": { "crs": 0.3065, "risk_tier": "medium", "colour": "#FFD600" }, "geometry": { "type": "Point", "coordinates": [ 6.73, 5.32 ] } },
{ "type": "Feature", "properties": { "crs": 0.3198, "risk_tier": "medium", "colour": "#FFD600" }, "geometry": { "type": "Point", "coordinates": [ 6.74, 5.32 ] } },
{ "type": "Feature", "properties": { "crs": 0.3198, "risk_tier": "medium", "colour": "#FFD600" }, "geometry": { "type": "Point", "coordinates": [ 6.75, 5.32 ] } },
{ "type": "Feature", "properties": { "crs": 0.2807, "risk_tier": "medium", "colour": "#FFD600" }, "geometry": { "type": "Point", "coordinates": [ 6.76, 5.32 ] } },
{ "type": "Feature", "properties": { "crs": 0.2955, "risk_tier": "medium", "colour": "#FFD600" }, "geometry": { "type": "Point", "coordinates": [ 6.77, 5.32 ] } },
{ "type": "Feature", "properties": { "crs": 0.2843, "risk_tier": "medium", "colour": "#FFD600" }, "geometry": { "type": "Point", "coordinates": [ 6.78, 5.32 ] } },
{ "type": "Feature", "properties": { "crs": 0.2955, "risk_tier": "medium", "colour": "#FFD600" }, "geometry": { "type": "Point", "coordinates": [ 6.79, 5.32 ] } },
{ "type": "Feature", "properties": { "crs": 0.2807, "risk_tier": "medium", "colour": "#FFD600" }, "geometry": { "type": "Point", "coordinates": [ 6.8, 5.32 ] } },
{ "type": "Feature", "properties": { "crs": 0.264, "risk_tier": "medium", "colour": "#FFD600" }, "geometry": { "type": "Point", "coordinates": [ 6.81, 5.32 ] } },
{ "type": "Feature", "properties": { "crs": 0.264, "risk_tier": "medium", "colour": "#FFD600" }, "geometry": { "type": "Point", "coordinates": [ 6.82, 5.32 ] } },
{ "type": "Feature", "properties": { "crs": 0.28, "risk_tier": "medium", "colour": "#FFD600" }, "geometry": { "type": "Point", "coordinates": [ 6.83, 5.32 ] } },
{ "type": "Feature", "properties": { "crs": 0.28, "risk_tier": "medium", "colour": "#FFD600" }, "geometry": { "type": "Point", "coordinates": [ 6.84, 5.32 ] } },
{ "type": "Feature", "properties": { "crs": 0.2639, "risk_tier": "medium", "colour": "#FFD600" }, "geometry": { "type": "Point", "coordinates": [ 6.85, 5.32 ] } },
{ "type": "Feature", "properties": { "crs": 0.1632, "risk_tier": "low", "colour": "#69F0AE" }, "geometry": { "type": "Point", "coordinates": [ 6.39, 5.33 ] } },
{ "type": "Feature", "properties": { "crs": 0.1633, "risk_tier": "low", "colour": "#69F0AE" }, "geometry": { "type": "Point", "coordinates": [ 6.4, 5.33 ] } },
{ "type": "Feature", "properties": { "crs": 0.1634, "risk_tier": "low", "colour": "#69F0AE" }, "geometry": { "type": "Point", "coordinates": [ 6.41, 5.33 ] } },
{ "type": "Feature", "properties": { "crs": 0.1634, "risk_tier": "low", "colour": "#69F0AE" }, "geometry": { "type": "Point", "coordinates": [ 6.42, 5.33 ] } },
{ "type": "Feature", "properties": { "crs": 0.1633, "risk_tier": "low", "colour": "#69F0AE" }, "geometry": { "type": "Point", "coordinates": [ 6.43, 5.33 ] } },
{ "type": "Feature", "properties": { "crs": 0.1633, "risk_tier": "low", "colour": "#69F0AE" }, "geometry": { "type": "Point", "coordinates": [ 6.44, 5.33 ] } },
{ "type": "Feature", "properties": { "crs": 0.1584, "risk_tier": "low", "colour": "#69F0AE" }, "geometry": { "type": "Point", "coordinates": [ 6.45, 5.33 ] } },
{ "type": "Feature", "properties": { "crs": 0.1536, "risk_tier": "low", "colour": "#69F0AE" }, "geometry": { "type": "Point", "coordinates": [ 6.46, 5.33 ] } },
{ "type": "Feature", "properties": { "crs": 0.1575, "risk_tier": "low", "colour": "#69F0AE" }, "geometry": { "type": "Point", "coordinates": [ 6.47, 5.33 ] } },
{ "type": "Feature", "properties": { "crs": 0.1642, "risk_tier": "low", "colour": "#69F0AE" }, "geometry": { "type": "Point", "coordinates": [ 6.48, 5.33 ] } },
{ "type": "Feature", "properties": { "crs": 0.278, "risk_tier": "medium", "colour": "#FFD600" }, "geometry": { "type": "Point", "coordinates": [ 6.49, 5.33 ] } },
{ "type": "Feature", "properties": { "crs": 0.2781, "risk_tier": "medium", "colour": "#FFD600" }, "geometry": { "type": "Point", "coordinates": [ 6.5, 5.33 ] } },
{ "type": "Feature", "properties": { "crs": 0.2757, "risk_tier": "medium", "colour": "#FFD600" }, "geometry": { "type": "Point", "coordinates": [ 6.51, 5.33 ] } },
{ "type": "Feature", "properties": { "crs": 0.3022, "risk_tier": "medium", "colour": "#FFD600" }, "geometry": { "type": "Point", "coordinates": [ 6.52, 5.33 ] } },
{ "type": "Feature", "properties": { "crs": 0.2943, "risk_tier": "medium", "colour": "#FFD600" }, "geometry": { "type": "Point", "coordinates": [ 6.53, 5.33 ] } },
{ "type": "Feature", "properties": { "crs": 0.3623, "risk_tier": "medium", "colour": "#FFD600" }, "geometry": { "type": "Point", "coordinates": [ 6.54, 5.33 ] } },
{ "type": "Feature", "properties": { "crs": 0.3506, "risk_tier": "medium", "colour": "#FFD600" }, "geometry": { "type": "Point", "coordinates": [ 6.55, 5.33 ] } },
{ "type": "Feature", "properties": { "crs": 0.3539, "risk_tier": "medium", "colour": "#FFD600" }, "geometry": { "type": "Point", "coordinates": [ 6.56, 5.33 ] } },
{ "type": "Feature", "properties": { "crs": 0.3511, "risk_tier": "medium", "colour": "#FFD600" }, "geometry": { "type": "Point", "coordinates": [ 6.57, 5.33 ] } },
{ "type": "Feature", "properties": { "crs": 0.3512, "risk_tier": "medium", "colour": "#FFD600" }, "geometry": { "type": "Point", "coordinates": [ 6.58, 5.33 ] } },
{ "type": "Feature", "properties": { "crs": 0.3512, "risk_tier": "medium", "colour": "#FFD600" }, "geometry": { "type": "Point", "coordinates": [ 6.59, 5.33 ] } },
{ "type": "Feature", "properties": { "crs": 0.3515, "risk_tier": "medium", "colour": "#FFD600" }, "geometry": { "type": "Point", "coordinates": [ 6.6, 5.33 ] } },
{ "type": "Feature", "properties": { "crs": 0.3515, "risk_tier": "medium", "colour": "#FFD600" }, "geometry": { "type": "Point", "coordinates": [ 6.61, 5.33 ] } },
{ "type": "Feature", "properties": { "crs": 0.37, "risk_tier": "medium", "colour": "#FFD600" }, "geometry": { "type": "Point", "coordinates": [ 6.62, 5.33 ] } },
{ "type": "Feature", "properties": { "crs": 0.379, "risk_tier": "medium", "colour": "#FFD600" }, "geometry": { "type": "Point", "coordinates": [ 6.63, 5.33 ] } },
{ "type": "Feature", "properties": { "crs": 0.3638, "risk_tier": "medium", "colour": "#FFD600" }, "geometry": { "type": "Point", "coordinates": [ 6.64, 5.33 ] } },
{ "type": "Feature", "properties": { "crs": 0.3663, "risk_tier": "medium", "colour": "#FFD600" }, "geometry": { "type": "Point", "coordinates": [ 6.65, 5.33 ] } },
{ "type": "Feature", "properties": { "crs": 0.3664, "risk_tier": "medium", "colour": "#FFD600" }, "geometry": { "type": "Point", "coordinates": [ 6.66, 5.33 ] } },
{ "type": "Feature", "properties": { "crs": 0.3791, "risk_tier": "medium", "colour": "#FFD600" }, "geometry": { "type": "Point", "coordinates": [ 6.67, 5.33 ] } },
{ "type": "Feature", "properties": { "crs": 0.3664, "risk_tier": "medium", "colour": "#FFD600" }, "geometry": { "type": "Point", "coordinates": [ 6.68, 5.33 ] } },
{ "type": "Feature", "properties": { "crs": 0.364, "risk_tier": "medium", "colour": "#FFD600" }, "geometry": { "type": "Point", "coordinates": [ 6.69, 5.33 ] } },
{ "type": "Feature", "properties": { "crs": 0.364, "risk_tier": "medium", "colour": "#FFD600" }, "geometry": { "type": "Point", "coordinates": [ 6.7, 5.33 ] } },
{ "type": "Feature", "properties": { "crs": 0.364, "risk_tier": "medium", "colour": "#FFD600" }, "geometry": { "type": "Point", "coordinates": [ 6.71, 5.33 ] } },
{ "type": "Feature", "properties": { "crs": 0.3792, "risk_tier": "medium", "colour": "#FFD600" }, "geometry": { "type": "Point", "coordinates": [ 6.72, 5.33 ] } },
{ "type": "Feature", "properties": { "crs": 0.3833, "risk_tier": "medium", "colour": "#FFD600" }, "geometry": { "type": "Point", "coordinates": [ 6.73, 5.33 ] } },
{ "type": "Feature", "properties": { "crs": 0.3178, "risk_tier": "medium", "colour": "#FFD600" }, "geometry": { "type": "Point", "coordinates": [ 6.74, 5.33 ] } },
{ "type": "Feature", "properties": { "crs": 0.3037, "risk_tier": "medium", "colour": "#FFD600" }, "geometry": { "type": "Point", "coordinates": [ 6.75, 5.33 ] } },
{ "type": "Feature", "properties": { "crs": 0.3037, "risk_tier": "medium", "colour": "#FFD600" }, "geometry": { "type": "Point", "coordinates": [ 6.76, 5.33 ] } },
{ "type": "Feature", "properties": { "crs": 0.2955, "risk_tier": "medium", "colour": "#FFD600" }, "geometry": { "type": "Point", "coordinates": [ 6.77, 5.33 ] } },
{ "type": "Feature", "properties": { "crs": 0.2807, "risk_tier": "medium", "colour": "#FFD600" }, "geometry": { "type": "Point", "coordinates": [ 6.78, 5.33 ] } },
{ "type": "Feature", "properties": { "crs": 0.2955, "risk_tier": "medium", "colour": "#FFD600" }, "geometry": { "type": "Point", "coordinates": [ 6.79, 5.33 ] } },
{ "type": "Feature", "properties": { "crs": 0.2806, "risk_tier": "medium", "colour": "#FFD600" }, "geometry": { "type": "Point", "coordinates": [ 6.8, 5.33 ] } },
{ "type": "Feature", "properties": { "crs": 0.264, "risk_tier": "medium", "colour": "#FFD600" }, "geometry": { "type": "Point", "coordinates": [ 6.81, 5.33 ] } },
{ "type": "Feature", "properties": { "crs": 0.264, "risk_tier": "medium", "colour": "#FFD600" }, "geometry": { "type": "Point", "coordinates": [ 6.82, 5.33 ] } },
{ "type": "Feature", "properties": { "crs": 0.264, "risk_tier": "medium", "colour": "#FFD600" }, "geometry": { "type": "Point", "coordinates": [ 6.83, 5.33 ] } },
{ "type": "Feature", "properties": { "crs": 0.2639, "risk_tier": "medium", "colour": "#FFD600" }, "geometry": { "type": "Point", "coordinates": [ 6.84, 5.33 ] } },
{ "type": "Feature", "properties": { "crs": 0.2639, "risk_tier": "medium", "colour": "#FFD600" }, "geometry": { "type": "Point", "coordinates": [ 6.85, 5.33 ] } },
{ "type": "Feature", "properties": { "crs": 0.1633, "risk_tier": "low", "colour": "#69F0AE" }, "geometry": { "type": "Point", "coordinates": [ 6.4, 5.34 ] } },
{ "type": "Feature", "properties": { "crs": 0.1634, "risk_tier": "low", "colour": "#69F0AE" }, "geometry": { "type": "Point", "coordinates": [ 6.41, 5.34 ] } },
{ "type": "Feature", "properties": { "crs": 0.1634, "risk_tier": "low", "colour": "#69F0AE" }, "geometry": { "type": "Point", "coordinates": [ 6.42, 5.34 ] } },
{ "type": "Feature", "properties": { "crs": 0.1634, "risk_tier": "low", "colour": "#69F0AE" }, "geometry": { "type": "Point", "coordinates": [ 6.43, 5.34 ] } },
{ "type": "Feature", "properties": { "crs": 0.1634, "risk_tier": "low", "colour": "#69F0AE" }, "geometry": { "type": "Point", "coordinates": [ 6.44, 5.34 ] } },
{ "type": "Feature", "properties": { "crs": 0.1633, "risk_tier": "low", "colour": "#69F0AE" }, "geometry": { "type": "Point", "coordinates": [ 6.45, 5.34 ] } },
{ "type": "Feature", "properties": { "crs": 0.1545, "risk_tier": "low", "colour": "#69F0AE" }, "geometry": { "type": "Point", "coordinates": [ 6.46, 5.34 ] } },
{ "type": "Feature", "properties": { "crs": 0.1624, "risk_tier": "low", "colour": "#69F0AE" }, "geometry": { "type": "Point", "coordinates": [ 6.47, 5.34 ] } },
{ "type": "Feature", "properties": { "crs": 0.1625, "risk_tier": "low", "colour": "#69F0AE" }, "geometry": { "type": "Point", "coordinates": [ 6.48, 5.34 ] } },
{ "type": "Feature", "properties": { "crs": 0.2756, "risk_tier": "medium", "colour": "#FFD600" }, "geometry": { "type": "Point", "coordinates": [ 6.49, 5.34 ] } },
{ "type": "Feature", "properties": { "crs": 0.2757, "risk_tier": "medium", "colour": "#FFD600" }, "geometry": { "type": "Point", "coordinates": [ 6.5, 5.34 ] } },
{ "type": "Feature", "properties": { "crs": 0.3021, "risk_tier": "medium", "colour": "#FFD600" }, "geometry": { "type": "Point", "coordinates": [ 6.51, 5.34 ] } },
{ "type": "Feature", "properties": { "crs": 0.2918, "risk_tier": "medium", "colour": "#FFD600" }, "geometry": { "type": "Point", "coordinates": [ 6.52, 5.34 ] } },
{ "type": "Feature", "properties": { "crs": 0.36, "risk_tier": "medium", "colour": "#FFD600" }, "geometry": { "type": "Point", "coordinates": [ 6.53, 5.34 ] } },
{ "type": "Feature", "properties": { "crs": 0.3624, "risk_tier": "medium", "colour": "#FFD600" }, "geometry": { "type": "Point", "coordinates": [ 6.54, 5.34 ] } },
{ "type": "Feature", "properties": { "crs": 0.3478, "risk_tier": "medium", "colour": "#FFD600" }, "geometry": { "type": "Point", "coordinates": [ 6.55, 5.34 ] } },
{ "type": "Feature", "properties": { "crs": 0.3512, "risk_tier": "medium", "colour": "#FFD600" }, "geometry": { "type": "Point", "coordinates": [ 6.56, 5.34 ] } },
{ "type": "Feature", "properties": { "crs": 0.3659, "risk_tier": "medium", "colour": "#FFD600" }, "geometry": { "type": "Point", "coordinates": [ 6.57, 5.34 ] } },
{ "type": "Feature", "properties": { "crs": 0.3514, "risk_tier": "medium", "colour": "#FFD600" }, "geometry": { "type": "Point", "coordinates": [ 6.58, 5.34 ] } },
{ "type": "Feature", "properties": { "crs": 0.3515, "risk_tier": "medium", "colour": "#FFD600" }, "geometry": { "type": "Point", "coordinates": [ 6.59, 5.34 ] } },
{ "type": "Feature", "properties": { "crs": 0.3661, "risk_tier": "medium", "colour": "#FFD600" }, "geometry": { "type": "Point", "coordinates": [ 6.6, 5.34 ] } },
{ "type": "Feature", "properties": { "crs": 0.3637, "risk_tier": "medium", "colour": "#FFD600" }, "geometry": { "type": "Point", "coordinates": [ 6.61, 5.34 ] } },
{ "type": "Feature", "properties": { "crs": 0.3638, "risk_tier": "medium", "colour": "#FFD600" }, "geometry": { "type": "Point", "coordinates": [ 6.62, 5.34 ] } },
{ "type": "Feature", "properties": { "crs": 0.379, "risk_tier": "medium", "colour": "#FFD600" }, "geometry": { "type": "Point", "coordinates": [ 6.63, 5.34 ] } },
{ "type": "Feature", "properties": { "crs": 0.3638, "risk_tier": "medium", "colour": "#FFD600" }, "geometry": { "type": "Point", "coordinates": [ 6.64, 5.34 ] } },
{ "type": "Feature", "properties": { "crs": 0.3639, "risk_tier": "medium", "colour": "#FFD600" }, "geometry": { "type": "Point", "coordinates": [ 6.65, 5.34 ] } },
{ "type": "Feature", "properties": { "crs": 0.3676, "risk_tier": "medium", "colour": "#FFD600" }, "geometry": { "type": "Point", "coordinates": [ 6.66, 5.34 ] } },
{ "type": "Feature", "properties": { "crs": 0.3791, "risk_tier": "medium", "colour": "#FFD600" }, "geometry": { "type": "Point", "coordinates": [ 6.67, 5.34 ] } },
{ "type": "Feature", "properties": { "crs": 0.3677, "risk_tier": "medium", "colour": "#FFD600" }, "geometry": { "type": "Point", "coordinates": [ 6.68, 5.34 ] } },
{ "type": "Feature", "properties": { "crs": 0.364, "risk_tier": "medium", "colour": "#FFD600" }, "geometry": { "type": "Point", "coordinates": [ 6.69, 5.34 ] } },
{ "type": "Feature", "properties": { "crs": 0.364, "risk_tier": "medium", "colour": "#FFD600" }, "geometry": { "type": "Point", "coordinates": [ 6.7, 5.34 ] } },
{ "type": "Feature", "properties": { "crs": 0.3792, "risk_tier": "medium", "colour": "#FFD600" }, "geometry": { "type": "Point", "coordinates": [ 6.71, 5.34 ] } },
{ "type": "Feature", "properties": { "crs": 0.3792, "risk_tier": "medium", "colour": "#FFD600" }, "geometry": { "type": "Point", "coordinates": [ 6.72, 5.34 ] } },
{ "type": "Feature", "properties": { "crs": 0.3677, "risk_tier": "medium", "colour": "#FFD600" }, "geometry": { "type": "Point", "coordinates": [ 6.73, 5.34 ] } },
{ "type": "Feature", "properties": { "crs": 0.2959, "risk_tier": "medium", "colour": "#FFD600" }, "geometry": { "type": "Point", "coordinates": [ 6.74, 5.34 ] } },
{ "type": "Feature", "properties": { "crs": 0.3038, "risk_tier": "medium", "colour": "#FFD600" }, "geometry": { "type": "Point", "coordinates": [ 6.75, 5.34 ] } },
{ "type": "Feature", "properties": { "crs": 0.3046, "risk_tier": "medium", "colour": "#FFD600" }, "geometry": { "type": "Point", "coordinates": [ 6.76, 5.34 ] } },
{ "type": "Feature", "properties": { "crs": 0.2807, "risk_tier": "medium", "colour": "#FFD600" }, "geometry": { "type": "Point", "coordinates": [ 6.77, 5.34 ] } },
{ "type": "Feature", "properties": { "crs": 0.2807, "risk_tier": "medium", "colour": "#FFD600" }, "geometry": { "type": "Point", "coordinates": [ 6.78, 5.34 ] } },
{ "type": "Feature", "properties": { "crs": 0.2955, "risk_tier": "medium", "colour": "#FFD600" }, "geometry": { "type": "Point", "coordinates": [ 6.79, 5.34 ] } },
{ "type": "Feature", "properties": { "crs": 0.2843, "risk_tier": "medium", "colour": "#FFD600" }, "geometry": { "type": "Point", "coordinates": [ 6.8, 5.34 ] } },
{ "type": "Feature", "properties": { "crs": 0.2806, "risk_tier": "medium", "colour": "#FFD600" }, "geometry": { "type": "Point", "coordinates": [ 6.81, 5.34 ] } },
{ "type": "Feature", "properties": { "crs": 0.264, "risk_tier": "medium", "colour": "#FFD600" }, "geometry": { "type": "Point", "coordinates": [ 6.82, 5.34 ] } },
{ "type": "Feature", "properties": { "crs": 0.264, "risk_tier": "medium", "colour": "#FFD600" }, "geometry": { "type": "Point", "coordinates": [ 6.83, 5.34 ] } },
{ "type": "Feature", "properties": { "crs": 0.2639, "risk_tier": "medium", "colour": "#FFD600" }, "geometry": { "type": "Point", "coordinates": [ 6.84, 5.34 ] } },
{ "type": "Feature", "properties": { "crs": 0.2639, "risk_tier": "medium", "colour": "#FFD600" }, "geometry": { "type": "Point", "coordinates": [ 6.85, 5.34 ] } },
{ "type": "Feature", "properties": { "crs": 0.2224, "risk_tier": "low", "colour": "#69F0AE" }, "geometry": { "type": "Point", "coordinates": [ 6.86, 5.34 ] } },
{ "type": "Feature", "properties": { "crs": 0.1746, "risk_tier": "low", "colour": "#69F0AE" }, "geometry": { "type": "Point", "coordinates": [ 6.41, 5.35 ] } },
{ "type": "Feature", "properties": { "crs": 0.1634, "risk_tier": "low", "colour": "#69F0AE" }, "geometry": { "type": "Point", "coordinates": [ 6.42, 5.35 ] } },
{ "type": "Feature", "properties": { "crs": 0.1634, "risk_tier": "low", "colour": "#69F0AE" }, "geometry": { "type": "Point", "coordinates": [ 6.43, 5.35 ] } },
{ "type": "Feature", "properties": { "crs": 0.1634, "risk_tier": "low", "colour": "#69F0AE" }, "geometry": { "type": "Point", "coordinates": [ 6.44, 5.35 ] } },
{ "type": "Feature", "properties": { "crs": 0.1633, "risk_tier": "low", "colour": "#69F0AE" }, "geometry": { "type": "Point", "coordinates": [ 6.45, 5.35 ] } },
{ "type": "Feature", "properties": { "crs": 0.1585, "risk_tier": "low", "colour": "#69F0AE" }, "geometry": { "type": "Point", "coordinates": [ 6.46, 5.35 ] } },
{ "type": "Feature", "properties": { "crs": 0.1633, "risk_tier": "low", "colour": "#69F0AE" }, "geometry": { "type": "Point", "coordinates": [ 6.47, 5.35 ] } },
{ "type": "Feature", "properties": { "crs": 0.1625, "risk_tier": "low", "colour": "#69F0AE" }, "geometry": { "type": "Point", "coordinates": [ 6.48, 5.35 ] } },
{ "type": "Feature", "properties": { "crs": 0.2757, "risk_tier": "medium", "colour": "#FFD600" }, "geometry": { "type": "Point", "coordinates": [ 6.49, 5.35 ] } },
{ "type": "Feature", "properties": { "crs": 0.2757, "risk_tier": "medium", "colour": "#FFD600" }, "geometry": { "type": "Point", "coordinates": [ 6.5, 5.35 ] } },
{ "type": "Feature", "properties": { "crs": 0.3148, "risk_tier": "medium", "colour": "#FFD600" }, "geometry": { "type": "Point", "coordinates": [ 6.51, 5.35 ] } },
{ "type": "Feature", "properties": { "crs": 0.3599, "risk_tier": "medium", "colour": "#FFD600" }, "geometry": { "type": "Point", "coordinates": [ 6.52, 5.35 ] } },
{ "type": "Feature", "properties": { "crs": 0.36, "risk_tier": "medium", "colour": "#FFD600" }, "geometry": { "type": "Point", "coordinates": [ 6.53, 5.35 ] } },
{ "type": "Feature", "properties": { "crs": 0.36, "risk_tier": "medium", "colour": "#FFD600" }, "geometry": { "type": "Point", "coordinates": [ 6.54, 5.35 ] } },
{ "type": "Feature", "properties": { "crs": 0.3478, "risk_tier": "medium", "colour": "#FFD600" }, "geometry": { "type": "Point", "coordinates": [ 6.55, 5.35 ] } },
{ "type": "Feature", "properties": { "crs": 0.366, "risk_tier": "medium", "colour": "#FFD600" }, "geometry": { "type": "Point", "coordinates": [ 6.56, 5.35 ] } },
{ "type": "Feature", "properties": { "crs": 0.366, "risk_tier": "medium", "colour": "#FFD600" }, "geometry": { "type": "Point", "coordinates": [ 6.57, 5.35 ] } },
{ "type": "Feature", "properties": { "crs": 0.3636, "risk_tier": "medium", "colour": "#FFD600" }, "geometry": { "type": "Point", "coordinates": [ 6.58, 5.35 ] } },
{ "type": "Feature", "properties": { "crs": 0.3636, "risk_tier": "medium", "colour": "#FFD600" }, "geometry": { "type": "Point", "coordinates": [ 6.59, 5.35 ] } },
{ "type": "Feature", "properties": { "crs": 0.3637, "risk_tier": "medium", "colour": "#FFD600" }, "geometry": { "type": "Point", "coordinates": [ 6.6, 5.35 ] } },
{ "type": "Feature", "properties": { "crs": 0.3637, "risk_tier": "medium", "colour": "#FFD600" }, "geometry": { "type": "Point", "coordinates": [ 6.61, 5.35 ] } },
{ "type": "Feature", "properties": { "crs": 0.3638, "risk_tier": "medium", "colour": "#FFD600" }, "geometry": { "type": "Point", "coordinates": [ 6.62, 5.35 ] } },
{ "type": "Feature", "properties": { "crs": 0.379, "risk_tier": "medium", "colour": "#FFD600" }, "geometry": { "type": "Point", "coordinates": [ 6.63, 5.35 ] } },
{ "type": "Feature", "properties": { "crs": 0.3676, "risk_tier": "medium", "colour": "#FFD600" }, "geometry": { "type": "Point", "coordinates": [ 6.64, 5.35 ] } },
{ "type": "Feature", "properties": { "crs": 0.3676, "risk_tier": "medium", "colour": "#FFD600" }, "geometry": { "type": "Point", "coordinates": [ 6.65, 5.35 ] } },
{ "type": "Feature", "properties": { "crs": 0.3791, "risk_tier": "medium", "colour": "#FFD600" }, "geometry": { "type": "Point", "coordinates": [ 6.66, 5.35 ] } },
{ "type": "Feature", "properties": { "crs": 0.3791, "risk_tier": "medium", "colour": "#FFD600" }, "geometry": { "type": "Point", "coordinates": [ 6.67, 5.35 ] } },
{ "type": "Feature", "properties": { "crs": 0.3791, "risk_tier": "medium", "colour": "#FFD600" }, "geometry": { "type": "Point", "coordinates": [ 6.68, 5.35 ] } },
{ "type": "Feature", "properties": { "crs": 0.3639, "risk_tier": "medium", "colour": "#FFD600" }, "geometry": { "type": "Point", "coordinates": [ 6.69, 5.35 ] } },
{ "type": "Feature", "properties": { "crs": 0.3792, "risk_tier": "medium", "colour": "#FFD600" }, "geometry": { "type": "Point", "coordinates": [ 6.7, 5.35 ] } },
{ "type": "Feature", "properties": { "crs": 0.3792, "risk_tier": "medium", "colour": "#FFD600" }, "geometry": { "type": "Point", "coordinates": [ 6.71, 5.35 ] } },
{ "type": "Feature", "properties": { "crs": 0.364, "risk_tier": "medium", "colour": "#FFD600" }, "geometry": { "type": "Point", "coordinates": [ 6.72, 5.35 ] } },
{ "type": "Feature", "properties": { "crs": 0.364, "risk_tier": "medium", "colour": "#FFD600" }, "geometry": { "type": "Point", "coordinates": [ 6.73, 5.35 ] } },
{ "type": "Feature", "properties": { "crs": 0.364, "risk_tier": "medium", "colour": "#FFD600" }, "geometry": { "type": "Point", "coordinates": [ 6.74, 5.35 ] } },
{ "type": "Feature", "properties": { "crs": 0.3025, "risk_tier": "medium", "colour": "#FFD600" }, "geometry": { "type": "Point", "coordinates": [ 6.75, 5.35 ] } },
{ "type": "Feature", "properties": { "crs": 0.3046, "risk_tier": "medium", "colour": "#FFD600" }, "geometry": { "type": "Point", "coordinates": [ 6.76, 5.35 ] } },
{ "type": "Feature", "properties": { "crs": 0.2807, "risk_tier": "medium", "colour": "#FFD600" }, "geometry": { "type": "Point", "coordinates": [ 6.77, 5.35 ] } },
{ "type": "Feature", "properties": { "crs": 0.2807, "risk_tier": "medium", "colour": "#FFD600" }, "geometry": { "type": "Point", "coordinates": [ 6.78, 5.35 ] } },
{ "type": "Feature", "properties": { "crs": 0.2955, "risk_tier": "medium", "colour": "#FFD600" }, "geometry": { "type": "Point", "coordinates": [ 6.79, 5.35 ] } },
{ "type": "Feature", "properties": { "crs": 0.2955, "risk_tier": "medium", "colour": "#FFD600" }, "geometry": { "type": "Point", "coordinates": [ 6.8, 5.35 ] } },
{ "type": "Feature", "properties": { "crs": 0.2806, "risk_tier": "medium", "colour": "#FFD600" }, "geometry": { "type": "Point", "coordinates": [ 6.81, 5.35 ] } },
{ "type": "Feature", "properties": { "crs": 0.264, "risk_tier": "medium", "colour": "#FFD600" }, "geometry": { "type": "Point", "coordinates": [ 6.82, 5.35 ] } },
{ "type": "Feature", "properties": { "crs": 0.264, "risk_tier": "medium", "colour": "#FFD600" }, "geometry": { "type": "Point", "coordinates": [ 6.83, 5.35 ] } },
{ "type": "Feature", "properties": { "crs": 0.28, "risk_tier": "medium", "colour": "#FFD600" }, "geometry": { "type": "Point", "coordinates": [ 6.84, 5.35 ] } },
{ "type": "Feature", "properties": { "crs": 0.2675, "risk_tier": "medium", "colour": "#FFD600" }, "geometry": { "type": "Point", "coordinates": [ 6.85, 5.35 ] } },
{ "type": "Feature", "properties": { "crs": 0.1566, "risk_tier": "low", "colour": "#69F0AE" }, "geometry": { "type": "Point", "coordinates": [ 6.86, 5.35 ] } },
{ "type": "Feature", "properties": { "crs": 0.175, "risk_tier": "low", "colour": "#69F0AE" }, "geometry": { "type": "Point", "coordinates": [ 6.41, 5.36 ] } },
{ "type": "Feature", "properties": { "crs": 0.1637, "risk_tier": "low", "colour": "#69F0AE" }, "geometry": { "type": "Point", "coordinates": [ 6.42, 5.36 ] } },
{ "type": "Feature", "properties": { "crs": 0.1638, "risk_tier": "low", "colour": "#69F0AE" }, "geometry": { "type": "Point", "coordinates": [ 6.43, 5.36 ] } },
{ "type": "Feature", "properties": { "crs": 0.1634, "risk_tier": "low", "colour": "#69F0AE" }, "geometry": { "type": "Point", "coordinates": [ 6.44, 5.36 ] } },
{ "type": "Feature", "properties": { "crs": 0.1633, "risk_tier": "low", "colour": "#69F0AE" }, "geometry": { "type": "Point", "coordinates": [ 6.45, 5.36 ] } },
{ "type": "Feature", "properties": { "crs": 0.1634, "risk_tier": "low", "colour": "#69F0AE" }, "geometry": { "type": "Point", "coordinates": [ 6.46, 5.36 ] } },
{ "type": "Feature", "properties": { "crs": 0.1625, "risk_tier": "low", "colour": "#69F0AE" }, "geometry": { "type": "Point", "coordinates": [ 6.47, 5.36 ] } },
{ "type": "Feature", "properties": { "crs": 0.1626, "risk_tier": "low", "colour": "#69F0AE" }, "geometry": { "type": "Point", "coordinates": [ 6.48, 5.36 ] } },
{ "type": "Feature", "properties": { "crs": 0.2756, "risk_tier": "medium", "colour": "#FFD600" }, "geometry": { "type": "Point", "coordinates": [ 6.49, 5.36 ] } },
{ "type": "Feature", "properties": { "crs": 0.2757, "risk_tier": "medium", "colour": "#FFD600" }, "geometry": { "type": "Point", "coordinates": [ 6.5, 5.36 ] } },
{ "type": "Feature", "properties": { "crs": 0.2918, "risk_tier": "medium", "colour": "#FFD600" }, "geometry": { "type": "Point", "coordinates": [ 6.51, 5.36 ] } },
{ "type": "Feature", "properties": { "crs": 0.364, "risk_tier": "medium", "colour": "#FFD600" }, "geometry": { "type": "Point", "coordinates": [ 6.52, 5.36 ] } },
{ "type": "Feature", "properties": { "crs": 0.36, "risk_tier": "medium", "colour": "#FFD600" }, "geometry": { "type": "Point", "coordinates": [ 6.53, 5.36 ] } },
{ "type": "Feature", "properties": { "crs": 0.36, "risk_tier": "medium", "colour": "#FFD600" }, "geometry": { "type": "Point", "coordinates": [ 6.54, 5.36 ] } },
{ "type": "Feature", "properties": { "crs": 0.36, "risk_tier": "medium", "colour": "#FFD600" }, "geometry": { "type": "Point", "coordinates": [ 6.55, 5.36 ] } },
{ "type": "Feature", "properties": { "crs": 0.3635, "risk_tier": "medium", "colour": "#FFD600" }, "geometry": { "type": "Point", "coordinates": [ 6.56, 5.36 ] } },
{ "type": "Feature", "properties": { "crs": 0.3636, "risk_tier": "medium", "colour": "#FFD600" }, "geometry": { "type": "Point", "coordinates": [ 6.57, 5.36 ] } },
{ "type": "Feature", "properties": { "crs": 0.3636, "risk_tier": "medium", "colour": "#FFD600" }, "geometry": { "type": "Point", "coordinates": [ 6.58, 5.36 ] } },
{ "type": "Feature", "properties": { "crs": 0.3674, "risk_tier": "medium", "colour": "#FFD600" }, "geometry": { "type": "Point", "coordinates": [ 6.59, 5.36 ] } },
{ "type": "Feature", "properties": { "crs": 0.3789, "risk_tier": "medium", "colour": "#FFD600" }, "geometry": { "type": "Point", "coordinates": [ 6.6, 5.36 ] } },
{ "type": "Feature", "properties": { "crs": 0.3675, "risk_tier": "medium", "colour": "#FFD600" }, "geometry": { "type": "Point", "coordinates": [ 6.61, 5.36 ] } },
{ "type": "Feature", "properties": { "crs": 0.3789, "risk_tier": "medium", "colour": "#FFD600" }, "geometry": { "type": "Point", "coordinates": [ 6.62, 5.36 ] } },
{ "type": "Feature", "properties": { "crs": 0.379, "risk_tier": "medium", "colour": "#FFD600" }, "geometry": { "type": "Point", "coordinates": [ 6.63, 5.36 ] } },
{ "type": "Feature", "properties": { "crs": 0.379, "risk_tier": "medium", "colour": "#FFD600" }, "geometry": { "type": "Point", "coordinates": [ 6.64, 5.36 ] } },
{ "type": "Feature", "properties": { "crs": 0.379, "risk_tier": "medium", "colour": "#FFD600" }, "geometry": { "type": "Point", "coordinates": [ 6.65, 5.36 ] } },
{ "type": "Feature", "properties": { "crs": 0.3791, "risk_tier": "medium", "colour": "#FFD600" }, "geometry": { "type": "Point", "coordinates": [ 6.66, 5.36 ] } },
{ "type": "Feature", "properties": { "crs": 0.3791, "risk_tier": "medium", "colour": "#FFD600" }, "geometry": { "type": "Point", "coordinates": [ 6.67, 5.36 ] } },
{ "type": "Feature", "properties": { "crs": 0.3791, "risk_tier": "medium", "colour": "#FFD600" }, "geometry": { "type": "Point", "coordinates": [ 6.68, 5.36 ] } },
{ "type": "Feature", "properties": { "crs": 0.462, "risk_tier": "medium", "colour": "#FFD600" }, "geometry": { "type": "Point", "coordinates": [ 6.69, 5.36 ] } },
{ "type": "Feature", "properties": { "crs": 0.4857, "risk_tier": "medium", "colour": "#FFD600" }, "geometry": { "type": "Point", "coordinates": [ 6.7, 5.36 ] } },
{ "type": "Feature", "properties": { "crs": 0.364, "risk_tier": "medium", "colour": "#FFD600" }, "geometry": { "type": "Point", "coordinates": [ 6.71, 5.36 ] } },
{ "type": "Feature", "properties": { "crs": 0.364, "risk_tier": "medium", "colour": "#FFD600" }, "geometry": { "type": "Point", "coordinates": [ 6.72, 5.36 ] } },
{ "type": "Feature", "properties": { "crs": 0.364, "risk_tier": "medium", "colour": "#FFD600" }, "geometry": { "type": "Point", "coordinates": [ 6.73, 5.36 ] } },
{ "type": "Feature", "properties": { "crs": 0.3639, "risk_tier": "medium", "colour": "#FFD600" }, "geometry": { "type": "Point", "coordinates": [ 6.74, 5.36 ] } },
{ "type": "Feature", "properties": { "crs": 0.3649, "risk_tier": "medium", "colour": "#FFD600" }, "geometry": { "type": "Point", "coordinates": [ 6.75, 5.36 ] } },
{ "type": "Feature", "properties": { "crs": 0.3034, "risk_tier": "medium", "colour": "#FFD600" }, "geometry": { "type": "Point", "coordinates": [ 6.76, 5.36 ] } },
{ "type": "Feature", "properties": { "crs": 0.3046, "risk_tier": "medium", "colour": "#FFD600" }, "geometry": { "type": "Point", "coordinates": [ 6.77, 5.36 ] } },
{ "type": "Feature", "properties": { "crs": 0.2807, "risk_tier": "medium", "colour": "#FFD600" }, "geometry": { "type": "Point", "coordinates": [ 6.78, 5.36 ] } },
{ "type": "Feature", "properties": { "crs": 0.2955, "risk_tier": "medium", "colour": "#FFD600" }, "geometry": { "type": "Point", "coordinates": [ 6.79, 5.36 ] } },
{ "type": "Feature", "properties": { "crs": 0.2955, "risk_tier": "medium", "colour": "#FFD600" }, "geometry": { "type": "Point", "coordinates": [ 6.8, 5.36 ] } },
{ "type": "Feature", "properties": { "crs": 0.2806, "risk_tier": "medium", "colour": "#FFD600" }, "geometry": { "type": "Point", "coordinates": [ 6.81, 5.36 ] } },
{ "type": "Feature", "properties": { "crs": 0.264, "risk_tier": "medium", "colour": "#FFD600" }, "geometry": { "type": "Point", "coordinates": [ 6.82, 5.36 ] } },
{ "type": "Feature", "properties": { "crs": 0.2639, "risk_tier": "medium", "colour": "#FFD600" }, "geometry": { "type": "Point", "coordinates": [ 6.83, 5.36 ] } },
{ "type": "Feature", "properties": { "crs": 0.2373, "risk_tier": "low", "colour": "#69F0AE" }, "geometry": { "type": "Point", "coordinates": [ 6.84, 5.36 ] } },
{ "type": "Feature", "properties": { "crs": 0.2373, "risk_tier": "low", "colour": "#69F0AE" }, "geometry": { "type": "Point", "coordinates": [ 6.85, 5.36 ] } },
{ "type": "Feature", "properties": { "crs": 0.1566, "risk_tier": "low", "colour": "#69F0AE" }, "geometry": { "type": "Point", "coordinates": [ 6.86, 5.36 ] } },
{ "type": "Feature", "properties": { "crs": 0.1637, "risk_tier": "low", "colour": "#69F0AE" }, "geometry": { "type": "Point", "coordinates": [ 6.41, 5.37 ] } },
{ "type": "Feature", "properties": { "crs": 0.1638, "risk_tier": "low", "colour": "#69F0AE" }, "geometry": { "type": "Point", "coordinates": [ 6.42, 5.37 ] } },
{ "type": "Feature", "properties": { "crs": 0.1638, "risk_tier": "low", "colour": "#69F0AE" }, "geometry": { "type": "Point", "coordinates": [ 6.43, 5.37 ] } },
{ "type": "Feature", "properties": { "crs": 0.1634, "risk_tier": "low", "colour": "#69F0AE" }, "geometry": { "type": "Point", "coordinates": [ 6.44, 5.37 ] } },
{ "type": "Feature", "properties": { "crs": 0.1634, "risk_tier": "low", "colour": "#69F0AE" }, "geometry": { "type": "Point", "coordinates": [ 6.45, 5.37 ] } },
{ "type": "Feature", "properties": { "crs": 0.1634, "risk_tier": "low", "colour": "#69F0AE" }, "geometry": { "type": "Point", "coordinates": [ 6.46, 5.37 ] } },
{ "type": "Feature", "properties": { "crs": 0.1626, "risk_tier": "low", "colour": "#69F0AE" }, "geometry": { "type": "Point", "coordinates": [ 6.47, 5.37 ] } },
{ "type": "Feature", "properties": { "crs": 0.2756, "risk_tier": "medium", "colour": "#FFD600" }, "geometry": { "type": "Point", "coordinates": [ 6.48, 5.37 ] } },
{ "type": "Feature", "properties": { "crs": 0.2757, "risk_tier": "medium", "colour": "#FFD600" }, "geometry": { "type": "Point", "coordinates": [ 6.49, 5.37 ] } },
{ "type": "Feature", "properties": { "crs": 0.2996, "risk_tier": "medium", "colour": "#FFD600" }, "geometry": { "type": "Point", "coordinates": [ 6.5, 5.37 ] } },
{ "type": "Feature", "properties": { "crs": 0.2918, "risk_tier": "medium", "colour": "#FFD600" }, "geometry": { "type": "Point", "coordinates": [ 6.51, 5.37 ] } },
{ "type": "Feature", "properties": { "crs": 0.3599, "risk_tier": "medium", "colour": "#FFD600" }, "geometry": { "type": "Point", "coordinates": [ 6.52, 5.37 ] } },
{ "type": "Feature", "properties": { "crs": 0.36, "risk_tier": "medium", "colour": "#FFD600" }, "geometry": { "type": "Point", "coordinates": [ 6.53, 5.37 ] } },
{ "type": "Feature", "properties": { "crs": 0.3752, "risk_tier": "medium", "colour": "#FFD600" }, "geometry": { "type": "Point", "coordinates": [ 6.54, 5.37 ] } },
{ "type": "Feature", "properties": { "crs": 0.3752, "risk_tier": "medium", "colour": "#FFD600" }, "geometry": { "type": "Point", "coordinates": [ 6.55, 5.37 ] } },
{ "type": "Feature", "properties": { "crs": 0.3635, "risk_tier": "medium", "colour": "#FFD600" }, "geometry": { "type": "Point", "coordinates": [ 6.56, 5.37 ] } },
{ "type": "Feature", "properties": { "crs": 0.3788, "risk_tier": "medium", "colour": "#FFD600" }, "geometry": { "type": "Point", "coordinates": [ 6.57, 5.37 ] } },
{ "type": "Feature", "properties": { "crs": 0.3788, "risk_tier": "medium", "colour": "#FFD600" }, "geometry": { "type": "Point", "coordinates": [ 6.58, 5.37 ] } },
{ "type": "Feature", "properties": { "crs": 0.3674, "risk_tier": "medium", "colour": "#FFD600" }, "geometry": { "type": "Point", "coordinates": [ 6.59, 5.37 ] } },
{ "type": "Feature", "properties": { "crs": 0.3637, "risk_tier": "medium", "colour": "#FFD600" }, "geometry": { "type": "Point", "coordinates": [ 6.6, 5.37 ] } },
{ "type": "Feature", "properties": { "crs": 0.3789, "risk_tier": "medium", "colour": "#FFD600" }, "geometry": { "type": "Point", "coordinates": [ 6.61, 5.37 ] } },
{ "type": "Feature", "properties": { "crs": 0.3789, "risk_tier": "medium", "colour": "#FFD600" }, "geometry": { "type": "Point", "coordinates": [ 6.62, 5.37 ] } },
{ "type": "Feature", "properties": { "crs": 0.379, "risk_tier": "medium", "colour": "#FFD600" }, "geometry": { "type": "Point", "coordinates": [ 6.63, 5.37 ] } },
{ "type": "Feature", "properties": { "crs": 0.379, "risk_tier": "medium", "colour": "#FFD600" }, "geometry": { "type": "Point", "coordinates": [ 6.64, 5.37 ] } },
{ "type": "Feature", "properties": { "crs": 0.379, "risk_tier": "medium", "colour": "#FFD600" }, "geometry": { "type": "Point", "coordinates": [ 6.65, 5.37 ] } },
{ "type": "Feature", "properties": { "crs": 0.4856, "risk_tier": "medium", "colour": "#FFD600" }, "geometry": { "type": "Point", "coordinates": [ 6.66, 5.37 ] } },
{ "type": "Feature", "properties": { "crs": 0.4609, "risk_tier": "medium", "colour": "#FFD600" }, "geometry": { "type": "Point", "coordinates": [ 6.67, 5.37 ] } },
{ "type": "Feature", "properties": { "crs": 0.4609, "risk_tier": "medium", "colour": "#FFD600" }, "geometry": { "type": "Point", "coordinates": [ 6.68, 5.37 ] } },
{ "type": "Feature", "properties": { "crs": 0.4447, "risk_tier": "medium", "colour": "#FFD600" }, "geometry": { "type": "Point", "coordinates": [ 6.69, 5.37 ] } },
{ "type": "Feature", "properties": { "crs": 0.4857, "risk_tier": "medium", "colour": "#FFD600" }, "geometry": { "type": "Point", "coordinates": [ 6.7, 5.37 ] } },
{ "type": "Feature", "properties": { "crs": 0.4704, "risk_tier": "medium", "colour": "#FFD600" }, "geometry": { "type": "Point", "coordinates": [ 6.71, 5.37 ] } },
{ "type": "Feature", "properties": { "crs": 0.4705, "risk_tier": "medium", "colour": "#FFD600" }, "geometry": { "type": "Point", "coordinates": [ 6.72, 5.37 ] } },
{ "type": "Feature", "properties": { "crs": 0.4705, "risk_tier": "medium", "colour": "#FFD600" }, "geometry": { "type": "Point", "coordinates": [ 6.73, 5.37 ] } },
{ "type": "Feature", "properties": { "crs": 0.4704, "risk_tier": "medium", "colour": "#FFD600" }, "geometry": { "type": "Point", "coordinates": [ 6.74, 5.37 ] } },
{ "type": "Feature", "properties": { "crs": 0.365, "risk_tier": "medium", "colour": "#FFD600" }, "geometry": { "type": "Point", "coordinates": [ 6.75, 5.37 ] } },
{ "type": "Feature", "properties": { "crs": 0.3649, "risk_tier": "medium", "colour": "#FFD600" }, "geometry": { "type": "Point", "coordinates": [ 6.76, 5.37 ] } },
{ "type": "Feature", "properties": { "crs": 0.3036, "risk_tier": "medium", "colour": "#FFD600" }, "geometry": { "type": "Point", "coordinates": [ 6.77, 5.37 ] } },
{ "type": "Feature", "properties": { "crs": 0.3046, "risk_tier": "medium", "colour": "#FFD600" }, "geometry": { "type": "Point", "coordinates": [ 6.78, 5.37 ] } },
{ "type": "Feature", "properties": { "crs": 0.2843, "risk_tier": "medium", "colour": "#FFD600" }, "geometry": { "type": "Point", "coordinates": [ 6.79, 5.37 ] } },
{ "type": "Feature", "properties": { "crs": 0.2955, "risk_tier": "medium", "colour": "#FFD600" }, "geometry": { "type": "Point", "coordinates": [ 6.8, 5.37 ] } },
{ "type": "Feature", "properties": { "crs": 0.2806, "risk_tier": "medium", "colour": "#FFD600" }, "geometry": { "type": "Point", "coordinates": [ 6.81, 5.37 ] } },
{ "type": "Feature", "properties": { "crs": 0.264, "risk_tier": "medium", "colour": "#FFD600" }, "geometry": { "type": "Point", "coordinates": [ 6.82, 5.37 ] } },
{ "type": "Feature", "properties": { "crs": 0.2639, "risk_tier": "medium", "colour": "#FFD600" }, "geometry": { "type": "Point", "coordinates": [ 6.83, 5.37 ] } },
{ "type": "Feature", "properties": { "crs": 0.2373, "risk_tier": "low", "colour": "#69F0AE" }, "geometry": { "type": "Point", "coordinates": [ 6.84, 5.37 ] } },
{ "type": "Feature", "properties": { "crs": 0.1592, "risk_tier": "low", "colour": "#69F0AE" }, "geometry": { "type": "Point", "coordinates": [ 6.85, 5.37 ] } },
{ "type": "Feature", "properties": { "crs": 0.1566, "risk_tier": "low", "colour": "#69F0AE" }, "geometry": { "type": "Point", "coordinates": [ 6.86, 5.37 ] } },
{ "type": "Feature", "properties": { "crs": 0.1638, "risk_tier": "low", "colour": "#69F0AE" }, "geometry": { "type": "Point", "coordinates": [ 6.42, 5.38 ] } },
{ "type": "Feature", "properties": { "crs": 0.1637, "risk_tier": "low", "colour": "#69F0AE" }, "geometry": { "type": "Point", "coordinates": [ 6.43, 5.38 ] } },
{ "type": "Feature", "properties": { "crs": 0.1633, "risk_tier": "low", "colour": "#69F0AE" }, "geometry": { "type": "Point", "coordinates": [ 6.44, 5.38 ] } },
{ "type": "Feature", "properties": { "crs": 0.1634, "risk_tier": "low", "colour": "#69F0AE" }, "geometry": { "type": "Point", "coordinates": [ 6.45, 5.38 ] } },
{ "type": "Feature", "properties": { "crs": 0.1625, "risk_tier": "low", "colour": "#69F0AE" }, "geometry": { "type": "Point", "coordinates": [ 6.46, 5.38 ] } },
{ "type": "Feature", "properties": { "crs": 0.1626, "risk_tier": "low", "colour": "#69F0AE" }, "geometry": { "type": "Point", "coordinates": [ 6.47, 5.38 ] } },
{ "type": "Feature", "properties": { "crs": 0.2756, "risk_tier": "medium", "colour": "#FFD600" }, "geometry": { "type": "Point", "coordinates": [ 6.48, 5.38 ] } },
{ "type": "Feature", "properties": { "crs": 0.2905, "risk_tier": "medium", "colour": "#FFD600" }, "geometry": { "type": "Point", "coordinates": [ 6.49, 5.38 ] } },
{ "type": "Feature", "properties": { "crs": 0.3068, "risk_tier": "medium", "colour": "#FFD600" }, "geometry": { "type": "Point", "coordinates": [ 6.5, 5.38 ] } },
{ "type": "Feature", "properties": { "crs": 0.2918, "risk_tier": "medium", "colour": "#FFD600" }, "geometry": { "type": "Point", "coordinates": [ 6.51, 5.38 ] } },
{ "type": "Feature", "properties": { "crs": 0.3599, "risk_tier": "medium", "colour": "#FFD600" }, "geometry": { "type": "Point", "coordinates": [ 6.52, 5.38 ] } },
{ "type": "Feature", "properties": { "crs": 0.36, "risk_tier": "medium", "colour": "#FFD600" }, "geometry": { "type": "Point", "coordinates": [ 6.53, 5.38 ] } },
{ "type": "Feature", "properties": { "crs": 0.3752, "risk_tier": "medium", "colour": "#FFD600" }, "geometry": { "type": "Point", "coordinates": [ 6.54, 5.38 ] } },
{ "type": "Feature", "properties": { "crs": 0.3752, "risk_tier": "medium", "colour": "#FFD600" }, "geometry": { "type": "Point", "coordinates": [ 6.55, 5.38 ] } },
{ "type": "Feature", "properties": { "crs": 0.3787, "risk_tier": "medium", "colour": "#FFD600" }, "geometry": { "type": "Point", "coordinates": [ 6.56, 5.38 ] } },
{ "type": "Feature", "properties": { "crs": 0.3788, "risk_tier": "medium", "colour": "#FFD600" }, "geometry": { "type": "Point", "coordinates": [ 6.57, 5.38 ] } },
{ "type": "Feature", "properties": { "crs": 0.3788, "risk_tier": "medium", "colour": "#FFD600" }, "geometry": { "type": "Point", "coordinates": [ 6.58, 5.38 ] } },
{ "type": "Feature", "properties": { "crs": 0.3788, "risk_tier": "medium", "colour": "#FFD600" }, "geometry": { "type": "Point", "coordinates": [ 6.59, 5.38 ] } },
{ "type": "Feature", "properties": { "crs": 0.3789, "risk_tier": "medium", "colour": "#FFD600" }, "geometry": { "type": "Point", "coordinates": [ 6.6, 5.38 ] } },
{ "type": "Feature", "properties": { "crs": 0.3674, "risk_tier": "medium", "colour": "#FFD600" }, "geometry": { "type": "Point", "coordinates": [ 6.61, 5.38 ] } },
{ "type": "Feature", "properties": { "crs": 0.3789, "risk_tier": "medium", "colour": "#FFD600" }, "geometry": { "type": "Point", "coordinates": [ 6.62, 5.38 ] } },
{ "type": "Feature", "properties": { "crs": 0.379, "risk_tier": "medium", "colour": "#FFD600" }, "geometry": { "type": "Point", "coordinates": [ 6.63, 5.38 ] } },
{ "type": "Feature", "properties": { "crs": 0.4856, "risk_tier": "medium", "colour": "#FFD600" }, "geometry": { "type": "Point", "coordinates": [ 6.64, 5.38 ] } },
{ "type": "Feature", "properties": { "crs": 0.4856, "risk_tier": "medium", "colour": "#FFD600" }, "geometry": { "type": "Point", "coordinates": [ 6.65, 5.38 ] } },
{ "type": "Feature", "properties": { "crs": 0.4856, "risk_tier": "medium", "colour": "#FFD600" }, "geometry": { "type": "Point", "coordinates": [ 6.66, 5.38 ] } },
{ "type": "Feature", "properties": { "crs": 0.4857, "risk_tier": "medium", "colour": "#FFD600" }, "geometry": { "type": "Point", "coordinates": [ 6.67, 5.38 ] } },
{ "type": "Feature", "properties": { "crs": 0.4857, "risk_tier": "medium", "colour": "#FFD600" }, "geometry": { "type": "Point", "coordinates": [ 6.68, 5.38 ] } },
{ "type": "Feature", "properties": { "crs": 0.4761, "risk_tier": "medium", "colour": "#FFD600" }, "geometry": { "type": "Point", "coordinates": [ 6.69, 5.38 ] } },
{ "type": "Feature", "properties": { "crs": 0.4857, "risk_tier": "medium", "colour": "#FFD600" }, "geometry": { "type": "Point", "coordinates": [ 6.7, 5.38 ] } },
{ "type": "Feature", "properties": { "crs": 0.4857, "risk_tier": "medium", "colour": "#FFD600" }, "geometry": { "type": "Point", "coordinates": [ 6.71, 5.38 ] } },
{ "type": "Feature", "properties": { "crs": 0.4705, "risk_tier": "medium", "colour": "#FFD600" }, "geometry": { "type": "Point", "coordinates": [ 6.72, 5.38 ] } },
{ "type": "Feature", "properties": { "crs": 0.4704, "risk_tier": "medium", "colour": "#FFD600" }, "geometry": { "type": "Point", "coordinates": [ 6.73, 5.38 ] } },
{ "type": "Feature", "properties": { "crs": 0.4714, "risk_tier": "medium", "colour": "#FFD600" }, "geometry": { "type": "Point", "coordinates": [ 6.74, 5.38 ] } },
{ "type": "Feature", "properties": { "crs": 0.4714, "risk_tier": "medium", "colour": "#FFD600" }, "geometry": { "type": "Point", "coordinates": [ 6.75, 5.38 ] } },
{ "type": "Feature", "properties": { "crs": 0.365, "risk_tier": "medium", "colour": "#FFD600" }, "geometry": { "type": "Point", "coordinates": [ 6.76, 5.38 ] } },
{ "type": "Feature", "properties": { "crs": 0.3649, "risk_tier": "medium", "colour": "#FFD600" }, "geometry": { "type": "Point", "coordinates": [ 6.77, 5.38 ] } },
{ "type": "Feature", "properties": { "crs": 0.3037, "risk_tier": "medium", "colour": "#FFD600" }, "geometry": { "type": "Point", "coordinates": [ 6.78, 5.38 ] } },
{ "type": "Feature", "properties": { "crs": 0.3197, "risk_tier": "medium", "colour": "#FFD600" }, "geometry": { "type": "Point", "coordinates": [ 6.79, 5.38 ] } },
{ "type": "Feature", "properties": { "crs": 0.2955, "risk_tier": "medium", "colour": "#FFD600" }, "geometry": { "type": "Point", "coordinates": [ 6.8, 5.38 ] } },
{ "type": "Feature", "properties": { "crs": 0.2806, "risk_tier": "medium", "colour": "#FFD600" }, "geometry": { "type": "Point", "coordinates": [ 6.81, 5.38 ] } },
{ "type": "Feature", "properties": { "crs": 0.264, "risk_tier": "medium", "colour": "#FFD600" }, "geometry": { "type": "Point", "coordinates": [ 6.82, 5.38 ] } },
{ "type": "Feature", "properties": { "crs": 0.2225, "risk_tier": "low", "colour": "#69F0AE" }, "geometry": { "type": "Point", "coordinates": [ 6.83, 5.38 ] } },
{ "type": "Feature", "properties": { "crs": 0.2373, "risk_tier": "low", "colour": "#69F0AE" }, "geometry": { "type": "Point", "coordinates": [ 6.84, 5.38 ] } },
{ "type": "Feature", "properties": { "crs": 0.1592, "risk_tier": "low", "colour": "#69F0AE" }, "geometry": { "type": "Point", "coordinates": [ 6.85, 5.38 ] } },
{ "type": "Feature", "properties": { "crs": 0.1567, "risk_tier": "low", "colour": "#69F0AE" }, "geometry": { "type": "Point", "coordinates": [ 6.86, 5.38 ] } },
{ "type": "Feature", "properties": { "crs": 0.1567, "risk_tier": "low", "colour": "#69F0AE" }, "geometry": { "type": "Point", "coordinates": [ 6.87, 5.38 ] } },
{ "type": "Feature", "properties": { "crs": 0.1637, "risk_tier": "low", "colour": "#69F0AE" }, "geometry": { "type": "Point", "coordinates": [ 6.42, 5.39 ] } },
{ "type": "Feature", "properties": { "crs": 0.1638, "risk_tier": "low", "colour": "#69F0AE" }, "geometry": { "type": "Point", "coordinates": [ 6.43, 5.39 ] } },
{ "type": "Feature", "properties": { "crs": 0.1638, "risk_tier": "low", "colour": "#69F0AE" }, "geometry": { "type": "Point", "coordinates": [ 6.44, 5.39 ] } },
{ "type": "Feature", "properties": { "crs": 0.1639, "risk_tier": "low", "colour": "#69F0AE" }, "geometry": { "type": "Point", "coordinates": [ 6.45, 5.39 ] } },
{ "type": "Feature", "properties": { "crs": 0.1625, "risk_tier": "low", "colour": "#69F0AE" }, "geometry": { "type": "Point", "coordinates": [ 6.46, 5.39 ] } },
{ "type": "Feature", "properties": { "crs": 0.1626, "risk_tier": "low", "colour": "#69F0AE" }, "geometry": { "type": "Point", "coordinates": [ 6.47, 5.39 ] } },
{ "type": "Feature", "properties": { "crs": 0.2905, "risk_tier": "medium", "colour": "#FFD600" }, "geometry": { "type": "Point", "coordinates": [ 6.48, 5.39 ] } },
{ "type": "Feature", "properties": { "crs": 0.2905, "risk_tier": "medium", "colour": "#FFD600" }, "geometry": { "type": "Point", "coordinates": [ 6.49, 5.39 ] } },
{ "type": "Feature", "properties": { "crs": 0.2918, "risk_tier": "medium", "colour": "#FFD600" }, "geometry": { "type": "Point", "coordinates": [ 6.5, 5.39 ] } },
{ "type": "Feature", "properties": { "crs": 0.3637, "risk_tier": "medium", "colour": "#FFD600" }, "geometry": { "type": "Point", "coordinates": [ 6.51, 5.39 ] } },
{ "type": "Feature", "properties": { "crs": 0.3752, "risk_tier": "medium", "colour": "#FFD600" }, "geometry": { "type": "Point", "coordinates": [ 6.52, 5.39 ] } },
{ "type": "Feature", "properties": { "crs": 0.36, "risk_tier": "medium", "colour": "#FFD600" }, "geometry": { "type": "Point", "coordinates": [ 6.53, 5.39 ] } },
{ "type": "Feature", "properties": { "crs": 0.3752, "risk_tier": "medium", "colour": "#FFD600" }, "geometry": { "type": "Point", "coordinates": [ 6.54, 5.39 ] } },
{ "type": "Feature", "properties": { "crs": 0.3752, "risk_tier": "medium", "colour": "#FFD600" }, "geometry": { "type": "Point", "coordinates": [ 6.55, 5.39 ] } },
{ "type": "Feature", "properties": { "crs": 0.3787, "risk_tier": "medium", "colour": "#FFD600" }, "geometry": { "type": "Point", "coordinates": [ 6.56, 5.39 ] } },
{ "type": "Feature", "properties": { "crs": 0.3788, "risk_tier": "medium", "colour": "#FFD600" }, "geometry": { "type": "Point", "coordinates": [ 6.57, 5.39 ] } },
{ "type": "Feature", "properties": { "crs": 0.3788, "risk_tier": "medium", "colour": "#FFD600" }, "geometry": { "type": "Point", "coordinates": [ 6.58, 5.39 ] } },
{ "type": "Feature", "properties": { "crs": 0.3788, "risk_tier": "medium", "colour": "#FFD600" }, "geometry": { "type": "Point", "coordinates": [ 6.59, 5.39 ] } },
{ "type": "Feature", "properties": { "crs": 0.3789, "risk_tier": "medium", "colour": "#FFD600" }, "geometry": { "type": "Point", "coordinates": [ 6.6, 5.39 ] } },
{ "type": "Feature", "properties": { "crs": 0.3789, "risk_tier": "medium", "colour": "#FFD600" }, "geometry": { "type": "Point", "coordinates": [ 6.61, 5.39 ] } },
{ "type": "Feature", "properties": { "crs": 0.3789, "risk_tier": "medium", "colour": "#FFD600" }, "geometry": { "type": "Point", "coordinates": [ 6.62, 5.39 ] } },
{ "type": "Feature", "properties": { "crs": 0.4855, "risk_tier": "medium", "colour": "#FFD600" }, "geometry": { "type": "Point", "coordinates": [ 6.63, 5.39 ] } },
{ "type": "Feature", "properties": { "crs": 0.4856, "risk_tier": "medium", "colour": "#FFD600" }, "geometry": { "type": "Point", "coordinates": [ 6.64, 5.39 ] } },
{ "type": "Feature", "properties": { "crs": 0.4856, "risk_tier": "medium", "colour": "#FFD600" }, "geometry": { "type": "Point", "coordinates": [ 6.65, 5.39 ] } },
{ "type": "Feature", "properties": { "crs": 0.4856, "risk_tier": "medium", "colour": "#FFD600" }, "geometry": { "type": "Point", "coordinates": [ 6.66, 5.39 ] } },
{ "type": "Feature", "properties": { "crs": 0.4856, "risk_tier": "medium", "colour": "#FFD600" }, "geometry": { "type": "Point", "coordinates": [ 6.67, 5.39 ] } },
{ "type": "Feature", "properties": { "crs": 0.4857, "risk_tier": "medium", "colour": "#FFD600" }, "geometry": { "type": "Point", "coordinates": [ 6.68, 5.39 ] } },
{ "type": "Feature", "properties": { "crs": 0.4857, "risk_tier": "medium", "colour": "#FFD600" }, "geometry": { "type": "Point", "coordinates": [ 6.69, 5.39 ] } },
{ "type": "Feature", "properties": { "crs": 0.4704, "risk_tier": "medium", "colour": "#FFD600" }, "geometry": { "type": "Point", "coordinates": [ 6.7, 5.39 ] } },
{ "type": "Feature", "properties": { "crs": 0.4857, "risk_tier": "medium", "colour": "#FFD600" }, "geometry": { "type": "Point", "coordinates": [ 6.71, 5.39 ] } },
{ "type": "Feature", "properties": { "crs": 0.4704, "risk_tier": "medium", "colour": "#FFD600" }, "geometry": { "type": "Point", "coordinates": [ 6.72, 5.39 ] } },
{ "type": "Feature", "properties": { "crs": 0.4857, "risk_tier": "medium", "colour": "#FFD600" }, "geometry": { "type": "Point", "coordinates": [ 6.73, 5.39 ] } },
{ "type": "Feature", "properties": { "crs": 0.4867, "risk_tier": "medium", "colour": "#FFD600" }, "geometry": { "type": "Point", "coordinates": [ 6.74, 5.39 ] } },
{ "type": "Feature", "properties": { "crs": 0.4714, "risk_tier": "medium", "colour": "#FFD600" }, "geometry": { "type": "Point", "coordinates": [ 6.75, 5.39 ] } },
{ "type": "Feature", "properties": { "crs": 0.4456, "risk_tier": "medium", "colour": "#FFD600" }, "geometry": { "type": "Point", "coordinates": [ 6.76, 5.39 ] } },
{ "type": "Feature", "properties": { "crs": 0.3649, "risk_tier": "medium", "colour": "#FFD600" }, "geometry": { "type": "Point", "coordinates": [ 6.77, 5.39 ] } },
{ "type": "Feature", "properties": { "crs": 0.369, "risk_tier": "medium", "colour": "#FFD600" }, "geometry": { "type": "Point", "coordinates": [ 6.78, 5.39 ] } },
{ "type": "Feature", "properties": { "crs": 0.3197, "risk_tier": "medium", "colour": "#FFD600" }, "geometry": { "type": "Point", "coordinates": [ 6.79, 5.39 ] } },
{ "type": "Feature", "properties": { "crs": 0.2843, "risk_tier": "medium", "colour": "#FFD600" }, "geometry": { "type": "Point", "coordinates": [ 6.8, 5.39 ] } },
{ "type": "Feature", "properties": { "crs": 0.2806, "risk_tier": "medium", "colour": "#FFD600" }, "geometry": { "type": "Point", "coordinates": [ 6.81, 5.39 ] } },
{ "type": "Feature", "properties": { "crs": 0.264, "risk_tier": "medium", "colour": "#FFD600" }, "geometry": { "type": "Point", "coordinates": [ 6.82, 5.39 ] } },
{ "type": "Feature", "properties": { "crs": 0.2225, "risk_tier": "low", "colour": "#69F0AE" }, "geometry": { "type": "Point", "coordinates": [ 6.83, 5.39 ] } },
{ "type": "Feature", "properties": { "crs": 0.2224, "risk_tier": "low", "colour": "#69F0AE" }, "geometry": { "type": "Point", "coordinates": [ 6.84, 5.39 ] } },
{ "type": "Feature", "properties": { "crs": 0.1592, "risk_tier": "low", "colour": "#69F0AE" }, "geometry": { "type": "Point", "coordinates": [ 6.85, 5.39 ] } },
{ "type": "Feature", "properties": { "crs": 0.1567, "risk_tier": "low", "colour": "#69F0AE" }, "geometry": { "type": "Point", "coordinates": [ 6.86, 5.39 ] } },
{ "type": "Feature", "properties": { "crs": 0.1567, "risk_tier": "low", "colour": "#69F0AE" }, "geometry": { "type": "Point", "coordinates": [ 6.87, 5.39 ] } },
{ "type": "Feature", "properties": { "crs": 0.1638, "risk_tier": "low", "colour": "#69F0AE" }, "geometry": { "type": "Point", "coordinates": [ 6.43, 5.4 ] } },
{ "type": "Feature", "properties": { "crs": 0.1638, "risk_tier": "low", "colour": "#69F0AE" }, "geometry": { "type": "Point", "coordinates": [ 6.44, 5.4 ] } },
{ "type": "Feature", "properties": { "crs": 0.1639, "risk_tier": "low", "colour": "#69F0AE" }, "geometry": { "type": "Point", "coordinates": [ 6.45, 5.4 ] } },
{ "type": "Feature", "properties": { "crs": 0.1626, "risk_tier": "low", "colour": "#69F0AE" }, "geometry": { "type": "Point", "coordinates": [ 6.46, 5.4 ] } },
{ "type": "Feature", "properties": { "crs": 0.1626, "risk_tier": "low", "colour": "#69F0AE" }, "geometry": { "type": "Point", "coordinates": [ 6.47, 5.4 ] } },
{ "type": "Feature", "properties": { "crs": 0.2756, "risk_tier": "medium", "colour": "#FFD600" }, "geometry": { "type": "Point", "coordinates": [ 6.48, 5.4 ] } },
{ "type": "Feature", "properties": { "crs": 0.3147, "risk_tier": "medium", "colour": "#FFD600" }, "geometry": { "type": "Point", "coordinates": [ 6.49, 5.4 ] } },
{ "type": "Feature", "properties": { "crs": 0.3079, "risk_tier": "medium", "colour": "#FFD600" }, "geometry": { "type": "Point", "coordinates": [ 6.5, 5.4 ] } },
{ "type": "Feature", "properties": { "crs": 0.3637, "risk_tier": "medium", "colour": "#FFD600" }, "geometry": { "type": "Point", "coordinates": [ 6.51, 5.4 ] } },
{ "type": "Feature", "properties": { "crs": 0.3637, "risk_tier": "medium", "colour": "#FFD600" }, "geometry": { "type": "Point", "coordinates": [ 6.52, 5.4 ] } },
{ "type": "Feature", "properties": { "crs": 0.36, "risk_tier": "medium", "colour": "#FFD600" }, "geometry": { "type": "Point", "coordinates": [ 6.53, 5.4 ] } },
{ "type": "Feature", "properties": { "crs": 0.3752, "risk_tier": "medium", "colour": "#FFD600" }, "geometry": { "type": "Point", "coordinates": [ 6.54, 5.4 ] } },
{ "type": "Feature", "properties": { "crs": 0.3638, "risk_tier": "medium", "colour": "#FFD600" }, "geometry": { "type": "Point", "coordinates": [ 6.55, 5.4 ] } },
{ "type": "Feature", "properties": { "crs": 0.3787, "risk_tier": "medium", "colour": "#FFD600" }, "geometry": { "type": "Point", "coordinates": [ 6.56, 5.4 ] } },
{ "type": "Feature", "properties": { "crs": 0.3788, "risk_tier": "medium", "colour": "#FFD600" }, "geometry": { "type": "Point", "coordinates": [ 6.57, 5.4 ] } },
{ "type": "Feature", "properties": { "crs": 0.3788, "risk_tier": "medium", "colour": "#FFD600" }, "geometry": { "type": "Point", "coordinates": [ 6.58, 5.4 ] } },
{ "type": "Feature", "properties": { "crs": 0.3788, "risk_tier": "medium", "colour": "#FFD600" }, "geometry": { "type": "Point", "coordinates": [ 6.59, 5.4 ] } },
{ "type": "Feature", "properties": { "crs": 0.3789, "risk_tier": "medium", "colour": "#FFD600" }, "geometry": { "type": "Point", "coordinates": [ 6.6, 5.4 ] } },
{ "type": "Feature", "properties": { "crs": 0.3789, "risk_tier": "medium", "colour": "#FFD600" }, "geometry": { "type": "Point", "coordinates": [ 6.61, 5.4 ] } },
{ "type": "Feature", "properties": { "crs": 0.4855, "risk_tier": "medium", "colour": "#FFD600" }, "geometry": { "type": "Point", "coordinates": [ 6.62, 5.4 ] } },
{ "type": "Feature", "properties": { "crs": 0.4855, "risk_tier": "medium", "colour": "#FFD600" }, "geometry": { "type": "Point", "coordinates": [ 6.63, 5.4 ] } },
{ "type": "Feature", "properties": { "crs": 0.4856, "risk_tier": "medium", "colour": "#FFD600" }, "geometry": { "type": "Point", "coordinates": [ 6.64, 5.4 ] } },
{ "type": "Feature", "properties": { "crs": 0.4856, "risk_tier": "medium", "colour": "#FFD600" }, "geometry": { "type": "Point", "coordinates": [ 6.65, 5.4 ] } },
{ "type": "Feature", "properties": { "crs": 0.4856, "risk_tier": "medium", "colour": "#FFD600" }, "geometry": { "type": "Point", "coordinates": [ 6.66, 5.4 ] } },
{ "type": "Feature", "properties": { "crs": 0.4856, "risk_tier": "medium", "colour": "#FFD600" }, "geometry": { "type": "Point", "coordinates": [ 6.67, 5.4 ] } },
{ "type": "Feature", "properties": { "crs": 0.4704, "risk_tier": "medium", "colour": "#FFD600" }, "geometry": { "type": "Point", "coordinates": [ 6.68, 5.4 ] } },
{ "type": "Feature", "properties": { "crs": 0.4857, "risk_tier": "medium", "colour": "#FFD600" }, "geometry": { "type": "Point", "coordinates": [ 6.69, 5.4 ] } },
{ "type": "Feature", "properties": { "crs": 0.4761, "risk_tier": "medium", "colour": "#FFD600" }, "geometry": { "type": "Point", "coordinates": [ 6.7, 5.4 ] } },
{ "type": "Feature", "properties": { "crs": 0.4704, "risk_tier": "medium", "colour": "#FFD600" }, "geometry": { "type": "Point", "coordinates": [ 6.71, 5.4 ] } },
{ "type": "Feature", "properties": { "crs": 0.4761, "risk_tier": "medium", "colour": "#FFD600" }, "geometry": { "type": "Point", "coordinates": [ 6.72, 5.4 ] } },
{ "type": "Feature", "properties": { "crs": 0.4714, "risk_tier": "medium", "colour": "#FFD600" }, "geometry": { "type": "Point", "coordinates": [ 6.73, 5.4 ] } },
{ "type": "Feature", "properties": { "crs": 0.4714, "risk_tier": "medium", "colour": "#FFD600" }, "geometry": { "type": "Point", "coordinates": [ 6.74, 5.4 ] } },
{ "type": "Feature", "properties": { "crs": 0.4714, "risk_tier": "medium", "colour": "#FFD600" }, "geometry": { "type": "Point", "coordinates": [ 6.75, 5.4 ] } },
{ "type": "Feature", "properties": { "crs": 0.4713, "risk_tier": "medium", "colour": "#FFD600" }, "geometry": { "type": "Point", "coordinates": [ 6.76, 5.4 ] } },
{ "type": "Feature", "properties": { "crs": 0.4456, "risk_tier": "medium", "colour": "#FFD600" }, "geometry": { "type": "Point", "coordinates": [ 6.77, 5.4 ] } },
{ "type": "Feature", "properties": { "crs": 0.3687, "risk_tier": "medium", "colour": "#FFD600" }, "geometry": { "type": "Point", "coordinates": [ 6.78, 5.4 ] } },
{ "type": "Feature", "properties": { "crs": 0.3119, "risk_tier": "medium", "colour": "#FFD600" }, "geometry": { "type": "Point", "coordinates": [ 6.79, 5.4 ] } },
{ "type": "Feature", "properties": { "crs": 0.3045, "risk_tier": "medium", "colour": "#FFD600" }, "geometry": { "type": "Point", "coordinates": [ 6.8, 5.4 ] } },
{ "type": "Feature", "properties": { "crs": 0.2806, "risk_tier": "medium", "colour": "#FFD600" }, "geometry": { "type": "Point", "coordinates": [ 6.81, 5.4 ] } },
{ "type": "Feature", "properties": { "crs": 0.2639, "risk_tier": "medium", "colour": "#FFD600" }, "geometry": { "type": "Point", "coordinates": [ 6.82, 5.4 ] } },
{ "type": "Feature", "properties": { "crs": 0.2639, "risk_tier": "medium", "colour": "#FFD600" }, "geometry": { "type": "Point", "coordinates": [ 6.83, 5.4 ] } },
{ "type": "Feature", "properties": { "crs": 0.2257, "risk_tier": "low", "colour": "#69F0AE" }, "geometry": { "type": "Point", "coordinates": [ 6.84, 5.4 ] } },
{ "type": "Feature", "properties": { "crs": 0.1685, "risk_tier": "low", "colour": "#69F0AE" }, "geometry": { "type": "Point", "coordinates": [ 6.85, 5.4 ] } },
{ "type": "Feature", "properties": { "crs": 0.1567, "risk_tier": "low", "colour": "#69F0AE" }, "geometry": { "type": "Point", "coordinates": [ 6.86, 5.4 ] } },
{ "type": "Feature", "properties": { "crs": 0.1567, "risk_tier": "low", "colour": "#69F0AE" }, "geometry": { "type": "Point", "coordinates": [ 6.87, 5.4 ] } },
{ "type": "Feature", "properties": { "crs": 0.1638, "risk_tier": "low", "colour": "#69F0AE" }, "geometry": { "type": "Point", "coordinates": [ 6.43, 5.41 ] } },
{ "type": "Feature", "properties": { "crs": 0.1751, "risk_tier": "low", "colour": "#69F0AE" }, "geometry": { "type": "Point", "coordinates": [ 6.44, 5.41 ] } },
{ "type": "Feature", "properties": { "crs": 0.1639, "risk_tier": "low", "colour": "#69F0AE" }, "geometry": { "type": "Point", "coordinates": [ 6.45, 5.41 ] } },
{ "type": "Feature", "properties": { "crs": 0.1635, "risk_tier": "low", "colour": "#69F0AE" }, "geometry": { "type": "Point", "coordinates": [ 6.46, 5.41 ] } },
{ "type": "Feature", "properties": { "crs": 0.1635, "risk_tier": "low", "colour": "#69F0AE" }, "geometry": { "type": "Point", "coordinates": [ 6.47, 5.41 ] } },
{ "type": "Feature", "properties": { "crs": 0.2766, "risk_tier": "medium", "colour": "#FFD600" }, "geometry": { "type": "Point", "coordinates": [ 6.48, 5.41 ] } },
{ "type": "Feature", "properties": { "crs": 0.3157, "risk_tier": "medium", "colour": "#FFD600" }, "geometry": { "type": "Point", "coordinates": [ 6.49, 5.41 ] } },
{ "type": "Feature", "properties": { "crs": 0.3079, "risk_tier": "medium", "colour": "#FFD600" }, "geometry": { "type": "Point", "coordinates": [ 6.5, 5.41 ] } },
{ "type": "Feature", "properties": { "crs": 0.361, "risk_tier": "medium", "colour": "#FFD600" }, "geometry": { "type": "Point", "coordinates": [ 6.51, 5.41 ] } },
{ "type": "Feature", "properties": { "crs": 0.36, "risk_tier": "medium", "colour": "#FFD600" }, "geometry": { "type": "Point", "coordinates": [ 6.52, 5.41 ] } },
{ "type": "Feature", "properties": { "crs": 0.3752, "risk_tier": "medium", "colour": "#FFD600" }, "geometry": { "type": "Point", "coordinates": [ 6.53, 5.41 ] } },
{ "type": "Feature", "properties": { "crs": 0.3752, "risk_tier": "medium", "colour": "#FFD600" }, "geometry": { "type": "Point", "coordinates": [ 6.54, 5.41 ] } },
{ "type": "Feature", "properties": { "crs": 0.36, "risk_tier": "medium", "colour": "#FFD600" }, "geometry": { "type": "Point", "coordinates": [ 6.55, 5.41 ] } },
{ "type": "Feature", "properties": { "crs": 0.3635, "risk_tier": "medium", "colour": "#FFD600" }, "geometry": { "type": "Point", "coordinates": [ 6.56, 5.41 ] } },
{ "type": "Feature", "properties": { "crs": 0.3788, "risk_tier": "medium", "colour": "#FFD600" }, "geometry": { "type": "Point", "coordinates": [ 6.57, 5.41 ] } },
{ "type": "Feature", "properties": { "crs": 0.3788, "risk_tier": "medium", "colour": "#FFD600" }, "geometry": { "type": "Point", "coordinates": [ 6.58, 5.41 ] } },
{ "type": "Feature", "properties": { "crs": 0.3788, "risk_tier": "medium", "colour": "#FFD600" }, "geometry": { "type": "Point", "coordinates": [ 6.59, 5.41 ] } },
{ "type": "Feature", "properties": { "crs": 0.3789, "risk_tier": "medium", "colour": "#FFD600" }, "geometry": { "type": "Point", "coordinates": [ 6.6, 5.41 ] } },
{ "type": "Feature", "properties": { "crs": 0.3789, "risk_tier": "medium", "colour": "#FFD600" }, "geometry": { "type": "Point", "coordinates": [ 6.61, 5.41 ] } },
{ "type": "Feature", "properties": { "crs": 0.4855, "risk_tier": "medium", "colour": "#FFD600" }, "geometry": { "type": "Point", "coordinates": [ 6.62, 5.41 ] } },
{ "type": "Feature", "properties": { "crs": 0.4855, "risk_tier": "medium", "colour": "#FFD600" }, "geometry": { "type": "Point", "coordinates": [ 6.63, 5.41 ] } },
{ "type": "Feature", "properties": { "crs": 0.4856, "risk_tier": "medium", "colour": "#FFD600" }, "geometry": { "type": "Point", "coordinates": [ 6.64, 5.41 ] } },
{ "type": "Feature", "properties": { "crs": 0.4856, "risk_tier": "medium", "colour": "#FFD600" }, "geometry": { "type": "Point", "coordinates": [ 6.65, 5.41 ] } },
{ "type": "Feature", "properties": { "crs": 0.476, "risk_tier": "medium", "colour": "#FFD600" }, "geometry": { "type": "Point", "coordinates": [ 6.66, 5.41 ] } },
{ "type": "Feature", "properties": { "crs": 0.4856, "risk_tier": "medium", "colour": "#FFD600" }, "geometry": { "type": "Point", "coordinates": [ 6.67, 5.41 ] } },
{ "type": "Feature", "properties": { "crs": 0.4704, "risk_tier": "medium", "colour": "#FFD600" }, "geometry": { "type": "Point", "coordinates": [ 6.68, 5.41 ] } },
{ "type": "Feature", "properties": { "crs": 0.4857, "risk_tier": "medium", "colour": "#FFD600" }, "geometry": { "type": "Point", "coordinates": [ 6.69, 5.41 ] } },
{ "type": "Feature", "properties": { "crs": 0.4857, "risk_tier": "medium", "colour": "#FFD600" }, "geometry": { "type": "Point", "coordinates": [ 6.7, 5.41 ] } },
{ "type": "Feature", "properties": { "crs": 0.4857, "risk_tier": "medium", "colour": "#FFD600" }, "geometry": { "type": "Point", "coordinates": [ 6.71, 5.41 ] } },
{ "type": "Feature", "properties": { "crs": 0.4583, "risk_tier": "medium", "colour": "#FFD600" }, "geometry": { "type": "Point", "coordinates": [ 6.72, 5.41 ] } },
{ "type": "Feature", "properties": { "crs": 0.4885, "risk_tier": "medium", "colour": "#FFD600" }, "geometry": { "type": "Point", "coordinates": [ 6.73, 5.41 ] } },
{ "type": "Feature", "properties": { "crs": 0.4732, "risk_tier": "medium", "colour": "#FFD600" }, "geometry": { "type": "Point", "coordinates": [ 6.74, 5.41 ] } },
{ "type": "Feature", "properties": { "crs": 0.4732, "risk_tier": "medium", "colour": "#FFD600" }, "geometry": { "type": "Point", "coordinates": [ 6.75, 5.41 ] } },
{ "type": "Feature", "properties": { "crs": 0.4732, "risk_tier": "medium", "colour": "#FFD600" }, "geometry": { "type": "Point", "coordinates": [ 6.76, 5.41 ] } },
{ "type": "Feature", "properties": { "crs": 0.4474, "risk_tier": "medium", "colour": "#FFD600" }, "geometry": { "type": "Point", "coordinates": [ 6.77, 5.41 ] } },
{ "type": "Feature", "properties": { "crs": 0.4637, "risk_tier": "medium", "colour": "#FFD600" }, "geometry": { "type": "Point", "coordinates": [ 6.78, 5.41 ] } },
{ "type": "Feature", "properties": { "crs": 0.3137, "risk_tier": "medium", "colour": "#FFD600" }, "geometry": { "type": "Point", "coordinates": [ 6.79, 5.41 ] } },
{ "type": "Feature", "properties": { "crs": 0.3064, "risk_tier": "medium", "colour": "#FFD600" }, "geometry": { "type": "Point", "coordinates": [ 6.8, 5.41 ] } },
{ "type": "Feature", "properties": { "crs": 0.3064, "risk_tier": "medium", "colour": "#FFD600" }, "geometry": { "type": "Point", "coordinates": [ 6.81, 5.41 ] } },
{ "type": "Feature", "properties": { "crs": 0.2657, "risk_tier": "medium", "colour": "#FFD600" }, "geometry": { "type": "Point", "coordinates": [ 6.82, 5.41 ] } },
{ "type": "Feature", "properties": { "crs": 0.2658, "risk_tier": "medium", "colour": "#FFD600" }, "geometry": { "type": "Point", "coordinates": [ 6.83, 5.41 ] } },
{ "type": "Feature", "properties": { "crs": 0.2243, "risk_tier": "low", "colour": "#69F0AE" }, "geometry": { "type": "Point", "coordinates": [ 6.84, 5.41 ] } },
{ "type": "Feature", "properties": { "crs": 0.1703, "risk_tier": "low", "colour": "#69F0AE" }, "geometry": { "type": "Point", "coordinates": [ 6.85, 5.41 ] } },
{ "type": "Feature", "properties": { "crs": 0.1585, "risk_tier": "low", "colour": "#69F0AE" }, "geometry": { "type": "Point", "coordinates": [ 6.86, 5.41 ] } },
{ "type": "Feature", "properties": { "crs": 0.1585, "risk_tier": "low", "colour": "#69F0AE" }, "geometry": { "type": "Point", "coordinates": [ 6.87, 5.41 ] } },
{ "type": "Feature", "properties": { "crs": 0.1751, "risk_tier": "low", "colour": "#69F0AE" }, "geometry": { "type": "Point", "coordinates": [ 6.44, 5.42 ] } },
{ "type": "Feature", "properties": { "crs": 0.1639, "risk_tier": "low", "colour": "#69F0AE" }, "geometry": { "type": "Point", "coordinates": [ 6.45, 5.42 ] } },
{ "type": "Feature", "properties": { "crs": 0.1636, "risk_tier": "low", "colour": "#69F0AE" }, "geometry": { "type": "Point", "coordinates": [ 6.46, 5.42 ] } },
{ "type": "Feature", "properties": { "crs": 0.1635, "risk_tier": "low", "colour": "#69F0AE" }, "geometry": { "type": "Point", "coordinates": [ 6.47, 5.42 ] } },
{ "type": "Feature", "properties": { "crs": 0.2766, "risk_tier": "medium", "colour": "#FFD600" }, "geometry": { "type": "Point", "coordinates": [ 6.48, 5.42 ] } },
{ "type": "Feature", "properties": { "crs": 0.3005, "risk_tier": "medium", "colour": "#FFD600" }, "geometry": { "type": "Point", "coordinates": [ 6.49, 5.42 ] } },
{ "type": "Feature", "properties": { "crs": 0.3079, "risk_tier": "medium", "colour": "#FFD600" }, "geometry": { "type": "Point", "coordinates": [ 6.5, 5.42 ] } },
{ "type": "Feature", "properties": { "crs": 0.3751, "risk_tier": "medium", "colour": "#FFD600" }, "geometry": { "type": "Point", "coordinates": [ 6.51, 5.42 ] } },
{ "type": "Feature", "properties": { "crs": 0.36, "risk_tier": "medium", "colour": "#FFD600" }, "geometry": { "type": "Point", "coordinates": [ 6.52, 5.42 ] } },
{ "type": "Feature", "properties": { "crs": 0.36, "risk_tier": "medium", "colour": "#FFD600" }, "geometry": { "type": "Point", "coordinates": [ 6.53, 5.42 ] } },
{ "type": "Feature", "properties": { "crs": 0.3752, "risk_tier": "medium", "colour": "#FFD600" }, "geometry": { "type": "Point", "coordinates": [ 6.54, 5.42 ] } },
{ "type": "Feature", "properties": { "crs": 0.36, "risk_tier": "medium", "colour": "#FFD600" }, "geometry": { "type": "Point", "coordinates": [ 6.55, 5.42 ] } },
{ "type": "Feature", "properties": { "crs": 0.3787, "risk_tier": "medium", "colour": "#FFD600" }, "geometry": { "type": "Point", "coordinates": [ 6.56, 5.42 ] } },
{ "type": "Feature", "properties": { "crs": 0.3788, "risk_tier": "medium", "colour": "#FFD600" }, "geometry": { "type": "Point", "coordinates": [ 6.57, 5.42 ] } },
{ "type": "Feature", "properties": { "crs": 0.3788, "risk_tier": "medium", "colour": "#FFD600" }, "geometry": { "type": "Point", "coordinates": [ 6.58, 5.42 ] } },
{ "type": "Feature", "properties": { "crs": 0.3788, "risk_tier": "medium", "colour": "#FFD600" }, "geometry": { "type": "Point", "coordinates": [ 6.59, 5.42 ] } },
{ "type": "Feature", "properties": { "crs": 0.3789, "risk_tier": "medium", "colour": "#FFD600" }, "geometry": { "type": "Point", "coordinates": [ 6.6, 5.42 ] } },
{ "type": "Feature", "properties": { "crs": 0.4855, "risk_tier": "medium", "colour": "#FFD600" }, "geometry": { "type": "Point", "coordinates": [ 6.61, 5.42 ] } },
{ "type": "Feature", "properties": { "crs": 0.4855, "risk_tier": "medium", "colour": "#FFD600" }, "geometry": { "type": "Point", "coordinates": [ 6.62, 5.42 ] } },
{ "type": "Feature", "properties": { "crs": 0.4702, "risk_tier": "medium", "colour": "#FFD600" }, "geometry": { "type": "Point", "coordinates": [ 6.63, 5.42 ] } },
{ "type": "Feature", "properties": { "crs": 0.4703, "risk_tier": "medium", "colour": "#FFD600" }, "geometry": { "type": "Point", "coordinates": [ 6.64, 5.42 ] } },
{ "type": "Feature", "properties": { "crs": 0.4703, "risk_tier": "medium", "colour": "#FFD600" }, "geometry": { "type": "Point", "coordinates": [ 6.65, 5.42 ] } },
{ "type": "Feature", "properties": { "crs": 0.4703, "risk_tier": "medium", "colour": "#FFD600" }, "geometry": { "type": "Point", "coordinates": [ 6.66, 5.42 ] } },
{ "type": "Feature", "properties": { "crs": 0.4703, "risk_tier": "medium", "colour": "#FFD600" }, "geometry": { "type": "Point", "coordinates": [ 6.67, 5.42 ] } },
{ "type": "Feature", "properties": { "crs": 0.4703, "risk_tier": "medium", "colour": "#FFD600" }, "geometry": { "type": "Point", "coordinates": [ 6.68, 5.42 ] } },
{ "type": "Feature", "properties": { "crs": 0.4857, "risk_tier": "medium", "colour": "#FFD600" }, "geometry": { "type": "Point", "coordinates": [ 6.69, 5.42 ] } },
{ "type": "Feature", "properties": { "crs": 0.478, "risk_tier": "medium", "colour": "#FFD600" }, "geometry": { "type": "Point", "coordinates": [ 6.7, 5.42 ] } },
{ "type": "Feature", "properties": { "crs": 0.4724, "risk_tier": "medium", "colour": "#FFD600" }, "geometry": { "type": "Point", "coordinates": [ 6.71, 5.42 ] } },
{ "type": "Feature", "properties": { "crs": 0.4724, "risk_tier": "medium", "colour": "#FFD600" }, "geometry": { "type": "Point", "coordinates": [ 6.72, 5.42 ] } },
{ "type": "Feature", "properties": { "crs": 0.478, "risk_tier": "medium", "colour": "#FFD600" }, "geometry": { "type": "Point", "coordinates": [ 6.73, 5.42 ] } },
{ "type": "Feature", "properties": { "crs": 0.4733, "risk_tier": "medium", "colour": "#FFD600" }, "geometry": { "type": "Point", "coordinates": [ 6.74, 5.42 ] } },
{ "type": "Feature", "properties": { "crs": 0.4733, "risk_tier": "medium", "colour": "#FFD600" }, "geometry": { "type": "Point", "coordinates": [ 6.75, 5.42 ] } },
{ "type": "Feature", "properties": { "crs": 0.4732, "risk_tier": "medium", "colour": "#FFD600" }, "geometry": { "type": "Point", "coordinates": [ 6.76, 5.42 ] } },
{ "type": "Feature", "properties": { "crs": 0.4475, "risk_tier": "medium", "colour": "#FFD600" }, "geometry": { "type": "Point", "coordinates": [ 6.77, 5.42 ] } },
{ "type": "Feature", "properties": { "crs": 0.4638, "risk_tier": "medium", "colour": "#FFD600" }, "geometry": { "type": "Point", "coordinates": [ 6.78, 5.42 ] } },
{ "type": "Feature", "properties": { "crs": 0.3668, "risk_tier": "medium", "colour": "#FFD600" }, "geometry": { "type": "Point", "coordinates": [ 6.79, 5.42 ] } },
{ "type": "Feature", "properties": { "crs": 0.3056, "risk_tier": "medium", "colour": "#FFD600" }, "geometry": { "type": "Point", "coordinates": [ 6.8, 5.42 ] } },
{ "type": "Feature", "properties": { "crs": 0.3064, "risk_tier": "medium", "colour": "#FFD600" }, "geometry": { "type": "Point", "coordinates": [ 6.81, 5.42 ] } },
{ "type": "Feature", "properties": { "crs": 0.2658, "risk_tier": "medium", "colour": "#FFD600" }, "geometry": { "type": "Point", "coordinates": [ 6.82, 5.42 ] } },
{ "type": "Feature", "properties": { "crs": 0.2659, "risk_tier": "medium", "colour": "#FFD600" }, "geometry": { "type": "Point", "coordinates": [ 6.83, 5.42 ] } },
{ "type": "Feature", "properties": { "crs": 0.2659, "risk_tier": "medium", "colour": "#FFD600" }, "geometry": { "type": "Point", "coordinates": [ 6.84, 5.42 ] } },
{ "type": "Feature", "properties": { "crs": 0.2244, "risk_tier": "low", "colour": "#69F0AE" }, "geometry": { "type": "Point", "coordinates": [ 6.85, 5.42 ] } },
{ "type": "Feature", "properties": { "crs": 0.1586, "risk_tier": "low", "colour": "#69F0AE" }, "geometry": { "type": "Point", "coordinates": [ 6.86, 5.42 ] } },
{ "type": "Feature", "properties": { "crs": 0.1586, "risk_tier": "low", "colour": "#69F0AE" }, "geometry": { "type": "Point", "coordinates": [ 6.87, 5.42 ] } },
{ "type": "Feature", "properties": { "crs": 0.1639, "risk_tier": "low", "colour": "#69F0AE" }, "geometry": { "type": "Point", "coordinates": [ 6.44, 5.43 ] } },
{ "type": "Feature", "properties": { "crs": 0.1636, "risk_tier": "low", "colour": "#69F0AE" }, "geometry": { "type": "Point", "coordinates": [ 6.45, 5.43 ] } },
{ "type": "Feature", "properties": { "crs": 0.1636, "risk_tier": "low", "colour": "#69F0AE" }, "geometry": { "type": "Point", "coordinates": [ 6.46, 5.43 ] } },
{ "type": "Feature", "properties": { "crs": 0.1634, "risk_tier": "low", "colour": "#69F0AE" }, "geometry": { "type": "Point", "coordinates": [ 6.47, 5.43 ] } },
{ "type": "Feature", "properties": { "crs": 0.2766, "risk_tier": "medium", "colour": "#FFD600" }, "geometry": { "type": "Point", "coordinates": [ 6.48, 5.43 ] } },
{ "type": "Feature", "properties": { "crs": 0.3006, "risk_tier": "medium", "colour": "#FFD600" }, "geometry": { "type": "Point", "coordinates": [ 6.49, 5.43 ] } },
{ "type": "Feature", "properties": { "crs": 0.2955, "risk_tier": "medium", "colour": "#FFD600" }, "geometry": { "type": "Point", "coordinates": [ 6.5, 5.43 ] } },
{ "type": "Feature", "properties": { "crs": 0.3637, "risk_tier": "medium", "colour": "#FFD600" }, "geometry": { "type": "Point", "coordinates": [ 6.51, 5.43 ] } },
{ "type": "Feature", "properties": { "crs": 0.36, "risk_tier": "medium", "colour": "#FFD600" }, "geometry": { "type": "Point", "coordinates": [ 6.52, 5.43 ] } },
{ "type": "Feature", "properties": { "crs": 0.36, "risk_tier": "medium", "colour": "#FFD600" }, "geometry": { "type": "Point", "coordinates": [ 6.53, 5.43 ] } },
{ "type": "Feature", "properties": { "crs": 0.3752, "risk_tier": "medium", "colour": "#FFD600" }, "geometry": { "type": "Point", "coordinates": [ 6.54, 5.43 ] } },
{ "type": "Feature", "properties": { "crs": 0.3672, "risk_tier": "medium", "colour": "#FFD600" }, "geometry": { "type": "Point", "coordinates": [ 6.55, 5.43 ] } },
{ "type": "Feature", "properties": { "crs": 0.3787, "risk_tier": "medium", "colour": "#FFD600" }, "geometry": { "type": "Point", "coordinates": [ 6.56, 5.43 ] } },
{ "type": "Feature", "properties": { "crs": 0.3788, "risk_tier": "medium", "colour": "#FFD600" }, "geometry": { "type": "Point", "coordinates": [ 6.57, 5.43 ] } },
{ "type": "Feature", "properties": { "crs": 0.3788, "risk_tier": "medium", "colour": "#FFD600" }, "geometry": { "type": "Point", "coordinates": [ 6.58, 5.43 ] } },
{ "type": "Feature", "properties": { "crs": 0.3788, "risk_tier": "medium", "colour": "#FFD600" }, "geometry": { "type": "Point", "coordinates": [ 6.59, 5.43 ] } },
{ "type": "Feature", "properties": { "crs": 0.3788, "risk_tier": "medium", "colour": "#FFD600" }, "geometry": { "type": "Point", "coordinates": [ 6.6, 5.43 ] } },
{ "type": "Feature", "properties": { "crs": 0.4855, "risk_tier": "medium", "colour": "#FFD600" }, "geometry": { "type": "Point", "coordinates": [ 6.61, 5.43 ] } },
{ "type": "Feature", "properties": { "crs": 0.4759, "risk_tier": "medium", "colour": "#FFD600" }, "geometry": { "type": "Point", "coordinates": [ 6.62, 5.43 ] } },
{ "type": "Feature", "properties": { "crs": 0.4855, "risk_tier": "medium", "colour": "#FFD600" }, "geometry": { "type": "Point", "coordinates": [ 6.63, 5.43 ] } },
{ "type": "Feature", "properties": { "crs": 0.4702, "risk_tier": "medium", "colour": "#FFD600" }, "geometry": { "type": "Point", "coordinates": [ 6.64, 5.43 ] } },
{ "type": "Feature", "properties": { "crs": 0.4703, "risk_tier": "medium", "colour": "#FFD600" }, "geometry": { "type": "Point", "coordinates": [ 6.65, 5.43 ] } },
{ "type": "Feature", "properties": { "crs": 0.4703, "risk_tier": "medium", "colour": "#FFD600" }, "geometry": { "type": "Point", "coordinates": [ 6.66, 5.43 ] } },
{ "type": "Feature", "properties": { "crs": 0.476, "risk_tier": "medium", "colour": "#FFD600" }, "geometry": { "type": "Point", "coordinates": [ 6.67, 5.43 ] } },
{ "type": "Feature", "properties": { "crs": 0.4703, "risk_tier": "medium", "colour": "#FFD600" }, "geometry": { "type": "Point", "coordinates": [ 6.68, 5.43 ] } },
{ "type": "Feature", "properties": { "crs": 0.4878, "risk_tier": "medium", "colour": "#FFD600" }, "geometry": { "type": "Point", "coordinates": [ 6.69, 5.43 ] } },
{ "type": "Feature", "properties": { "crs": 0.4877, "risk_tier": "medium", "colour": "#FFD600" }, "geometry": { "type": "Point", "coordinates": [ 6.7, 5.43 ] } },
{ "type": "Feature", "properties": { "crs": 0.4724, "risk_tier": "medium", "colour": "#FFD600" }, "geometry": { "type": "Point", "coordinates": [ 6.71, 5.43 ] } },
{ "type": "Feature", "properties": { "crs": 0.4724, "risk_tier": "medium", "colour": "#FFD600" }, "geometry": { "type": "Point", "coordinates": [ 6.72, 5.43 ] } },
{ "type": "Feature", "properties": { "crs": 0.4724, "risk_tier": "medium", "colour": "#FFD600" }, "geometry": { "type": "Point", "coordinates": [ 6.73, 5.43 ] } },
{ "type": "Feature", "properties": { "crs": 0.4724, "risk_tier": "medium", "colour": "#FFD600" }, "geometry": { "type": "Point", "coordinates": [ 6.74, 5.43 ] } },
{ "type": "Feature", "properties": { "crs": 0.4724, "risk_tier": "medium", "colour": "#FFD600" }, "geometry": { "type": "Point", "coordinates": [ 6.75, 5.43 ] } },
{ "type": "Feature", "properties": { "crs": 0.4733, "risk_tier": "medium", "colour": "#FFD600" }, "geometry": { "type": "Point", "coordinates": [ 6.76, 5.43 ] } },
{ "type": "Feature", "properties": { "crs": 0.4639, "risk_tier": "medium", "colour": "#FFD600" }, "geometry": { "type": "Point", "coordinates": [ 6.77, 5.43 ] } },
{ "type": "Feature", "properties": { "crs": 0.4638, "risk_tier": "medium", "colour": "#FFD600" }, "geometry": { "type": "Point", "coordinates": [ 6.78, 5.43 ] } },
{ "type": "Feature", "properties": { "crs": 0.4476, "risk_tier": "medium", "colour": "#FFD600" }, "geometry": { "type": "Point", "coordinates": [ 6.79, 5.43 ] } },
{ "type": "Feature", "properties": { "crs": 0.2988, "risk_tier": "medium", "colour": "#FFD600" }, "geometry": { "type": "Point", "coordinates": [ 6.8, 5.43 ] } },
{ "type": "Feature", "properties": { "crs": 0.3065, "risk_tier": "medium", "colour": "#FFD600" }, "geometry": { "type": "Point", "coordinates": [ 6.81, 5.43 ] } },
{ "type": "Feature", "properties": { "crs": 0.266, "risk_tier": "medium", "colour": "#FFD600" }, "geometry": { "type": "Point", "coordinates": [ 6.82, 5.43 ] } },
{ "type": "Feature", "properties": { "crs": 0.2659, "risk_tier": "medium", "colour": "#FFD600" }, "geometry": { "type": "Point", "coordinates": [ 6.83, 5.43 ] } },
{ "type": "Feature", "properties": { "crs": 0.282, "risk_tier": "medium", "colour": "#FFD600" }, "geometry": { "type": "Point", "coordinates": [ 6.84, 5.43 ] } },
{ "type": "Feature", "properties": { "crs": 0.2393, "risk_tier": "low", "colour": "#69F0AE" }, "geometry": { "type": "Point", "coordinates": [ 6.85, 5.43 ] } },
{ "type": "Feature", "properties": { "crs": 0.1587, "risk_tier": "low", "colour": "#69F0AE" }, "geometry": { "type": "Point", "coordinates": [ 6.86, 5.43 ] } },
{ "type": "Feature", "properties": { "crs": 0.1587, "risk_tier": "low", "colour": "#69F0AE" }, "geometry": { "type": "Point", "coordinates": [ 6.87, 5.43 ] } },
{ "type": "Feature", "properties": { "crs": 0.1639, "risk_tier": "low", "colour": "#69F0AE" }, "geometry": { "type": "Point", "coordinates": [ 6.44, 5.44 ] } },
{ "type": "Feature", "properties": { "crs": 0.1636, "risk_tier": "low", "colour": "#69F0AE" }, "geometry": { "type": "Point", "coordinates": [ 6.45, 5.44 ] } },
{ "type": "Feature", "properties": { "crs": 0.1635, "risk_tier": "low", "colour": "#69F0AE" }, "geometry": { "type": "Point", "coordinates": [ 6.46, 5.44 ] } },
{ "type": "Feature", "properties": { "crs": 0.1636, "risk_tier": "low", "colour": "#69F0AE" }, "geometry": { "type": "Point", "coordinates": [ 6.47, 5.44 ] } },
{ "type": "Feature", "properties": { "crs": 0.2766, "risk_tier": "medium", "colour": "#FFD600" }, "geometry": { "type": "Point", "coordinates": [ 6.48, 5.44 ] } },
{ "type": "Feature", "properties": { "crs": 0.3006, "risk_tier": "medium", "colour": "#FFD600" }, "geometry": { "type": "Point", "coordinates": [ 6.49, 5.44 ] } },
{ "type": "Feature", "properties": { "crs": 0.2918, "risk_tier": "medium", "colour": "#FFD600" }, "geometry": { "type": "Point", "coordinates": [ 6.5, 5.44 ] } },
{ "type": "Feature", "properties": { "crs": 0.3599, "risk_tier": "medium", "colour": "#FFD600" }, "geometry": { "type": "Point", "coordinates": [ 6.51, 5.44 ] } },
{ "type": "Feature", "properties": { "crs": 0.36, "risk_tier": "medium", "colour": "#FFD600" }, "geometry": { "type": "Point", "coordinates": [ 6.52, 5.44 ] } },
{ "type": "Feature", "properties": { "crs": 0.36, "risk_tier": "medium", "colour": "#FFD600" }, "geometry": { "type": "Point", "coordinates": [ 6.53, 5.44 ] } },
{ "type": "Feature", "properties": { "crs": 0.36, "risk_tier": "medium", "colour": "#FFD600" }, "geometry": { "type": "Point", "coordinates": [ 6.54, 5.44 ] } },
{ "type": "Feature", "properties": { "crs": 0.3635, "risk_tier": "medium", "colour": "#FFD600" }, "geometry": { "type": "Point", "coordinates": [ 6.55, 5.44 ] } },
{ "type": "Feature", "properties": { "crs": 0.3787, "risk_tier": "medium", "colour": "#FFD600" }, "geometry": { "type": "Point", "coordinates": [ 6.56, 5.44 ] } },
{ "type": "Feature", "properties": { "crs": 0.3788, "risk_tier": "medium", "colour": "#FFD600" }, "geometry": { "type": "Point", "coordinates": [ 6.57, 5.44 ] } },
{ "type": "Feature", "properties": { "crs": 0.3788, "risk_tier": "medium", "colour": "#FFD600" }, "geometry": { "type": "Point", "coordinates": [ 6.58, 5.44 ] } },
{ "type": "Feature", "properties": { "crs": 0.3788, "risk_tier": "medium", "colour": "#FFD600" }, "geometry": { "type": "Point", "coordinates": [ 6.59, 5.44 ] } },
{ "type": "Feature", "properties": { "crs": 0.4854, "risk_tier": "medium", "colour": "#FFD600" }, "geometry": { "type": "Point", "coordinates": [ 6.6, 5.44 ] } },
{ "type": "Feature", "properties": { "crs": 0.4855, "risk_tier": "medium", "colour": "#FFD600" }, "geometry": { "type": "Point", "coordinates": [ 6.61, 5.44 ] } },
{ "type": "Feature", "properties": { "crs": 0.4855, "risk_tier": "medium", "colour": "#FFD600" }, "geometry": { "type": "Point", "coordinates": [ 6.62, 5.44 ] } },
{ "type": "Feature", "properties": { "crs": 0.4759, "risk_tier": "medium", "colour": "#FFD600" }, "geometry": { "type": "Point", "coordinates": [ 6.63, 5.44 ] } },
{ "type": "Feature", "properties": { "crs": 0.4759, "risk_tier": "medium", "colour": "#FFD600" }, "geometry": { "type": "Point", "coordinates": [ 6.64, 5.44 ] } },
{ "type": "Feature", "properties": { "crs": 0.4759, "risk_tier": "medium", "colour": "#FFD600" }, "geometry": { "type": "Point", "coordinates": [ 6.65, 5.44 ] } },
{ "type": "Feature", "properties": { "crs": 0.4856, "risk_tier": "medium", "colour": "#FFD600" }, "geometry": { "type": "Point", "coordinates": [ 6.66, 5.44 ] } },
{ "type": "Feature", "properties": { "crs": 0.4878, "risk_tier": "medium", "colour": "#FFD600" }, "geometry": { "type": "Point", "coordinates": [ 6.67, 5.44 ] } },
{ "type": "Feature", "properties": { "crs": 0.4878, "risk_tier": "medium", "colour": "#FFD600" }, "geometry": { "type": "Point", "coordinates": [ 6.68, 5.44 ] } },
{ "type": "Feature", "properties": { "crs": 0.4878, "risk_tier": "medium", "colour": "#FFD600" }, "geometry": { "type": "Point", "coordinates": [ 6.69, 5.44 ] } },
{ "type": "Feature", "properties": { "crs": 0.4878, "risk_tier": "medium", "colour": "#FFD600" }, "geometry": { "type": "Point", "coordinates": [ 6.7, 5.44 ] } },
{ "type": "Feature", "properties": { "crs": 0.4725, "risk_tier": "medium", "colour": "#FFD600" }, "geometry": { "type": "Point", "coordinates": [ 6.71, 5.44 ] } },
{ "type": "Feature", "properties": { "crs": 0.4725, "risk_tier": "medium", "colour": "#FFD600" }, "geometry": { "type": "Point", "coordinates": [ 6.72, 5.44 ] } },
{ "type": "Feature", "properties": { "crs": 0.4725, "risk_tier": "medium", "colour": "#FFD600" }, "geometry": { "type": "Point", "coordinates": [ 6.73, 5.44 ] } },
{ "type": "Feature", "properties": { "crs": 0.4467, "risk_tier": "medium", "colour": "#FFD600" }, "geometry": { "type": "Point", "coordinates": [ 6.74, 5.44 ] } },
{ "type": "Feature", "properties": { "crs": 0.4467, "risk_tier": "medium", "colour": "#FFD600" }, "geometry": { "type": "Point", "coordinates": [ 6.75, 5.44 ] } },
{ "type": "Feature", "properties": { "crs": 0.4467, "risk_tier": "medium", "colour": "#FFD600" }, "geometry": { "type": "Point", "coordinates": [ 6.76, 5.44 ] } },
{ "type": "Feature", "properties": { "crs": 0.4639, "risk_tier": "medium", "colour": "#FFD600" }, "geometry": { "type": "Point", "coordinates": [ 6.77, 5.44 ] } },
{ "type": "Feature", "properties": { "crs": 0.4537, "risk_tier": "medium", "colour": "#FFD600" }, "geometry": { "type": "Point", "coordinates": [ 6.78, 5.44 ] } },
{ "type": "Feature", "properties": { "crs": 0.4476, "risk_tier": "medium", "colour": "#FFD600" }, "geometry": { "type": "Point", "coordinates": [ 6.79, 5.44 ] } },
{ "type": "Feature", "properties": { "crs": 0.2989, "risk_tier": "medium", "colour": "#FFD600" }, "geometry": { "type": "Point", "coordinates": [ 6.8, 5.44 ] } },
{ "type": "Feature", "properties": { "crs": 0.3067, "risk_tier": "medium", "colour": "#FFD600" }, "geometry": { "type": "Point", "coordinates": [ 6.81, 5.44 ] } },
{ "type": "Feature", "properties": { "crs": 0.2895, "risk_tier": "medium", "colour": "#FFD600" }, "geometry": { "type": "Point", "coordinates": [ 6.82, 5.44 ] } },
{ "type": "Feature", "properties": { "crs": 0.266, "risk_tier": "medium", "colour": "#FFD600" }, "geometry": { "type": "Point", "coordinates": [ 6.83, 5.44 ] } },
{ "type": "Feature", "properties": { "crs": 0.2821, "risk_tier": "medium", "colour": "#FFD600" }, "geometry": { "type": "Point", "coordinates": [ 6.84, 5.44 ] } },
{ "type": "Feature", "properties": { "crs": 0.1706, "risk_tier": "low", "colour": "#69F0AE" }, "geometry": { "type": "Point", "coordinates": [ 6.85, 5.44 ] } },
{ "type": "Feature", "properties": { "crs": 0.1588, "risk_tier": "low", "colour": "#69F0AE" }, "geometry": { "type": "Point", "coordinates": [ 6.86, 5.44 ] } },
{ "type": "Feature", "properties": { "crs": 0.1588, "risk_tier": "low", "colour": "#69F0AE" }, "geometry": { "type": "Point", "coordinates": [ 6.87, 5.44 ] } },
{ "type": "Feature", "properties": { "crs": 0.1637, "risk_tier": "low", "colour": "#69F0AE" }, "geometry": { "type": "Point", "coordinates": [ 6.44, 5.45 ] } },
{ "type": "Feature", "properties": { "crs": 0.1636, "risk_tier": "low", "colour": "#69F0AE" }, "geometry": { "type": "Point", "coordinates": [ 6.45, 5.45 ] } },
{ "type": "Feature", "properties": { "crs": 0.1636, "risk_tier": "low", "colour": "#69F0AE" }, "geometry": { "type": "Point", "coordinates": [ 6.46, 5.45 ] } },
{ "type": "Feature", "properties": { "crs": 0.1636, "risk_tier": "low", "colour": "#69F0AE" }, "geometry": { "type": "Point", "coordinates": [ 6.47, 5.45 ] } },
{ "type": "Feature", "properties": { "crs": 0.1636, "risk_tier": "low", "colour": "#69F0AE" }, "geometry": { "type": "Point", "coordinates": [ 6.48, 5.45 ] } },
{ "type": "Feature", "properties": { "crs": 0.3006, "risk_tier": "medium", "colour": "#FFD600" }, "geometry": { "type": "Point", "coordinates": [ 6.49, 5.45 ] } },
{ "type": "Feature", "properties": { "crs": 0.3007, "risk_tier": "medium", "colour": "#FFD600" }, "geometry": { "type": "Point", "coordinates": [ 6.5, 5.45 ] } },
{ "type": "Feature", "properties": { "crs": 0.2929, "risk_tier": "medium", "colour": "#FFD600" }, "geometry": { "type": "Point", "coordinates": [ 6.51, 5.45 ] } },
{ "type": "Feature", "properties": { "crs": 0.3609, "risk_tier": "medium", "colour": "#FFD600" }, "geometry": { "type": "Point", "coordinates": [ 6.52, 5.45 ] } },
{ "type": "Feature", "properties": { "crs": 0.361, "risk_tier": "medium", "colour": "#FFD600" }, "geometry": { "type": "Point", "coordinates": [ 6.53, 5.45 ] } },
{ "type": "Feature", "properties": { "crs": 0.3611, "risk_tier": "medium", "colour": "#FFD600" }, "geometry": { "type": "Point", "coordinates": [ 6.54, 5.45 ] } },
{ "type": "Feature", "properties": { "crs": 0.3635, "risk_tier": "medium", "colour": "#FFD600" }, "geometry": { "type": "Point", "coordinates": [ 6.55, 5.45 ] } },
{ "type": "Feature", "properties": { "crs": 0.3673, "risk_tier": "medium", "colour": "#FFD600" }, "geometry": { "type": "Point", "coordinates": [ 6.56, 5.45 ] } },
{ "type": "Feature", "properties": { "crs": 0.3636, "risk_tier": "medium", "colour": "#FFD600" }, "geometry": { "type": "Point", "coordinates": [ 6.57, 5.45 ] } },
{ "type": "Feature", "properties": { "crs": 0.3788, "risk_tier": "medium", "colour": "#FFD600" }, "geometry": { "type": "Point", "coordinates": [ 6.58, 5.45 ] } },
{ "type": "Feature", "properties": { "crs": 0.3636, "risk_tier": "medium", "colour": "#FFD600" }, "geometry": { "type": "Point", "coordinates": [ 6.59, 5.45 ] } },
{ "type": "Feature", "properties": { "crs": 0.4854, "risk_tier": "medium", "colour": "#FFD600" }, "geometry": { "type": "Point", "coordinates": [ 6.6, 5.45 ] } },
{ "type": "Feature", "properties": { "crs": 0.4855, "risk_tier": "medium", "colour": "#FFD600" }, "geometry": { "type": "Point", "coordinates": [ 6.61, 5.45 ] } },
{ "type": "Feature", "properties": { "crs": 0.4855, "risk_tier": "medium", "colour": "#FFD600" }, "geometry": { "type": "Point", "coordinates": [ 6.62, 5.45 ] } },
{ "type": "Feature", "properties": { "crs": 0.4855, "risk_tier": "medium", "colour": "#FFD600" }, "geometry": { "type": "Point", "coordinates": [ 6.63, 5.45 ] } },
{ "type": "Feature", "properties": { "crs": 0.4855, "risk_tier": "medium", "colour": "#FFD600" }, "geometry": { "type": "Point", "coordinates": [ 6.64, 5.45 ] } },
{ "type": "Feature", "properties": { "crs": 0.4856, "risk_tier": "medium", "colour": "#FFD600" }, "geometry": { "type": "Point", "coordinates": [ 6.65, 5.45 ] } },
{ "type": "Feature", "properties": { "crs": 0.4879, "risk_tier": "medium", "colour": "#FFD600" }, "geometry": { "type": "Point", "coordinates": [ 6.66, 5.45 ] } },
{ "type": "Feature", "properties": { "crs": 0.4879, "risk_tier": "medium", "colour": "#FFD600" }, "geometry": { "type": "Point", "coordinates": [ 6.67, 5.45 ] } },
{ "type": "Feature", "properties": { "crs": 0.4879, "risk_tier": "medium", "colour": "#FFD600" }, "geometry": { "type": "Point", "coordinates": [ 6.68, 5.45 ] } },
{ "type": "Feature", "properties": { "crs": 0.4879, "risk_tier": "medium", "colour": "#FFD600" }, "geometry": { "type": "Point", "coordinates": [ 6.69, 5.45 ] } },
{ "type": "Feature", "properties": { "crs": 0.4879, "risk_tier": "medium", "colour": "#FFD600" }, "geometry": { "type": "Point", "coordinates": [ 6.7, 5.45 ] } },
{ "type": "Feature", "properties": { "crs": 0.4879, "risk_tier": "medium", "colour": "#FFD600" }, "geometry": { "type": "Point", "coordinates": [ 6.71, 5.45 ] } },
{ "type": "Feature", "properties": { "crs": 0.4879, "risk_tier": "medium", "colour": "#FFD600" }, "geometry": { "type": "Point", "coordinates": [ 6.72, 5.45 ] } },
{ "type": "Feature", "properties": { "crs": 0.4879, "risk_tier": "medium", "colour": "#FFD600" }, "geometry": { "type": "Point", "coordinates": [ 6.73, 5.45 ] } },
{ "type": "Feature", "properties": { "crs": 0.4878, "risk_tier": "medium", "colour": "#FFD600" }, "geometry": { "type": "Point", "coordinates": [ 6.74, 5.45 ] } },
{ "type": "Feature", "properties": { "crs": 0.4468, "risk_tier": "medium", "colour": "#FFD600" }, "geometry": { "type": "Point", "coordinates": [ 6.75, 5.45 ] } },
{ "type": "Feature", "properties": { "crs": 0.4631, "risk_tier": "medium", "colour": "#FFD600" }, "geometry": { "type": "Point", "coordinates": [ 6.76, 5.45 ] } },
{ "type": "Feature", "properties": { "crs": 0.464, "risk_tier": "medium", "colour": "#FFD600" }, "geometry": { "type": "Point", "coordinates": [ 6.77, 5.45 ] } },
{ "type": "Feature", "properties": { "crs": 0.4488, "risk_tier": "medium", "colour": "#FFD600" }, "geometry": { "type": "Point", "coordinates": [ 6.78, 5.45 ] } },
{ "type": "Feature", "properties": { "crs": 0.4548, "risk_tier": "medium", "colour": "#FFD600" }, "geometry": { "type": "Point", "coordinates": [ 6.79, 5.45 ] } },
{ "type": "Feature", "properties": { "crs": 0.314, "risk_tier": "medium", "colour": "#FFD600" }, "geometry": { "type": "Point", "coordinates": [ 6.8, 5.45 ] } },
{ "type": "Feature", "properties": { "crs": 0.3104, "risk_tier": "medium", "colour": "#FFD600" }, "geometry": { "type": "Point", "coordinates": [ 6.81, 5.45 ] } },
{ "type": "Feature", "properties": { "crs": 0.2896, "risk_tier": "medium", "colour": "#FFD600" }, "geometry": { "type": "Point", "coordinates": [ 6.82, 5.45 ] } },
{ "type": "Feature", "properties": { "crs": 0.2661, "risk_tier": "medium", "colour": "#FFD600" }, "geometry": { "type": "Point", "coordinates": [ 6.83, 5.45 ] } },
{ "type": "Feature", "properties": { "crs": 0.2661, "risk_tier": "medium", "colour": "#FFD600" }, "geometry": { "type": "Point", "coordinates": [ 6.84, 5.45 ] } },
{ "type": "Feature", "properties": { "crs": 0.1614, "risk_tier": "low", "colour": "#69F0AE" }, "geometry": { "type": "Point", "coordinates": [ 6.85, 5.45 ] } },
{ "type": "Feature", "properties": { "crs": 0.1588, "risk_tier": "low", "colour": "#69F0AE" }, "geometry": { "type": "Point", "coordinates": [ 6.86, 5.45 ] } },
{ "type": "Feature", "properties": { "crs": 0.1638, "risk_tier": "low", "colour": "#69F0AE" }, "geometry": { "type": "Point", "coordinates": [ 6.44, 5.46 ] } },
{ "type": "Feature", "properties": { "crs": 0.1636, "risk_tier": "low", "colour": "#69F0AE" }, "geometry": { "type": "Point", "coordinates": [ 6.45, 5.46 ] } },
{ "type": "Feature", "properties": { "crs": 0.1636, "risk_tier": "low", "colour": "#69F0AE" }, "geometry": { "type": "Point", "coordinates": [ 6.46, 5.46 ] } },
{ "type": "Feature", "properties": { "crs": 0.1636, "risk_tier": "low", "colour": "#69F0AE" }, "geometry": { "type": "Point", "coordinates": [ 6.47, 5.46 ] } },
{ "type": "Feature", "properties": { "crs": 0.1749, "risk_tier": "low", "colour": "#69F0AE" }, "geometry": { "type": "Point", "coordinates": [ 6.48, 5.46 ] } },
{ "type": "Feature", "properties": { "crs": 0.2915, "risk_tier": "medium", "colour": "#FFD600" }, "geometry": { "type": "Point", "coordinates": [ 6.49, 5.46 ] } },
{ "type": "Feature", "properties": { "crs": 0.3006, "risk_tier": "medium", "colour": "#FFD600" }, "geometry": { "type": "Point", "coordinates": [ 6.5, 5.46 ] } },
{ "type": "Feature", "properties": { "crs": 0.2929, "risk_tier": "medium", "colour": "#FFD600" }, "geometry": { "type": "Point", "coordinates": [ 6.51, 5.46 ] } },
{ "type": "Feature", "properties": { "crs": 0.3608, "risk_tier": "medium", "colour": "#FFD600" }, "geometry": { "type": "Point", "coordinates": [ 6.52, 5.46 ] } },
{ "type": "Feature", "properties": { "crs": 0.3609, "risk_tier": "medium", "colour": "#FFD600" }, "geometry": { "type": "Point", "coordinates": [ 6.53, 5.46 ] } },
{ "type": "Feature", "properties": { "crs": 0.36, "risk_tier": "medium", "colour": "#FFD600" }, "geometry": { "type": "Point", "coordinates": [ 6.54, 5.46 ] } },
{ "type": "Feature", "properties": { "crs": 0.3635, "risk_tier": "medium", "colour": "#FFD600" }, "geometry": { "type": "Point", "coordinates": [ 6.55, 5.46 ] } },
{ "type": "Feature", "properties": { "crs": 0.3635, "risk_tier": "medium", "colour": "#FFD600" }, "geometry": { "type": "Point", "coordinates": [ 6.56, 5.46 ] } },
{ "type": "Feature", "properties": { "crs": 0.3636, "risk_tier": "medium", "colour": "#FFD600" }, "geometry": { "type": "Point", "coordinates": [ 6.57, 5.46 ] } },
{ "type": "Feature", "properties": { "crs": 0.3788, "risk_tier": "medium", "colour": "#FFD600" }, "geometry": { "type": "Point", "coordinates": [ 6.58, 5.46 ] } },
{ "type": "Feature", "properties": { "crs": 0.3636, "risk_tier": "medium", "colour": "#FFD600" }, "geometry": { "type": "Point", "coordinates": [ 6.59, 5.46 ] } },
{ "type": "Feature", "properties": { "crs": 0.4607, "risk_tier": "medium", "colour": "#FFD600" }, "geometry": { "type": "Point", "coordinates": [ 6.6, 5.46 ] } },
{ "type": "Feature", "properties": { "crs": 0.4855, "risk_tier": "medium", "colour": "#FFD600" }, "geometry": { "type": "Point", "coordinates": [ 6.61, 5.46 ] } },
{ "type": "Feature", "properties": { "crs": 0.4855, "risk_tier": "medium", "colour": "#FFD600" }, "geometry": { "type": "Point", "coordinates": [ 6.62, 5.46 ] } },
{ "type": "Feature", "properties": { "crs": 0.4759, "risk_tier": "medium", "colour": "#FFD600" }, "geometry": { "type": "Point", "coordinates": [ 6.63, 5.46 ] } },
{ "type": "Feature", "properties": { "crs": 0.488, "risk_tier": "medium", "colour": "#FFD600" }, "geometry": { "type": "Point", "coordinates": [ 6.64, 5.46 ] } },
{ "type": "Feature", "properties": { "crs": 0.488, "risk_tier": "medium", "colour": "#FFD600" }, "geometry": { "type": "Point", "coordinates": [ 6.65, 5.46 ] } },
{ "type": "Feature", "properties": { "crs": 0.488, "risk_tier": "medium", "colour": "#FFD600" }, "geometry": { "type": "Point", "coordinates": [ 6.66, 5.46 ] } },
{ "type": "Feature", "properties": { "crs": 0.488, "risk_tier": "medium", "colour": "#FFD600" }, "geometry": { "type": "Point", "coordinates": [ 6.67, 5.46 ] } },
{ "type": "Feature", "properties": { "crs": 0.488, "risk_tier": "medium", "colour": "#FFD600" }, "geometry": { "type": "Point", "coordinates": [ 6.68, 5.46 ] } },
{ "type": "Feature", "properties": { "crs": 0.488, "risk_tier": "medium", "colour": "#FFD600" }, "geometry": { "type": "Point", "coordinates": [ 6.69, 5.46 ] } },
{ "type": "Feature", "properties": { "crs": 0.488, "risk_tier": "medium", "colour": "#FFD600" }, "geometry": { "type": "Point", "coordinates": [ 6.7, 5.46 ] } },
{ "type": "Feature", "properties": { "crs": 0.4879, "risk_tier": "medium", "colour": "#FFD600" }, "geometry": { "type": "Point", "coordinates": [ 6.71, 5.46 ] } },
{ "type": "Feature", "properties": { "crs": 0.4879, "risk_tier": "medium", "colour": "#FFD600" }, "geometry": { "type": "Point", "coordinates": [ 6.72, 5.46 ] } },
{ "type": "Feature", "properties": { "crs": 0.4879, "risk_tier": "medium", "colour": "#FFD600" }, "geometry": { "type": "Point", "coordinates": [ 6.73, 5.46 ] } },
{ "type": "Feature", "properties": { "crs": 0.4879, "risk_tier": "medium", "colour": "#FFD600" }, "geometry": { "type": "Point", "coordinates": [ 6.74, 5.46 ] } },
{ "type": "Feature", "properties": { "crs": 0.4632, "risk_tier": "medium", "colour": "#FFD600" }, "geometry": { "type": "Point", "coordinates": [ 6.75, 5.46 ] } },
{ "type": "Feature", "properties": { "crs": 0.4632, "risk_tier": "medium", "colour": "#FFD600" }, "geometry": { "type": "Point", "coordinates": [ 6.76, 5.46 ] } },
{ "type": "Feature", "properties": { "crs": 0.4529, "risk_tier": "medium", "colour": "#FFD600" }, "geometry": { "type": "Point", "coordinates": [ 6.77, 5.46 ] } },
{ "type": "Feature", "properties": { "crs": 0.4489, "risk_tier": "medium", "colour": "#FFD600" }, "geometry": { "type": "Point", "coordinates": [ 6.78, 5.46 ] } },
{ "type": "Feature", "properties": { "crs": 0.4651, "risk_tier": "medium", "colour": "#FFD600" }, "geometry": { "type": "Point", "coordinates": [ 6.79, 5.46 ] } },
{ "type": "Feature", "properties": { "crs": 0.3141, "risk_tier": "medium", "colour": "#FFD600" }, "geometry": { "type": "Point", "coordinates": [ 6.8, 5.46 ] } },
{ "type": "Feature", "properties": { "crs": 0.322, "risk_tier": "medium", "colour": "#FFD600" }, "geometry": { "type": "Point", "coordinates": [ 6.81, 5.46 ] } },
{ "type": "Feature", "properties": { "crs": 0.3219, "risk_tier": "medium", "colour": "#FFD600" }, "geometry": { "type": "Point", "coordinates": [ 6.82, 5.46 ] } },
{ "type": "Feature", "properties": { "crs": 0.2977, "risk_tier": "medium", "colour": "#FFD600" }, "geometry": { "type": "Point", "coordinates": [ 6.83, 5.46 ] } },
{ "type": "Feature", "properties": { "crs": 0.2395, "risk_tier": "low", "colour": "#69F0AE" }, "geometry": { "type": "Point", "coordinates": [ 6.84, 5.46 ] } },
{ "type": "Feature", "properties": { "crs": 0.1589, "risk_tier": "low", "colour": "#69F0AE" }, "geometry": { "type": "Point", "coordinates": [ 6.85, 5.46 ] } },
{ "type": "Feature", "properties": { "crs": 0.1589, "risk_tier": "low", "colour": "#69F0AE" }, "geometry": { "type": "Point", "coordinates": [ 6.86, 5.46 ] } },
{ "type": "Feature", "properties": { "crs": 0.1638, "risk_tier": "low", "colour": "#69F0AE" }, "geometry": { "type": "Point", "coordinates": [ 6.44, 5.47 ] } },
{ "type": "Feature", "properties": { "crs": 0.1636, "risk_tier": "low", "colour": "#69F0AE" }, "geometry": { "type": "Point", "coordinates": [ 6.45, 5.47 ] } },
{ "type": "Feature", "properties": { "crs": 0.1636, "risk_tier": "low", "colour": "#69F0AE" }, "geometry": { "type": "Point", "coordinates": [ 6.46, 5.47 ] } },
{ "type": "Feature", "properties": { "crs": 0.1749, "risk_tier": "low", "colour": "#69F0AE" }, "geometry": { "type": "Point", "coordinates": [ 6.47, 5.47 ] } },
{ "type": "Feature", "properties": { "crs": 0.1637, "risk_tier": "low", "colour": "#69F0AE" }, "geometry": { "type": "Point", "coordinates": [ 6.48, 5.47 ] } },
{ "type": "Feature", "properties": { "crs": 0.1636, "risk_tier": "low", "colour": "#69F0AE" }, "geometry": { "type": "Point", "coordinates": [ 6.49, 5.47 ] } },
{ "type": "Feature", "properties": { "crs": 0.2767, "risk_tier": "medium", "colour": "#FFD600" }, "geometry": { "type": "Point", "coordinates": [ 6.5, 5.47 ] } },
{ "type": "Feature", "properties": { "crs": 0.3006, "risk_tier": "medium", "colour": "#FFD600" }, "geometry": { "type": "Point", "coordinates": [ 6.51, 5.47 ] } },
{ "type": "Feature", "properties": { "crs": 0.2927, "risk_tier": "medium", "colour": "#FFD600" }, "geometry": { "type": "Point", "coordinates": [ 6.52, 5.47 ] } },
{ "type": "Feature", "properties": { "crs": 0.3638, "risk_tier": "medium", "colour": "#FFD600" }, "geometry": { "type": "Point", "coordinates": [ 6.53, 5.47 ] } },
{ "type": "Feature", "properties": { "crs": 0.3599, "risk_tier": "medium", "colour": "#FFD600" }, "geometry": { "type": "Point", "coordinates": [ 6.54, 5.47 ] } },
{ "type": "Feature", "properties": { "crs": 0.3634, "risk_tier": "medium", "colour": "#FFD600" }, "geometry": { "type": "Point", "coordinates": [ 6.55, 5.47 ] } },
{ "type": "Feature", "properties": { "crs": 0.3635, "risk_tier": "medium", "colour": "#FFD600" }, "geometry": { "type": "Point", "coordinates": [ 6.56, 5.47 ] } },
{ "type": "Feature", "properties": { "crs": 0.3636, "risk_tier": "medium", "colour": "#FFD600" }, "geometry": { "type": "Point", "coordinates": [ 6.57, 5.47 ] } },
{ "type": "Feature", "properties": { "crs": 0.3636, "risk_tier": "medium", "colour": "#FFD600" }, "geometry": { "type": "Point", "coordinates": [ 6.58, 5.47 ] } },
{ "type": "Feature", "properties": { "crs": 0.3636, "risk_tier": "medium", "colour": "#FFD600" }, "geometry": { "type": "Point", "coordinates": [ 6.59, 5.47 ] } },
{ "type": "Feature", "properties": { "crs": 0.4444, "risk_tier": "medium", "colour": "#FFD600" }, "geometry": { "type": "Point", "coordinates": [ 6.6, 5.47 ] } },
{ "type": "Feature", "properties": { "crs": 0.4504, "risk_tier": "medium", "colour": "#FFD600" }, "geometry": { "type": "Point", "coordinates": [ 6.61, 5.47 ] } },
{ "type": "Feature", "properties": { "crs": 0.4728, "risk_tier": "medium", "colour": "#FFD600" }, "geometry": { "type": "Point", "coordinates": [ 6.62, 5.47 ] } },
{ "type": "Feature", "properties": { "crs": 0.4728, "risk_tier": "medium", "colour": "#FFD600" }, "geometry": { "type": "Point", "coordinates": [ 6.63, 5.47 ] } },
{ "type": "Feature", "properties": { "crs": 0.4881, "risk_tier": "medium", "colour": "#FFD600" }, "geometry": { "type": "Point", "coordinates": [ 6.64, 5.47 ] } },
{ "type": "Feature", "properties": { "crs": 0.4784, "risk_tier": "medium", "colour": "#FFD600" }, "geometry": { "type": "Point", "coordinates": [ 6.65, 5.47 ] } },
{ "type": "Feature", "properties": { "crs": 0.4727, "risk_tier": "medium", "colour": "#FFD600" }, "geometry": { "type": "Point", "coordinates": [ 6.66, 5.47 ] } },
{ "type": "Feature", "properties": { "crs": 0.488, "risk_tier": "medium", "colour": "#FFD600" }, "geometry": { "type": "Point", "coordinates": [ 6.67, 5.47 ] } },
{ "type": "Feature", "properties": { "crs": 0.4727, "risk_tier": "medium", "colour": "#FFD600" }, "geometry": { "type": "Point", "coordinates": [ 6.68, 5.47 ] } },
{ "type": "Feature", "properties": { "crs": 0.488, "risk_tier": "medium", "colour": "#FFD600" }, "geometry": { "type": "Point", "coordinates": [ 6.69, 5.47 ] } },
{ "type": "Feature", "properties": { "crs": 0.488, "risk_tier": "medium", "colour": "#FFD600" }, "geometry": { "type": "Point", "coordinates": [ 6.7, 5.47 ] } },
{ "type": "Feature", "properties": { "crs": 0.488, "risk_tier": "medium", "colour": "#FFD600" }, "geometry": { "type": "Point", "coordinates": [ 6.71, 5.47 ] } },
{ "type": "Feature", "properties": { "crs": 0.488, "risk_tier": "medium", "colour": "#FFD600" }, "geometry": { "type": "Point", "coordinates": [ 6.72, 5.47 ] } },
{ "type": "Feature", "properties": { "crs": 0.488, "risk_tier": "medium", "colour": "#FFD600" }, "geometry": { "type": "Point", "coordinates": [ 6.73, 5.47 ] } },
{ "type": "Feature", "properties": { "crs": 0.488, "risk_tier": "medium", "colour": "#FFD600" }, "geometry": { "type": "Point", "coordinates": [ 6.74, 5.47 ] } },
{ "type": "Feature", "properties": { "crs": 0.4632, "risk_tier": "medium", "colour": "#FFD600" }, "geometry": { "type": "Point", "coordinates": [ 6.75, 5.47 ] } },
{ "type": "Feature", "properties": { "crs": 0.4632, "risk_tier": "medium", "colour": "#FFD600" }, "geometry": { "type": "Point", "coordinates": [ 6.76, 5.47 ] } },
{ "type": "Feature", "properties": { "crs": 0.447, "risk_tier": "medium", "colour": "#FFD600" }, "geometry": { "type": "Point", "coordinates": [ 6.77, 5.47 ] } },
{ "type": "Feature", "properties": { "crs": 0.449, "risk_tier": "medium", "colour": "#FFD600" }, "geometry": { "type": "Point", "coordinates": [ 6.78, 5.47 ] } },
{ "type": "Feature", "properties": { "crs": 0.449, "risk_tier": "medium", "colour": "#FFD600" }, "geometry": { "type": "Point", "coordinates": [ 6.79, 5.47 ] } },
{ "type": "Feature", "properties": { "crs": 0.3672, "risk_tier": "medium", "colour": "#FFD600" }, "geometry": { "type": "Point", "coordinates": [ 6.8, 5.47 ] } },
{ "type": "Feature", "properties": { "crs": 0.3069, "risk_tier": "medium", "colour": "#FFD600" }, "geometry": { "type": "Point", "coordinates": [ 6.81, 5.47 ] } },
{ "type": "Feature", "properties": { "crs": 0.3093, "risk_tier": "medium", "colour": "#FFD600" }, "geometry": { "type": "Point", "coordinates": [ 6.82, 5.47 ] } },
{ "type": "Feature", "properties": { "crs": 0.289, "risk_tier": "medium", "colour": "#FFD600" }, "geometry": { "type": "Point", "coordinates": [ 6.83, 5.47 ] } },
{ "type": "Feature", "properties": { "crs": 0.2281, "risk_tier": "low", "colour": "#69F0AE" }, "geometry": { "type": "Point", "coordinates": [ 6.84, 5.47 ] } },
{ "type": "Feature", "properties": { "crs": 0.159, "risk_tier": "low", "colour": "#69F0AE" }, "geometry": { "type": "Point", "coordinates": [ 6.85, 5.47 ] } },
{ "type": "Feature", "properties": { "crs": 0.159, "risk_tier": "low", "colour": "#69F0AE" }, "geometry": { "type": "Point", "coordinates": [ 6.86, 5.47 ] } },
{ "type": "Feature", "properties": { "crs": 0.1638, "risk_tier": "low", "colour": "#69F0AE" }, "geometry": { "type": "Point", "coordinates": [ 6.44, 5.48 ] } },
{ "type": "Feature", "properties": { "crs": 0.1636, "risk_tier": "low", "colour": "#69F0AE" }, "geometry": { "type": "Point", "coordinates": [ 6.45, 5.48 ] } },
{ "type": "Feature", "properties": { "crs": 0.1636, "risk_tier": "low", "colour": "#69F0AE" }, "geometry": { "type": "Point", "coordinates": [ 6.46, 5.48 ] } },
{ "type": "Feature", "properties": { "crs": 0.1636, "risk_tier": "low", "colour": "#69F0AE" }, "geometry": { "type": "Point", "coordinates": [ 6.47, 5.48 ] } },
{ "type": "Feature", "properties": { "crs": 0.1637, "risk_tier": "low", "colour": "#69F0AE" }, "geometry": { "type": "Point", "coordinates": [ 6.48, 5.48 ] } },
{ "type": "Feature", "properties": { "crs": 0.1637, "risk_tier": "low", "colour": "#69F0AE" }, "geometry": { "type": "Point", "coordinates": [ 6.49, 5.48 ] } },
{ "type": "Feature", "properties": { "crs": 0.1636, "risk_tier": "low", "colour": "#69F0AE" }, "geometry": { "type": "Point", "coordinates": [ 6.5, 5.48 ] } },
{ "type": "Feature", "properties": { "crs": 0.2766, "risk_tier": "medium", "colour": "#FFD600" }, "geometry": { "type": "Point", "coordinates": [ 6.51, 5.48 ] } },
{ "type": "Feature", "properties": { "crs": 0.3074, "risk_tier": "medium", "colour": "#FFD600" }, "geometry": { "type": "Point", "coordinates": [ 6.52, 5.48 ] } },
{ "type": "Feature", "properties": { "crs": 0.2918, "risk_tier": "medium", "colour": "#FFD600" }, "geometry": { "type": "Point", "coordinates": [ 6.53, 5.48 ] } },
{ "type": "Feature", "properties": { "crs": 0.3569, "risk_tier": "medium", "colour": "#FFD600" }, "geometry": { "type": "Point", "coordinates": [ 6.54, 5.48 ] } },
{ "type": "Feature", "properties": { "crs": 0.3663, "risk_tier": "medium", "colour": "#FFD600" }, "geometry": { "type": "Point", "coordinates": [ 6.55, 5.48 ] } },
{ "type": "Feature", "properties": { "crs": 0.3634, "risk_tier": "medium", "colour": "#FFD600" }, "geometry": { "type": "Point", "coordinates": [ 6.56, 5.48 ] } },
{ "type": "Feature", "properties": { "crs": 0.3635, "risk_tier": "medium", "colour": "#FFD600" }, "geometry": { "type": "Point", "coordinates": [ 6.57, 5.48 ] } },
{ "type": "Feature", "properties": { "crs": 0.3636, "risk_tier": "medium", "colour": "#FFD600" }, "geometry": { "type": "Point", "coordinates": [ 6.58, 5.48 ] } },
{ "type": "Feature", "properties": { "crs": 0.3636, "risk_tier": "medium", "colour": "#FFD600" }, "geometry": { "type": "Point", "coordinates": [ 6.59, 5.48 ] } },
{ "type": "Feature", "properties": { "crs": 0.4455, "risk_tier": "medium", "colour": "#FFD600" }, "geometry": { "type": "Point", "coordinates": [ 6.6, 5.48 ] } },
{ "type": "Feature", "properties": { "crs": 0.4471, "risk_tier": "medium", "colour": "#FFD600" }, "geometry": { "type": "Point", "coordinates": [ 6.61, 5.48 ] } },
{ "type": "Feature", "properties": { "crs": 0.4471, "risk_tier": "medium", "colour": "#FFD600" }, "geometry": { "type": "Point", "coordinates": [ 6.62, 5.48 ] } },
{ "type": "Feature", "properties": { "crs": 0.4531, "risk_tier": "medium", "colour": "#FFD600" }, "geometry": { "type": "Point", "coordinates": [ 6.63, 5.48 ] } },
{ "type": "Feature", "properties": { "crs": 0.4881, "risk_tier": "medium", "colour": "#FFD600" }, "geometry": { "type": "Point", "coordinates": [ 6.64, 5.48 ] } },
{ "type": "Feature", "properties": { "crs": 0.4881, "risk_tier": "medium", "colour": "#FFD600" }, "geometry": { "type": "Point", "coordinates": [ 6.65, 5.48 ] } },
{ "type": "Feature", "properties": { "crs": 0.4785, "risk_tier": "medium", "colour": "#FFD600" }, "geometry": { "type": "Point", "coordinates": [ 6.66, 5.48 ] } },
{ "type": "Feature", "properties": { "crs": 0.4881, "risk_tier": "medium", "colour": "#FFD600" }, "geometry": { "type": "Point", "coordinates": [ 6.67, 5.48 ] } },
{ "type": "Feature", "properties": { "crs": 0.4728, "risk_tier": "medium", "colour": "#FFD600" }, "geometry": { "type": "Point", "coordinates": [ 6.68, 5.48 ] } },
{ "type": "Feature", "properties": { "crs": 0.4785, "risk_tier": "medium", "colour": "#FFD600" }, "geometry": { "type": "Point", "coordinates": [ 6.69, 5.48 ] } },
{ "type": "Feature", "properties": { "crs": 0.4881, "risk_tier": "medium", "colour": "#FFD600" }, "geometry": { "type": "Point", "coordinates": [ 6.7, 5.48 ] } },
{ "type": "Feature", "properties": { "crs": 0.4881, "risk_tier": "medium", "colour": "#FFD600" }, "geometry": { "type": "Point", "coordinates": [ 6.71, 5.48 ] } },
{ "type": "Feature", "properties": { "crs": 0.4881, "risk_tier": "medium", "colour": "#FFD600" }, "geometry": { "type": "Point", "coordinates": [ 6.72, 5.48 ] } },
{ "type": "Feature", "properties": { "crs": 0.4881, "risk_tier": "medium", "colour": "#FFD600" }, "geometry": { "type": "Point", "coordinates": [ 6.73, 5.48 ] } },
{ "type": "Feature", "properties": { "crs": 0.4784, "risk_tier": "medium", "colour": "#FFD600" }, "geometry": { "type": "Point", "coordinates": [ 6.74, 5.48 ] } },
{ "type": "Feature", "properties": { "crs": 0.4881, "risk_tier": "medium", "colour": "#FFD600" }, "geometry": { "type": "Point", "coordinates": [ 6.75, 5.48 ] } },
{ "type": "Feature", "properties": { "crs": 0.4881, "risk_tier": "medium", "colour": "#FFD600" }, "geometry": { "type": "Point", "coordinates": [ 6.76, 5.48 ] } },
{ "type": "Feature", "properties": { "crs": 0.4881, "risk_tier": "medium", "colour": "#FFD600" }, "geometry": { "type": "Point", "coordinates": [ 6.77, 5.48 ] } },
{ "type": "Feature", "properties": { "crs": 0.4728, "risk_tier": "medium", "colour": "#FFD600" }, "geometry": { "type": "Point", "coordinates": [ 6.78, 5.48 ] } },
{ "type": "Feature", "properties": { "crs": 0.448, "risk_tier": "medium", "colour": "#FFD600" }, "geometry": { "type": "Point", "coordinates": [ 6.79, 5.48 ] } },
{ "type": "Feature", "properties": { "crs": 0.3673, "risk_tier": "medium", "colour": "#FFD600" }, "geometry": { "type": "Point", "coordinates": [ 6.8, 5.48 ] } },
{ "type": "Feature", "properties": { "crs": 0.307, "risk_tier": "medium", "colour": "#FFD600" }, "geometry": { "type": "Point", "coordinates": [ 6.81, 5.48 ] } },
{ "type": "Feature", "properties": { "crs": 0.283, "risk_tier": "medium", "colour": "#FFD600" }, "geometry": { "type": "Point", "coordinates": [ 6.82, 5.48 ] } },
{ "type": "Feature", "properties": { "crs": 0.2664, "risk_tier": "medium", "colour": "#FFD600" }, "geometry": { "type": "Point", "coordinates": [ 6.83, 5.48 ] } },
{ "type": "Feature", "properties": { "crs": 0.2249, "risk_tier": "low", "colour": "#69F0AE" }, "geometry": { "type": "Point", "coordinates": [ 6.84, 5.48 ] } },
{ "type": "Feature", "properties": { "crs": 0.1591, "risk_tier": "low", "colour": "#69F0AE" }, "geometry": { "type": "Point", "coordinates": [ 6.85, 5.48 ] } },
{ "type": "Feature", "properties": { "crs": 0.1592, "risk_tier": "low", "colour": "#69F0AE" }, "geometry": { "type": "Point", "coordinates": [ 6.86, 5.48 ] } },
{ "type": "Feature", "properties": { "crs": 0.1638, "risk_tier": "low", "colour": "#69F0AE" }, "geometry": { "type": "Point", "coordinates": [ 6.44, 5.49 ] } },
{ "type": "Feature", "properties": { "crs": 0.1635, "risk_tier": "low", "colour": "#69F0AE" }, "geometry": { "type": "Point", "coordinates": [ 6.45, 5.49 ] } },
{ "type": "Feature", "properties": { "crs": 0.1636, "risk_tier": "low", "colour": "#69F0AE" }, "geometry": { "type": "Point", "coordinates": [ 6.46, 5.49 ] } },
{ "type": "Feature", "properties": { "crs": 0.1637, "risk_tier": "low", "colour": "#69F0AE" }, "geometry": { "type": "Point", "coordinates": [ 6.47, 5.49 ] } },
{ "type": "Feature", "properties": { "crs": 0.1637, "risk_tier": "low", "colour": "#69F0AE" }, "geometry": { "type": "Point", "coordinates": [ 6.48, 5.49 ] } },
{ "type": "Feature", "properties": { "crs": 0.1636, "risk_tier": "low", "colour": "#69F0AE" }, "geometry": { "type": "Point", "coordinates": [ 6.49, 5.49 ] } },
{ "type": "Feature", "properties": { "crs": 0.1636, "risk_tier": "low", "colour": "#69F0AE" }, "geometry": { "type": "Point", "coordinates": [ 6.5, 5.49 ] } },
{ "type": "Feature", "properties": { "crs": 0.1635, "risk_tier": "low", "colour": "#69F0AE" }, "geometry": { "type": "Point", "coordinates": [ 6.51, 5.49 ] } },
{ "type": "Feature", "properties": { "crs": 0.2834, "risk_tier": "medium", "colour": "#FFD600" }, "geometry": { "type": "Point", "coordinates": [ 6.52, 5.49 ] } },
{ "type": "Feature", "properties": { "crs": 0.3066, "risk_tier": "medium", "colour": "#FFD600" }, "geometry": { "type": "Point", "coordinates": [ 6.53, 5.49 ] } },
{ "type": "Feature", "properties": { "crs": 0.2919, "risk_tier": "medium", "colour": "#FFD600" }, "geometry": { "type": "Point", "coordinates": [ 6.54, 5.49 ] } },
{ "type": "Feature", "properties": { "crs": 0.3603, "risk_tier": "medium", "colour": "#FFD600" }, "geometry": { "type": "Point", "coordinates": [ 6.55, 5.49 ] } },
{ "type": "Feature", "properties": { "crs": 0.3663, "risk_tier": "medium", "colour": "#FFD600" }, "geometry": { "type": "Point", "coordinates": [ 6.56, 5.49 ] } },
{ "type": "Feature", "properties": { "crs": 0.3634, "risk_tier": "medium", "colour": "#FFD600" }, "geometry": { "type": "Point", "coordinates": [ 6.57, 5.49 ] } },
{ "type": "Feature", "properties": { "crs": 0.3636, "risk_tier": "medium", "colour": "#FFD600" }, "geometry": { "type": "Point", "coordinates": [ 6.58, 5.49 ] } },
{ "type": "Feature", "properties": { "crs": 0.3664, "risk_tier": "medium", "colour": "#FFD600" }, "geometry": { "type": "Point", "coordinates": [ 6.59, 5.49 ] } },
{ "type": "Feature", "properties": { "crs": 0.3816, "risk_tier": "medium", "colour": "#FFD600" }, "geometry": { "type": "Point", "coordinates": [ 6.6, 5.49 ] } },
{ "type": "Feature", "properties": { "crs": 0.4635, "risk_tier": "medium", "colour": "#FFD600" }, "geometry": { "type": "Point", "coordinates": [ 6.61, 5.49 ] } },
{ "type": "Feature", "properties": { "crs": 0.4472, "risk_tier": "medium", "colour": "#FFD600" }, "geometry": { "type": "Point", "coordinates": [ 6.62, 5.49 ] } },
{ "type": "Feature", "properties": { "crs": 0.4532, "risk_tier": "medium", "colour": "#FFD600" }, "geometry": { "type": "Point", "coordinates": [ 6.63, 5.49 ] } },
{ "type": "Feature", "properties": { "crs": 0.4634, "risk_tier": "medium", "colour": "#FFD600" }, "geometry": { "type": "Point", "coordinates": [ 6.64, 5.49 ] } },
{ "type": "Feature", "properties": { "crs": 0.4532, "risk_tier": "medium", "colour": "#FFD600" }, "geometry": { "type": "Point", "coordinates": [ 6.65, 5.49 ] } },
{ "type": "Feature", "properties": { "crs": 0.4729, "risk_tier": "medium", "colour": "#FFD600" }, "geometry": { "type": "Point", "coordinates": [ 6.66, 5.49 ] } },
{ "type": "Feature", "properties": { "crs": 0.4785, "risk_tier": "medium", "colour": "#FFD600" }, "geometry": { "type": "Point", "coordinates": [ 6.67, 5.49 ] } },
{ "type": "Feature", "properties": { "crs": 0.4729, "risk_tier": "medium", "colour": "#FFD600" }, "geometry": { "type": "Point", "coordinates": [ 6.68, 5.49 ] } },
{ "type": "Feature", "properties": { "crs": 0.4729, "risk_tier": "medium", "colour": "#FFD600" }, "geometry": { "type": "Point", "coordinates": [ 6.69, 5.49 ] } },
{ "type": "Feature", "properties": { "crs": 0.4882, "risk_tier": "medium", "colour": "#FFD600" }, "geometry": { "type": "Point", "coordinates": [ 6.7, 5.49 ] } },
{ "type": "Feature", "properties": { "crs": 0.4882, "risk_tier": "medium", "colour": "#FFD600" }, "geometry": { "type": "Point", "coordinates": [ 6.71, 5.49 ] } },
{ "type": "Feature", "properties": { "crs": 0.4882, "risk_tier": "medium", "colour": "#FFD600" }, "geometry": { "type": "Point", "coordinates": [ 6.72, 5.49 ] } },
{ "type": "Feature", "properties": { "crs": 0.4891, "risk_tier": "medium", "colour": "#FFD600" }, "geometry": { "type": "Point", "coordinates": [ 6.73, 5.49 ] } },
{ "type": "Feature", "properties": { "crs": 0.4738, "risk_tier": "medium", "colour": "#FFD600" }, "geometry": { "type": "Point", "coordinates": [ 6.74, 5.49 ] } },
{ "type": "Feature", "properties": { "crs": 0.4891, "risk_tier": "medium", "colour": "#FFD600" }, "geometry": { "type": "Point", "coordinates": [ 6.75, 5.49 ] } },
{ "type": "Feature", "properties": { "crs": 0.4882, "risk_tier": "medium", "colour": "#FFD600" }, "geometry": { "type": "Point", "coordinates": [ 6.76, 5.49 ] } },
{ "type": "Feature", "properties": { "crs": 0.4882, "risk_tier": "medium", "colour": "#FFD600" }, "geometry": { "type": "Point", "coordinates": [ 6.77, 5.49 ] } },
{ "type": "Feature", "properties": { "crs": 0.4634, "risk_tier": "medium", "colour": "#FFD600" }, "geometry": { "type": "Point", "coordinates": [ 6.78, 5.49 ] } },
{ "type": "Feature", "properties": { "crs": 0.4481, "risk_tier": "medium", "colour": "#FFD600" }, "geometry": { "type": "Point", "coordinates": [ 6.79, 5.49 ] } },
{ "type": "Feature", "properties": { "crs": 0.3674, "risk_tier": "medium", "colour": "#FFD600" }, "geometry": { "type": "Point", "coordinates": [ 6.8, 5.49 ] } },
{ "type": "Feature", "properties": { "crs": 0.307, "risk_tier": "medium", "colour": "#FFD600" }, "geometry": { "type": "Point", "coordinates": [ 6.81, 5.49 ] } },
{ "type": "Feature", "properties": { "crs": 0.2831, "risk_tier": "medium", "colour": "#FFD600" }, "geometry": { "type": "Point", "coordinates": [ 6.82, 5.49 ] } },
{ "type": "Feature", "properties": { "crs": 0.2665, "risk_tier": "medium", "colour": "#FFD600" }, "geometry": { "type": "Point", "coordinates": [ 6.83, 5.49 ] } },
{ "type": "Feature", "properties": { "crs": 0.1592, "risk_tier": "low", "colour": "#69F0AE" }, "geometry": { "type": "Point", "coordinates": [ 6.84, 5.49 ] } },
{ "type": "Feature", "properties": { "crs": 0.1592, "risk_tier": "low", "colour": "#69F0AE" }, "geometry": { "type": "Point", "coordinates": [ 6.85, 5.49 ] } },
{ "type": "Feature", "properties": { "crs": 0.1593, "risk_tier": "low", "colour": "#69F0AE" }, "geometry": { "type": "Point", "coordinates": [ 6.86, 5.49 ] } },
{ "type": "Feature", "properties": { "crs": 0.1638, "risk_tier": "low", "colour": "#69F0AE" }, "geometry": { "type": "Point", "coordinates": [ 6.45, 5.5 ] } },
{ "type": "Feature", "properties": { "crs": 0.1636, "risk_tier": "low", "colour": "#69F0AE" }, "geometry": { "type": "Point", "coordinates": [ 6.46, 5.5 ] } },
{ "type": "Feature", "properties": { "crs": 0.1636, "risk_tier": "low", "colour": "#69F0AE" }, "geometry": { "type": "Point", "coordinates": [ 6.47, 5.5 ] } },
{ "type": "Feature", "properties": { "crs": 0.1635, "risk_tier": "low", "colour": "#69F0AE" }, "geometry": { "type": "Point", "coordinates": [ 6.48, 5.5 ] } },
{ "type": "Feature", "properties": { "crs": 0.1635, "risk_tier": "low", "colour": "#69F0AE" }, "geometry": { "type": "Point", "coordinates": [ 6.49, 5.5 ] } },
{ "type": "Feature", "properties": { "crs": 0.1636, "risk_tier": "low", "colour": "#69F0AE" }, "geometry": { "type": "Point", "coordinates": [ 6.5, 5.5 ] } },
{ "type": "Feature", "properties": { "crs": 0.1637, "risk_tier": "low", "colour": "#69F0AE" }, "geometry": { "type": "Point", "coordinates": [ 6.51, 5.5 ] } },
{ "type": "Feature", "properties": { "crs": 0.1636, "risk_tier": "low", "colour": "#69F0AE" }, "geometry": { "type": "Point", "coordinates": [ 6.52, 5.5 ] } },
{ "type": "Feature", "properties": { "crs": 0.233, "risk_tier": "low", "colour": "#69F0AE" }, "geometry": { "type": "Point", "coordinates": [ 6.53, 5.5 ] } },
{ "type": "Feature", "properties": { "crs": 0.3066, "risk_tier": "medium", "colour": "#FFD600" }, "geometry": { "type": "Point", "coordinates": [ 6.54, 5.5 ] } },
{ "type": "Feature", "properties": { "crs": 0.2953, "risk_tier": "medium", "colour": "#FFD600" }, "geometry": { "type": "Point", "coordinates": [ 6.55, 5.5 ] } },
{ "type": "Feature", "properties": { "crs": 0.2954, "risk_tier": "medium", "colour": "#FFD600" }, "geometry": { "type": "Point", "coordinates": [ 6.56, 5.5 ] } },
{ "type": "Feature", "properties": { "crs": 0.3634, "risk_tier": "medium", "colour": "#FFD600" }, "geometry": { "type": "Point", "coordinates": [ 6.57, 5.5 ] } },
{ "type": "Feature", "properties": { "crs": 0.3665, "risk_tier": "medium", "colour": "#FFD600" }, "geometry": { "type": "Point", "coordinates": [ 6.58, 5.5 ] } },
{ "type": "Feature", "properties": { "crs": 0.3675, "risk_tier": "medium", "colour": "#FFD600" }, "geometry": { "type": "Point", "coordinates": [ 6.59, 5.5 ] } },
{ "type": "Feature", "properties": { "crs": 0.3665, "risk_tier": "medium", "colour": "#FFD600" }, "geometry": { "type": "Point", "coordinates": [ 6.6, 5.5 ] } },
{ "type": "Feature", "properties": { "crs": 0.4483, "risk_tier": "medium", "colour": "#FFD600" }, "geometry": { "type": "Point", "coordinates": [ 6.61, 5.5 ] } },
{ "type": "Feature", "properties": { "crs": 0.4472, "risk_tier": "medium", "colour": "#FFD600" }, "geometry": { "type": "Point", "coordinates": [ 6.62, 5.5 ] } },
{ "type": "Feature", "properties": { "crs": 0.4472, "risk_tier": "medium", "colour": "#FFD600" }, "geometry": { "type": "Point", "coordinates": [ 6.63, 5.5 ] } },
{ "type": "Feature", "properties": { "crs": 0.4472, "risk_tier": "medium", "colour": "#FFD600" }, "geometry": { "type": "Point", "coordinates": [ 6.64, 5.5 ] } },
{ "type": "Feature", "properties": { "crs": 0.4472, "risk_tier": "medium", "colour": "#FFD600" }, "geometry": { "type": "Point", "coordinates": [ 6.65, 5.5 ] } },
{ "type": "Feature", "properties": { "crs": 0.4472, "risk_tier": "medium", "colour": "#FFD600" }, "geometry": { "type": "Point", "coordinates": [ 6.66, 5.5 ] } },
{ "type": "Feature", "properties": { "crs": 0.473, "risk_tier": "medium", "colour": "#FFD600" }, "geometry": { "type": "Point", "coordinates": [ 6.67, 5.5 ] } },
{ "type": "Feature", "properties": { "crs": 0.4786, "risk_tier": "medium", "colour": "#FFD600" }, "geometry": { "type": "Point", "coordinates": [ 6.68, 5.5 ] } },
{ "type": "Feature", "properties": { "crs": 0.4883, "risk_tier": "medium", "colour": "#FFD600" }, "geometry": { "type": "Point", "coordinates": [ 6.69, 5.5 ] } },
{ "type": "Feature", "properties": { "crs": 0.4883, "risk_tier": "medium", "colour": "#FFD600" }, "geometry": { "type": "Point", "coordinates": [ 6.7, 5.5 ] } },
{ "type": "Feature", "properties": { "crs": 0.4883, "risk_tier": "medium", "colour": "#FFD600" }, "geometry": { "type": "Point", "coordinates": [ 6.71, 5.5 ] } },
{ "type": "Feature", "properties": { "crs": 0.4883, "risk_tier": "medium", "colour": "#FFD600" }, "geometry": { "type": "Point", "coordinates": [ 6.72, 5.5 ] } },
{ "type": "Feature", "properties": { "crs": 0.4739, "risk_tier": "medium", "colour": "#FFD600" }, "geometry": { "type": "Point", "coordinates": [ 6.73, 5.5 ] } },
{ "type": "Feature", "properties": { "crs": 0.4739, "risk_tier": "medium", "colour": "#FFD600" }, "geometry": { "type": "Point", "coordinates": [ 6.74, 5.5 ] } },
{ "type": "Feature", "properties": { "crs": 0.4892, "risk_tier": "medium", "colour": "#FFD600" }, "geometry": { "type": "Point", "coordinates": [ 6.75, 5.5 ] } },
{ "type": "Feature", "properties": { "crs": 0.4892, "risk_tier": "medium", "colour": "#FFD600" }, "geometry": { "type": "Point", "coordinates": [ 6.76, 5.5 ] } },
{ "type": "Feature", "properties": { "crs": 0.4482, "risk_tier": "medium", "colour": "#FFD600" }, "geometry": { "type": "Point", "coordinates": [ 6.77, 5.5 ] } },
{ "type": "Feature", "properties": { "crs": 0.4482, "risk_tier": "medium", "colour": "#FFD600" }, "geometry": { "type": "Point", "coordinates": [ 6.78, 5.5 ] } },
{ "type": "Feature", "properties": { "crs": 0.3675, "risk_tier": "medium", "colour": "#FFD600" }, "geometry": { "type": "Point", "coordinates": [ 6.79, 5.5 ] } },
{ "type": "Feature", "properties": { "crs": 0.2994, "risk_tier": "medium", "colour": "#FFD600" }, "geometry": { "type": "Point", "coordinates": [ 6.8, 5.5 ] } },
{ "type": "Feature", "properties": { "crs": 0.3072, "risk_tier": "medium", "colour": "#FFD600" }, "geometry": { "type": "Point", "coordinates": [ 6.81, 5.5 ] } },
{ "type": "Feature", "properties": { "crs": 0.2832, "risk_tier": "medium", "colour": "#FFD600" }, "geometry": { "type": "Point", "coordinates": [ 6.82, 5.5 ] } },
{ "type": "Feature", "properties": { "crs": 0.2251, "risk_tier": "low", "colour": "#69F0AE" }, "geometry": { "type": "Point", "coordinates": [ 6.83, 5.5 ] } },
{ "type": "Feature", "properties": { "crs": 0.1593, "risk_tier": "low", "colour": "#69F0AE" }, "geometry": { "type": "Point", "coordinates": [ 6.84, 5.5 ] } },
{ "type": "Feature", "properties": { "crs": 0.1594, "risk_tier": "low", "colour": "#69F0AE" }, "geometry": { "type": "Point", "coordinates": [ 6.85, 5.5 ] } },
{ "type": "Feature", "properties": { "crs": 0.1638, "risk_tier": "low", "colour": "#69F0AE" }, "geometry": { "type": "Point", "coordinates": [ 6.45, 5.51 ] } },
{ "type": "Feature", "properties": { "crs": 0.1635, "risk_tier": "low", "colour": "#69F0AE" }, "geometry": { "type": "Point", "coordinates": [ 6.46, 5.51 ] } },
{ "type": "Feature", "properties": { "crs": 0.1635, "risk_tier": "low", "colour": "#69F0AE" }, "geometry": { "type": "Point", "coordinates": [ 6.47, 5.51 ] } },
{ "type": "Feature", "properties": { "crs": 0.1635, "risk_tier": "low", "colour": "#69F0AE" }, "geometry": { "type": "Point", "coordinates": [ 6.48, 5.51 ] } },
{ "type": "Feature", "properties": { "crs": 0.1636, "risk_tier": "low", "colour": "#69F0AE" }, "geometry": { "type": "Point", "coordinates": [ 6.49, 5.51 ] } },
{ "type": "Feature", "properties": { "crs": 0.1637, "risk_tier": "low", "colour": "#69F0AE" }, "geometry": { "type": "Point", "coordinates": [ 6.5, 5.51 ] } },
{ "type": "Feature", "properties": { "crs": 0.1637, "risk_tier": "low", "colour": "#69F0AE" }, "geometry": { "type": "Point", "coordinates": [ 6.51, 5.51 ] } },
{ "type": "Feature", "properties": { "crs": 0.1638, "risk_tier": "low", "colour": "#69F0AE" }, "geometry": { "type": "Point", "coordinates": [ 6.52, 5.51 ] } },
{ "type": "Feature", "properties": { "crs": 0.1638, "risk_tier": "low", "colour": "#69F0AE" }, "geometry": { "type": "Point", "coordinates": [ 6.53, 5.51 ] } },
{ "type": "Feature", "properties": { "crs": 0.1636, "risk_tier": "low", "colour": "#69F0AE" }, "geometry": { "type": "Point", "coordinates": [ 6.54, 5.51 ] } },
{ "type": "Feature", "properties": { "crs": 0.2869, "risk_tier": "medium", "colour": "#FFD600" }, "geometry": { "type": "Point", "coordinates": [ 6.55, 5.51 ] } },
{ "type": "Feature", "properties": { "crs": 0.3016, "risk_tier": "medium", "colour": "#FFD600" }, "geometry": { "type": "Point", "coordinates": [ 6.56, 5.51 ] } },
{ "type": "Feature", "properties": { "crs": 0.3131, "risk_tier": "medium", "colour": "#FFD600" }, "geometry": { "type": "Point", "coordinates": [ 6.57, 5.51 ] } },
{ "type": "Feature", "properties": { "crs": 0.2993, "risk_tier": "medium", "colour": "#FFD600" }, "geometry": { "type": "Point", "coordinates": [ 6.58, 5.51 ] } },
{ "type": "Feature", "properties": { "crs": 0.3676, "risk_tier": "medium", "colour": "#FFD600" }, "geometry": { "type": "Point", "coordinates": [ 6.59, 5.51 ] } },
{ "type": "Feature", "properties": { "crs": 0.3676, "risk_tier": "medium", "colour": "#FFD600" }, "geometry": { "type": "Point", "coordinates": [ 6.6, 5.51 ] } },
{ "type": "Feature", "properties": { "crs": 0.3665, "risk_tier": "medium", "colour": "#FFD600" }, "geometry": { "type": "Point", "coordinates": [ 6.61, 5.51 ] } },
{ "type": "Feature", "properties": { "crs": 0.4473, "risk_tier": "medium", "colour": "#FFD600" }, "geometry": { "type": "Point", "coordinates": [ 6.62, 5.51 ] } },
{ "type": "Feature", "properties": { "crs": 0.4473, "risk_tier": "medium", "colour": "#FFD600" }, "geometry": { "type": "Point", "coordinates": [ 6.63, 5.51 ] } },
{ "type": "Feature", "properties": { "crs": 0.4473, "risk_tier": "medium", "colour": "#FFD600" }, "geometry": { "type": "Point", "coordinates": [ 6.64, 5.51 ] } },
{ "type": "Feature", "properties": { "crs": 0.4482, "risk_tier": "medium", "colour": "#FFD600" }, "geometry": { "type": "Point", "coordinates": [ 6.65, 5.51 ] } },
{ "type": "Feature", "properties": { "crs": 0.4482, "risk_tier": "medium", "colour": "#FFD600" }, "geometry": { "type": "Point", "coordinates": [ 6.66, 5.51 ] } },
{ "type": "Feature", "properties": { "crs": 0.473, "risk_tier": "medium", "colour": "#FFD600" }, "geometry": { "type": "Point", "coordinates": [ 6.67, 5.51 ] } },
{ "type": "Feature", "properties": { "crs": 0.473, "risk_tier": "medium", "colour": "#FFD600" }, "geometry": { "type": "Point", "coordinates": [ 6.68, 5.51 ] } },
{ "type": "Feature", "properties": { "crs": 0.4787, "risk_tier": "medium", "colour": "#FFD600" }, "geometry": { "type": "Point", "coordinates": [ 6.69, 5.51 ] } },
{ "type": "Feature", "properties": { "crs": 0.4787, "risk_tier": "medium", "colour": "#FFD600" }, "geometry": { "type": "Point", "coordinates": [ 6.7, 5.51 ] } },
{ "type": "Feature", "properties": { "crs": 0.4883, "risk_tier": "medium", "colour": "#FFD600" }, "geometry": { "type": "Point", "coordinates": [ 6.71, 5.51 ] } },
{ "type": "Feature", "properties": { "crs": 0.4796, "risk_tier": "medium", "colour": "#FFD600" }, "geometry": { "type": "Point", "coordinates": [ 6.72, 5.51 ] } },
{ "type": "Feature", "properties": { "crs": 0.474, "risk_tier": "medium", "colour": "#FFD600" }, "geometry": { "type": "Point", "coordinates": [ 6.73, 5.51 ] } },
{ "type": "Feature", "properties": { "crs": 0.474, "risk_tier": "medium", "colour": "#FFD600" }, "geometry": { "type": "Point", "coordinates": [ 6.74, 5.51 ] } },
{ "type": "Feature", "properties": { "crs": 0.474, "risk_tier": "medium", "colour": "#FFD600" }, "geometry": { "type": "Point", "coordinates": [ 6.75, 5.51 ] } },
{ "type": "Feature", "properties": { "crs": 0.474, "risk_tier": "medium", "colour": "#FFD600" }, "geometry": { "type": "Point", "coordinates": [ 6.76, 5.51 ] } },
{ "type": "Feature", "properties": { "crs": 0.4483, "risk_tier": "medium", "colour": "#FFD600" }, "geometry": { "type": "Point", "coordinates": [ 6.77, 5.51 ] } },
{ "type": "Feature", "properties": { "crs": 0.4543, "risk_tier": "medium", "colour": "#FFD600" }, "geometry": { "type": "Point", "coordinates": [ 6.78, 5.51 ] } },
{ "type": "Feature", "properties": { "crs": 0.3828, "risk_tier": "medium", "colour": "#FFD600" }, "geometry": { "type": "Point", "coordinates": [ 6.79, 5.51 ] } },
{ "type": "Feature", "properties": { "crs": 0.2995, "risk_tier": "medium", "colour": "#FFD600" }, "geometry": { "type": "Point", "coordinates": [ 6.8, 5.51 ] } },
{ "type": "Feature", "properties": { "crs": 0.3073, "risk_tier": "medium", "colour": "#FFD600" }, "geometry": { "type": "Point", "coordinates": [ 6.81, 5.51 ] } },
{ "type": "Feature", "properties": { "crs": 0.2857, "risk_tier": "medium", "colour": "#FFD600" }, "geometry": { "type": "Point", "coordinates": [ 6.82, 5.51 ] } },
{ "type": "Feature", "properties": { "crs": 0.1713, "risk_tier": "low", "colour": "#69F0AE" }, "geometry": { "type": "Point", "coordinates": [ 6.83, 5.51 ] } },
{ "type": "Feature", "properties": { "crs": 0.1713, "risk_tier": "low", "colour": "#69F0AE" }, "geometry": { "type": "Point", "coordinates": [ 6.84, 5.51 ] } },
{ "type": "Feature", "properties": { "crs": 0.1594, "risk_tier": "low", "colour": "#69F0AE" }, "geometry": { "type": "Point", "coordinates": [ 6.85, 5.51 ] } },
{ "type": "Feature", "properties": { "crs": 0.1638, "risk_tier": "low", "colour": "#69F0AE" }, "geometry": { "type": "Point", "coordinates": [ 6.45, 5.52 ] } },
{ "type": "Feature", "properties": { "crs": 0.1635, "risk_tier": "low", "colour": "#69F0AE" }, "geometry": { "type": "Point", "coordinates": [ 6.46, 5.52 ] } },
{ "type": "Feature", "properties": { "crs": 0.1586, "risk_tier": "low", "colour": "#69F0AE" }, "geometry": { "type": "Point", "coordinates": [ 6.47, 5.52 ] } },
{ "type": "Feature", "properties": { "crs": 0.1635, "risk_tier": "low", "colour": "#69F0AE" }, "geometry": { "type": "Point", "coordinates": [ 6.48, 5.52 ] } },
{ "type": "Feature", "properties": { "crs": 0.1637, "risk_tier": "low", "colour": "#69F0AE" }, "geometry": { "type": "Point", "coordinates": [ 6.49, 5.52 ] } },
{ "type": "Feature", "properties": { "crs": 0.1637, "risk_tier": "low", "colour": "#69F0AE" }, "geometry": { "type": "Point", "coordinates": [ 6.5, 5.52 ] } },
{ "type": "Feature", "properties": { "crs": 0.1637, "risk_tier": "low", "colour": "#69F0AE" }, "geometry": { "type": "Point", "coordinates": [ 6.51, 5.52 ] } },
{ "type": "Feature", "properties": { "crs": 0.1638, "risk_tier": "low", "colour": "#69F0AE" }, "geometry": { "type": "Point", "coordinates": [ 6.52, 5.52 ] } },
{ "type": "Feature", "properties": { "crs": 0.1638, "risk_tier": "low", "colour": "#69F0AE" }, "geometry": { "type": "Point", "coordinates": [ 6.53, 5.52 ] } },
{ "type": "Feature", "properties": { "crs": 0.1638, "risk_tier": "low", "colour": "#69F0AE" }, "geometry": { "type": "Point", "coordinates": [ 6.54, 5.52 ] } },
{ "type": "Feature", "properties": { "crs": 0.1702, "risk_tier": "low", "colour": "#69F0AE" }, "geometry": { "type": "Point", "coordinates": [ 6.55, 5.52 ] } },
{ "type": "Feature", "properties": { "crs": 0.29, "risk_tier": "medium", "colour": "#FFD600" }, "geometry": { "type": "Point", "coordinates": [ 6.56, 5.52 ] } },
{ "type": "Feature", "properties": { "crs": 0.2833, "risk_tier": "medium", "colour": "#FFD600" }, "geometry": { "type": "Point", "coordinates": [ 6.57, 5.52 ] } },
{ "type": "Feature", "properties": { "crs": 0.3141, "risk_tier": "medium", "colour": "#FFD600" }, "geometry": { "type": "Point", "coordinates": [ 6.58, 5.52 ] } },
{ "type": "Feature", "properties": { "crs": 0.3071, "risk_tier": "medium", "colour": "#FFD600" }, "geometry": { "type": "Point", "coordinates": [ 6.59, 5.52 ] } },
{ "type": "Feature", "properties": { "crs": 0.3063, "risk_tier": "medium", "colour": "#FFD600" }, "geometry": { "type": "Point", "coordinates": [ 6.6, 5.52 ] } },
{ "type": "Feature", "properties": { "crs": 0.2995, "risk_tier": "medium", "colour": "#FFD600" }, "geometry": { "type": "Point", "coordinates": [ 6.61, 5.52 ] } },
{ "type": "Feature", "properties": { "crs": 0.4474, "risk_tier": "medium", "colour": "#FFD600" }, "geometry": { "type": "Point", "coordinates": [ 6.62, 5.52 ] } },
{ "type": "Feature", "properties": { "crs": 0.4474, "risk_tier": "medium", "colour": "#FFD600" }, "geometry": { "type": "Point", "coordinates": [ 6.63, 5.52 ] } },
{ "type": "Feature", "properties": { "crs": 0.4473, "risk_tier": "medium", "colour": "#FFD600" }, "geometry": { "type": "Point", "coordinates": [ 6.64, 5.52 ] } },
{ "type": "Feature", "properties": { "crs": 0.4474, "risk_tier": "medium", "colour": "#FFD600" }, "geometry": { "type": "Point", "coordinates": [ 6.65, 5.52 ] } },
{ "type": "Feature", "properties": { "crs": 0.4483, "risk_tier": "medium", "colour": "#FFD600" }, "geometry": { "type": "Point", "coordinates": [ 6.66, 5.52 ] } },
{ "type": "Feature", "properties": { "crs": 0.474, "risk_tier": "medium", "colour": "#FFD600" }, "geometry": { "type": "Point", "coordinates": [ 6.67, 5.52 ] } },
{ "type": "Feature", "properties": { "crs": 0.4741, "risk_tier": "medium", "colour": "#FFD600" }, "geometry": { "type": "Point", "coordinates": [ 6.68, 5.52 ] } },
{ "type": "Feature", "properties": { "crs": 0.4731, "risk_tier": "medium", "colour": "#FFD600" }, "geometry": { "type": "Point", "coordinates": [ 6.69, 5.52 ] } },
{ "type": "Feature", "properties": { "crs": 0.4884, "risk_tier": "medium", "colour": "#FFD600" }, "geometry": { "type": "Point", "coordinates": [ 6.7, 5.52 ] } },
{ "type": "Feature", "properties": { "crs": 0.4884, "risk_tier": "medium", "colour": "#FFD600" }, "geometry": { "type": "Point", "coordinates": [ 6.71, 5.52 ] } },
{ "type": "Feature", "properties": { "crs": 0.4884, "risk_tier": "medium", "colour": "#FFD600" }, "geometry": { "type": "Point", "coordinates": [ 6.72, 5.52 ] } },
{ "type": "Feature", "properties": { "crs": 0.4894, "risk_tier": "medium", "colour": "#FFD600" }, "geometry": { "type": "Point", "coordinates": [ 6.73, 5.52 ] } },
{ "type": "Feature", "properties": { "crs": 0.4741, "risk_tier": "medium", "colour": "#FFD600" }, "geometry": { "type": "Point", "coordinates": [ 6.74, 5.52 ] } },
{ "type": "Feature", "properties": { "crs": 0.4741, "risk_tier": "medium", "colour": "#FFD600" }, "geometry": { "type": "Point", "coordinates": [ 6.75, 5.52 ] } },
{ "type": "Feature", "properties": { "crs": 0.4646, "risk_tier": "medium", "colour": "#FFD600" }, "geometry": { "type": "Point", "coordinates": [ 6.76, 5.52 ] } },
{ "type": "Feature", "properties": { "crs": 0.4484, "risk_tier": "medium", "colour": "#FFD600" }, "geometry": { "type": "Point", "coordinates": [ 6.77, 5.52 ] } },
{ "type": "Feature", "properties": { "crs": 0.3677, "risk_tier": "medium", "colour": "#FFD600" }, "geometry": { "type": "Point", "coordinates": [ 6.78, 5.52 ] } },
{ "type": "Feature", "properties": { "crs": 0.2996, "risk_tier": "medium", "colour": "#FFD600" }, "geometry": { "type": "Point", "coordinates": [ 6.79, 5.52 ] } },
{ "type": "Feature", "properties": { "crs": 0.2996, "risk_tier": "medium", "colour": "#FFD600" }, "geometry": { "type": "Point", "coordinates": [ 6.8, 5.52 ] } },
{ "type": "Feature", "properties": { "crs": 0.2834, "risk_tier": "medium", "colour": "#FFD600" }, "geometry": { "type": "Point", "coordinates": [ 6.81, 5.52 ] } },
{ "type": "Feature", "properties": { "crs": 0.2858, "risk_tier": "medium", "colour": "#FFD600" }, "geometry": { "type": "Point", "coordinates": [ 6.82, 5.52 ] } },
{ "type": "Feature", "properties": { "crs": 0.1594, "risk_tier": "low", "colour": "#69F0AE" }, "geometry": { "type": "Point", "coordinates": [ 6.83, 5.52 ] } },
{ "type": "Feature", "properties": { "crs": 0.1621, "risk_tier": "low", "colour": "#69F0AE" }, "geometry": { "type": "Point", "coordinates": [ 6.84, 5.52 ] } },
{ "type": "Feature", "properties": { "crs": 0.1635, "risk_tier": "low", "colour": "#69F0AE" }, "geometry": { "type": "Point", "coordinates": [ 6.46, 5.53 ] } },
{ "type": "Feature", "properties": { "crs": 0.1586, "risk_tier": "low", "colour": "#69F0AE" }, "geometry": { "type": "Point", "coordinates": [ 6.47, 5.53 ] } },
{ "type": "Feature", "properties": { "crs": 0.1635, "risk_tier": "low", "colour": "#69F0AE" }, "geometry": { "type": "Point", "coordinates": [ 6.48, 5.53 ] } },
{ "type": "Feature", "properties": { "crs": 0.1637, "risk_tier": "low", "colour": "#69F0AE" }, "geometry": { "type": "Point", "coordinates": [ 6.49, 5.53 ] } },
{ "type": "Feature", "properties": { "crs": 0.1637, "risk_tier": "low", "colour": "#69F0AE" }, "geometry": { "type": "Point", "coordinates": [ 6.5, 5.53 ] } },
{ "type": "Feature", "properties": { "crs": 0.175, "risk_tier": "low", "colour": "#69F0AE" }, "geometry": { "type": "Point", "coordinates": [ 6.51, 5.53 ] } },
{ "type": "Feature", "properties": { "crs": 0.175, "risk_tier": "low", "colour": "#69F0AE" }, "geometry": { "type": "Point", "coordinates": [ 6.52, 5.53 ] } },
{ "type": "Feature", "properties": { "crs": 0.167, "risk_tier": "low", "colour": "#69F0AE" }, "geometry": { "type": "Point", "coordinates": [ 6.53, 5.53 ] } },
{ "type": "Feature", "properties": { "crs": 0.167, "risk_tier": "low", "colour": "#69F0AE" }, "geometry": { "type": "Point", "coordinates": [ 6.54, 5.53 ] } },
{ "type": "Feature", "properties": { "crs": 0.1704, "risk_tier": "low", "colour": "#69F0AE" }, "geometry": { "type": "Point", "coordinates": [ 6.55, 5.53 ] } },
{ "type": "Feature", "properties": { "crs": 0.1703, "risk_tier": "low", "colour": "#69F0AE" }, "geometry": { "type": "Point", "coordinates": [ 6.56, 5.53 ] } },
{ "type": "Feature", "properties": { "crs": 0.1702, "risk_tier": "low", "colour": "#69F0AE" }, "geometry": { "type": "Point", "coordinates": [ 6.57, 5.53 ] } },
{ "type": "Feature", "properties": { "crs": 0.2901, "risk_tier": "medium", "colour": "#FFD600" }, "geometry": { "type": "Point", "coordinates": [ 6.58, 5.53 ] } },
{ "type": "Feature", "properties": { "crs": 0.2833, "risk_tier": "medium", "colour": "#FFD600" }, "geometry": { "type": "Point", "coordinates": [ 6.59, 5.53 ] } },
{ "type": "Feature", "properties": { "crs": 0.2834, "risk_tier": "medium", "colour": "#FFD600" }, "geometry": { "type": "Point", "coordinates": [ 6.6, 5.53 ] } },
{ "type": "Feature", "properties": { "crs": 0.3074, "risk_tier": "medium", "colour": "#FFD600" }, "geometry": { "type": "Point", "coordinates": [ 6.61, 5.53 ] } },
{ "type": "Feature", "properties": { "crs": 0.3677, "risk_tier": "medium", "colour": "#FFD600" }, "geometry": { "type": "Point", "coordinates": [ 6.62, 5.53 ] } },
{ "type": "Feature", "properties": { "crs": 0.4474, "risk_tier": "medium", "colour": "#FFD600" }, "geometry": { "type": "Point", "coordinates": [ 6.63, 5.53 ] } },
{ "type": "Feature", "properties": { "crs": 0.4475, "risk_tier": "medium", "colour": "#FFD600" }, "geometry": { "type": "Point", "coordinates": [ 6.64, 5.53 ] } },
{ "type": "Feature", "properties": { "crs": 0.4475, "risk_tier": "medium", "colour": "#FFD600" }, "geometry": { "type": "Point", "coordinates": [ 6.65, 5.53 ] } },
{ "type": "Feature", "properties": { "crs": 0.4484, "risk_tier": "medium", "colour": "#FFD600" }, "geometry": { "type": "Point", "coordinates": [ 6.66, 5.53 ] } },
{ "type": "Feature", "properties": { "crs": 0.4484, "risk_tier": "medium", "colour": "#FFD600" }, "geometry": { "type": "Point", "coordinates": [ 6.67, 5.53 ] } },
{ "type": "Feature", "properties": { "crs": 0.4741, "risk_tier": "medium", "colour": "#FFD600" }, "geometry": { "type": "Point", "coordinates": [ 6.68, 5.53 ] } },
{ "type": "Feature", "properties": { "crs": 0.4741, "risk_tier": "medium", "colour": "#FFD600" }, "geometry": { "type": "Point", "coordinates": [ 6.69, 5.53 ] } },
{ "type": "Feature", "properties": { "crs": 0.4798, "risk_tier": "medium", "colour": "#FFD600" }, "geometry": { "type": "Point", "coordinates": [ 6.7, 5.53 ] } },
{ "type": "Feature", "properties": { "crs": 0.4798, "risk_tier": "medium", "colour": "#FFD600" }, "geometry": { "type": "Point", "coordinates": [ 6.71, 5.53 ] } },
{ "type": "Feature", "properties": { "crs": 0.4885, "risk_tier": "medium", "colour": "#FFD600" }, "geometry": { "type": "Point", "coordinates": [ 6.72, 5.53 ] } },
{ "type": "Feature", "properties": { "crs": 0.4895, "risk_tier": "medium", "colour": "#FFD600" }, "geometry": { "type": "Point", "coordinates": [ 6.73, 5.53 ] } },
{ "type": "Feature", "properties": { "crs": 0.4742, "risk_tier": "medium", "colour": "#FFD600" }, "geometry": { "type": "Point", "coordinates": [ 6.74, 5.53 ] } },
{ "type": "Feature", "properties": { "crs": 0.4742, "risk_tier": "medium", "colour": "#FFD600" }, "geometry": { "type": "Point", "coordinates": [ 6.75, 5.53 ] } },
{ "type": "Feature", "properties": { "crs": 0.4895, "risk_tier": "medium", "colour": "#FFD600" }, "geometry": { "type": "Point", "coordinates": [ 6.76, 5.53 ] } },
{ "type": "Feature", "properties": { "crs": 0.3678, "risk_tier": "medium", "colour": "#FFD600" }, "geometry": { "type": "Point", "coordinates": [ 6.77, 5.53 ] } },
{ "type": "Feature", "properties": { "crs": 0.3678, "risk_tier": "medium", "colour": "#FFD600" }, "geometry": { "type": "Point", "coordinates": [ 6.78, 5.53 ] } },
{ "type": "Feature", "properties": { "crs": 0.2997, "risk_tier": "medium", "colour": "#FFD600" }, "geometry": { "type": "Point", "coordinates": [ 6.79, 5.53 ] } },
{ "type": "Feature", "properties": { "crs": 0.3075, "risk_tier": "medium", "colour": "#FFD600" }, "geometry": { "type": "Point", "coordinates": [ 6.8, 5.53 ] } },
{ "type": "Feature", "properties": { "crs": 0.2835, "risk_tier": "medium", "colour": "#FFD600" }, "geometry": { "type": "Point", "coordinates": [ 6.81, 5.53 ] } },
{ "type": "Feature", "properties": { "crs": 0.243, "risk_tier": "low", "colour": "#69F0AE" }, "geometry": { "type": "Point", "coordinates": [ 6.82, 5.53 ] } },
{ "type": "Feature", "properties": { "crs": 0.1722, "risk_tier": "low", "colour": "#69F0AE" }, "geometry": { "type": "Point", "coordinates": [ 6.83, 5.53 ] } },
{ "type": "Feature", "properties": { "crs": 0.1596, "risk_tier": "low", "colour": "#69F0AE" }, "geometry": { "type": "Point", "coordinates": [ 6.84, 5.53 ] } },
{ "type": "Feature", "properties": { "crs": 0.1639, "risk_tier": "low", "colour": "#69F0AE" }, "geometry": { "type": "Point", "coordinates": [ 6.46, 5.54 ] } },
{ "type": "Feature", "properties": { "crs": 0.1635, "risk_tier": "low", "colour": "#69F0AE" }, "geometry": { "type": "Point", "coordinates": [ 6.47, 5.54 ] } },
{ "type": "Feature", "properties": { "crs": 0.1635, "risk_tier": "low", "colour": "#69F0AE" }, "geometry": { "type": "Point", "coordinates": [ 6.48, 5.54 ] } },
{ "type": "Feature", "properties": { "crs": 0.1637, "risk_tier": "low", "colour": "#69F0AE" }, "geometry": { "type": "Point", "coordinates": [ 6.49, 5.54 ] } },
{ "type": "Feature", "properties": { "crs": 0.1637, "risk_tier": "low", "colour": "#69F0AE" }, "geometry": { "type": "Point", "coordinates": [ 6.5, 5.54 ] } },
{ "type": "Feature", "properties": { "crs": 0.167, "risk_tier": "low", "colour": "#69F0AE" }, "geometry": { "type": "Point", "coordinates": [ 6.51, 5.54 ] } },
{ "type": "Feature", "properties": { "crs": 0.1671, "risk_tier": "low", "colour": "#69F0AE" }, "geometry": { "type": "Point", "coordinates": [ 6.52, 5.54 ] } },
{ "type": "Feature", "properties": { "crs": 0.1671, "risk_tier": "low", "colour": "#69F0AE" }, "geometry": { "type": "Point", "coordinates": [ 6.53, 5.54 ] } },
{ "type": "Feature", "properties": { "crs": 0.1671, "risk_tier": "low", "colour": "#69F0AE" }, "geometry": { "type": "Point", "coordinates": [ 6.54, 5.54 ] } },
{ "type": "Feature", "properties": { "crs": 0.1705, "risk_tier": "low", "colour": "#69F0AE" }, "geometry": { "type": "Point", "coordinates": [ 6.55, 5.54 ] } },
{ "type": "Feature", "properties": { "crs": 0.1705, "risk_tier": "low", "colour": "#69F0AE" }, "geometry": { "type": "Point", "coordinates": [ 6.56, 5.54 ] } },
{ "type": "Feature", "properties": { "crs": 0.1704, "risk_tier": "low", "colour": "#69F0AE" }, "geometry": { "type": "Point", "coordinates": [ 6.57, 5.54 ] } },
{ "type": "Feature", "properties": { "crs": 0.1704, "risk_tier": "low", "colour": "#69F0AE" }, "geometry": { "type": "Point", "coordinates": [ 6.58, 5.54 ] } },
{ "type": "Feature", "properties": { "crs": 0.1704, "risk_tier": "low", "colour": "#69F0AE" }, "geometry": { "type": "Point", "coordinates": [ 6.59, 5.54 ] } },
{ "type": "Feature", "properties": { "crs": 0.2835, "risk_tier": "medium", "colour": "#FFD600" }, "geometry": { "type": "Point", "coordinates": [ 6.6, 5.54 ] } },
{ "type": "Feature", "properties": { "crs": 0.2871, "risk_tier": "medium", "colour": "#FFD600" }, "geometry": { "type": "Point", "coordinates": [ 6.61, 5.54 ] } },
{ "type": "Feature", "properties": { "crs": 0.3217, "risk_tier": "medium", "colour": "#FFD600" }, "geometry": { "type": "Point", "coordinates": [ 6.62, 5.54 ] } },
{ "type": "Feature", "properties": { "crs": 0.3719, "risk_tier": "medium", "colour": "#FFD600" }, "geometry": { "type": "Point", "coordinates": [ 6.63, 5.54 ] } },
{ "type": "Feature", "properties": { "crs": 0.4733, "risk_tier": "medium", "colour": "#FFD600" }, "geometry": { "type": "Point", "coordinates": [ 6.64, 5.54 ] } },
{ "type": "Feature", "properties": { "crs": 0.4886, "risk_tier": "medium", "colour": "#FFD600" }, "geometry": { "type": "Point", "coordinates": [ 6.65, 5.54 ] } },
{ "type": "Feature", "properties": { "crs": 0.4536, "risk_tier": "medium", "colour": "#FFD600" }, "geometry": { "type": "Point", "coordinates": [ 6.66, 5.54 ] } },
{ "type": "Feature", "properties": { "crs": 0.4742, "risk_tier": "medium", "colour": "#FFD600" }, "geometry": { "type": "Point", "coordinates": [ 6.67, 5.54 ] } },
{ "type": "Feature", "properties": { "crs": 0.4742, "risk_tier": "medium", "colour": "#FFD600" }, "geometry": { "type": "Point", "coordinates": [ 6.68, 5.54 ] } },
{ "type": "Feature", "properties": { "crs": 0.4742, "risk_tier": "medium", "colour": "#FFD600" }, "geometry": { "type": "Point", "coordinates": [ 6.69, 5.54 ] } },
{ "type": "Feature", "properties": { "crs": 0.4742, "risk_tier": "medium", "colour": "#FFD600" }, "geometry": { "type": "Point", "coordinates": [ 6.7, 5.54 ] } },
{ "type": "Feature", "properties": { "crs": 0.4895, "risk_tier": "medium", "colour": "#FFD600" }, "geometry": { "type": "Point", "coordinates": [ 6.71, 5.54 ] } },
{ "type": "Feature", "properties": { "crs": 0.4895, "risk_tier": "medium", "colour": "#FFD600" }, "geometry": { "type": "Point", "coordinates": [ 6.72, 5.54 ] } },
{ "type": "Feature", "properties": { "crs": 0.4896, "risk_tier": "medium", "colour": "#FFD600" }, "geometry": { "type": "Point", "coordinates": [ 6.73, 5.54 ] } },
{ "type": "Feature", "properties": { "crs": 0.4743, "risk_tier": "medium", "colour": "#FFD600" }, "geometry": { "type": "Point", "coordinates": [ 6.74, 5.54 ] } },
{ "type": "Feature", "properties": { "crs": 0.4743, "risk_tier": "medium", "colour": "#FFD600" }, "geometry": { "type": "Point", "coordinates": [ 6.75, 5.54 ] } },
{ "type": "Feature", "properties": { "crs": 0.3831, "risk_tier": "medium", "colour": "#FFD600" }, "geometry": { "type": "Point", "coordinates": [ 6.76, 5.54 ] } },
{ "type": "Feature", "properties": { "crs": 0.3717, "risk_tier": "medium", "colour": "#FFD600" }, "geometry": { "type": "Point", "coordinates": [ 6.77, 5.54 ] } },
{ "type": "Feature", "properties": { "crs": 0.3149, "risk_tier": "medium", "colour": "#FFD600" }, "geometry": { "type": "Point", "coordinates": [ 6.78, 5.54 ] } },
{ "type": "Feature", "properties": { "crs": 0.3228, "risk_tier": "medium", "colour": "#FFD600" }, "geometry": { "type": "Point", "coordinates": [ 6.79, 5.54 ] } },
{ "type": "Feature", "properties": { "crs": 0.3227, "risk_tier": "medium", "colour": "#FFD600" }, "geometry": { "type": "Point", "coordinates": [ 6.8, 5.54 ] } },
{ "type": "Feature", "properties": { "crs": 0.2836, "risk_tier": "medium", "colour": "#FFD600" }, "geometry": { "type": "Point", "coordinates": [ 6.81, 5.54 ] } },
{ "type": "Feature", "properties": { "crs": 0.1723, "risk_tier": "low", "colour": "#69F0AE" }, "geometry": { "type": "Point", "coordinates": [ 6.82, 5.54 ] } },
{ "type": "Feature", "properties": { "crs": 0.1723, "risk_tier": "low", "colour": "#69F0AE" }, "geometry": { "type": "Point", "coordinates": [ 6.83, 5.54 ] } },
{ "type": "Feature", "properties": { "crs": 0.166, "risk_tier": "low", "colour": "#69F0AE" }, "geometry": { "type": "Point", "coordinates": [ 6.47, 5.55 ] } },
{ "type": "Feature", "properties": { "crs": 0.1661, "risk_tier": "low", "colour": "#69F0AE" }, "geometry": { "type": "Point", "coordinates": [ 6.48, 5.55 ] } },
{ "type": "Feature", "properties": { "crs": 0.1662, "risk_tier": "low", "colour": "#69F0AE" }, "geometry": { "type": "Point", "coordinates": [ 6.49, 5.55 ] } },
{ "type": "Feature", "properties": { "crs": 0.1663, "risk_tier": "low", "colour": "#69F0AE" }, "geometry": { "type": "Point", "coordinates": [ 6.5, 5.55 ] } },
{ "type": "Feature", "properties": { "crs": 0.1671, "risk_tier": "low", "colour": "#69F0AE" }, "geometry": { "type": "Point", "coordinates": [ 6.51, 5.55 ] } },
{ "type": "Feature", "properties": { "crs": 0.1672, "risk_tier": "low", "colour": "#69F0AE" }, "geometry": { "type": "Point", "coordinates": [ 6.52, 5.55 ] } },
{ "type": "Feature", "properties": { "crs": 0.1672, "risk_tier": "low", "colour": "#69F0AE" }, "geometry": { "type": "Point", "coordinates": [ 6.53, 5.55 ] } },
{ "type": "Feature", "properties": { "crs": 0.1672, "risk_tier": "low", "colour": "#69F0AE" }, "geometry": { "type": "Point", "coordinates": [ 6.54, 5.55 ] } },
{ "type": "Feature", "properties": { "crs": 0.1706, "risk_tier": "low", "colour": "#69F0AE" }, "geometry": { "type": "Point", "coordinates": [ 6.55, 5.55 ] } },
{ "type": "Feature", "properties": { "crs": 0.1706, "risk_tier": "low", "colour": "#69F0AE" }, "geometry": { "type": "Point", "coordinates": [ 6.56, 5.55 ] } },
{ "type": "Feature", "properties": { "crs": 0.1706, "risk_tier": "low", "colour": "#69F0AE" }, "geometry": { "type": "Point", "coordinates": [ 6.57, 5.55 ] } },
{ "type": "Feature", "properties": { "crs": 0.1704, "risk_tier": "low", "colour": "#69F0AE" }, "geometry": { "type": "Point", "coordinates": [ 6.58, 5.55 ] } },
{ "type": "Feature", "properties": { "crs": 0.2408, "risk_tier": "low", "colour": "#69F0AE" }, "geometry": { "type": "Point", "coordinates": [ 6.59, 5.55 ] } },
{ "type": "Feature", "properties": { "crs": 0.2408, "risk_tier": "low", "colour": "#69F0AE" }, "geometry": { "type": "Point", "coordinates": [ 6.6, 5.55 ] } },
{ "type": "Feature", "properties": { "crs": 0.2836, "risk_tier": "medium", "colour": "#FFD600" }, "geometry": { "type": "Point", "coordinates": [ 6.61, 5.55 ] } },
{ "type": "Feature", "properties": { "crs": 0.3112, "risk_tier": "medium", "colour": "#FFD600" }, "geometry": { "type": "Point", "coordinates": [ 6.62, 5.55 ] } },
{ "type": "Feature", "properties": { "crs": 0.3065, "risk_tier": "medium", "colour": "#FFD600" }, "geometry": { "type": "Point", "coordinates": [ 6.63, 5.55 ] } },
{ "type": "Feature", "properties": { "crs": 0.2998, "risk_tier": "medium", "colour": "#FFD600" }, "geometry": { "type": "Point", "coordinates": [ 6.64, 5.55 ] } },
{ "type": "Feature", "properties": { "crs": 0.3138, "risk_tier": "medium", "colour": "#FFD600" }, "geometry": { "type": "Point", "coordinates": [ 6.65, 5.55 ] } },
{ "type": "Feature", "properties": { "crs": 0.4148, "risk_tier": "medium", "colour": "#FFD600" }, "geometry": { "type": "Point", "coordinates": [ 6.66, 5.55 ] } },
{ "type": "Feature", "properties": { "crs": 0.4743, "risk_tier": "medium", "colour": "#FFD600" }, "geometry": { "type": "Point", "coordinates": [ 6.67, 5.55 ] } },
{ "type": "Feature", "properties": { "crs": 0.4743, "risk_tier": "medium", "colour": "#FFD600" }, "geometry": { "type": "Point", "coordinates": [ 6.68, 5.55 ] } },
{ "type": "Feature", "properties": { "crs": 0.4743, "risk_tier": "medium", "colour": "#FFD600" }, "geometry": { "type": "Point", "coordinates": [ 6.69, 5.55 ] } },
{ "type": "Feature", "properties": { "crs": 0.4743, "risk_tier": "medium", "colour": "#FFD600" }, "geometry": { "type": "Point", "coordinates": [ 6.7, 5.55 ] } },
{ "type": "Feature", "properties": { "crs": 0.4896, "risk_tier": "medium", "colour": "#FFD600" }, "geometry": { "type": "Point", "coordinates": [ 6.71, 5.55 ] } },
{ "type": "Feature", "properties": { "crs": 0.48, "risk_tier": "medium", "colour": "#FFD600" }, "geometry": { "type": "Point", "coordinates": [ 6.72, 5.55 ] } },
{ "type": "Feature", "properties": { "crs": 0.4744, "risk_tier": "medium", "colour": "#FFD600" }, "geometry": { "type": "Point", "coordinates": [ 6.73, 5.55 ] } },
{ "type": "Feature", "properties": { "crs": 0.368, "risk_tier": "medium", "colour": "#FFD600" }, "geometry": { "type": "Point", "coordinates": [ 6.74, 5.55 ] } },
{ "type": "Feature", "properties": { "crs": 0.368, "risk_tier": "medium", "colour": "#FFD600" }, "geometry": { "type": "Point", "coordinates": [ 6.75, 5.55 ] } },
{ "type": "Feature", "properties": { "crs": 0.3832, "risk_tier": "medium", "colour": "#FFD600" }, "geometry": { "type": "Point", "coordinates": [ 6.76, 5.55 ] } },
{ "type": "Feature", "properties": { "crs": 0.315, "risk_tier": "medium", "colour": "#FFD600" }, "geometry": { "type": "Point", "coordinates": [ 6.77, 5.55 ] } },
{ "type": "Feature", "properties": { "crs": 0.3229, "risk_tier": "medium", "colour": "#FFD600" }, "geometry": { "type": "Point", "coordinates": [ 6.78, 5.55 ] } },
{ "type": "Feature", "properties": { "crs": 0.3076, "risk_tier": "medium", "colour": "#FFD600" }, "geometry": { "type": "Point", "coordinates": [ 6.79, 5.55 ] } },
{ "type": "Feature", "properties": { "crs": 0.2837, "risk_tier": "medium", "colour": "#FFD600" }, "geometry": { "type": "Point", "coordinates": [ 6.8, 5.55 ] } },
{ "type": "Feature", "properties": { "crs": 0.2837, "risk_tier": "medium", "colour": "#FFD600" }, "geometry": { "type": "Point", "coordinates": [ 6.81, 5.55 ] } },
{ "type": "Feature", "properties": { "crs": 0.1724, "risk_tier": "low", "colour": "#69F0AE" }, "geometry": { "type": "Point", "coordinates": [ 6.82, 5.55 ] } },
{ "type": "Feature", "properties": { "crs": 0.1723, "risk_tier": "low", "colour": "#69F0AE" }, "geometry": { "type": "Point", "coordinates": [ 6.83, 5.55 ] } },
{ "type": "Feature", "properties": { "crs": 0.1661, "risk_tier": "low", "colour": "#69F0AE" }, "geometry": { "type": "Point", "coordinates": [ 6.47, 5.56 ] } },
{ "type": "Feature", "properties": { "crs": 0.1613, "risk_tier": "low", "colour": "#69F0AE" }, "geometry": { "type": "Point", "coordinates": [ 6.48, 5.56 ] } },
{ "type": "Feature", "properties": { "crs": 0.1663, "risk_tier": "low", "colour": "#69F0AE" }, "geometry": { "type": "Point", "coordinates": [ 6.49, 5.56 ] } },
{ "type": "Feature", "properties": { "crs": 0.167, "risk_tier": "low", "colour": "#69F0AE" }, "geometry": { "type": "Point", "coordinates": [ 6.5, 5.56 ] } },
{ "type": "Feature", "properties": { "crs": 0.1671, "risk_tier": "low", "colour": "#69F0AE" }, "geometry": { "type": "Point", "coordinates": [ 6.51, 5.56 ] } },
{ "type": "Feature", "properties": { "crs": 0.1672, "risk_tier": "low", "colour": "#69F0AE" }, "geometry": { "type": "Point", "coordinates": [ 6.52, 5.56 ] } },
{ "type": "Feature", "properties": { "crs": 0.1672, "risk_tier": "low", "colour": "#69F0AE" }, "geometry": { "type": "Point", "coordinates": [ 6.53, 5.56 ] } },
{ "type": "Feature", "properties": { "crs": 0.1818, "risk_tier": "low", "colour": "#69F0AE" }, "geometry": { "type": "Point", "coordinates": [ 6.54, 5.56 ] } },
{ "type": "Feature", "properties": { "crs": 0.1818, "risk_tier": "low", "colour": "#69F0AE" }, "geometry": { "type": "Point", "coordinates": [ 6.55, 5.56 ] } },
{ "type": "Feature", "properties": { "crs": 0.2409, "risk_tier": "low", "colour": "#69F0AE" }, "geometry": { "type": "Point", "coordinates": [ 6.56, 5.56 ] } },
{ "type": "Feature", "properties": { "crs": 0.2836, "risk_tier": "medium", "colour": "#FFD600" }, "geometry": { "type": "Point", "coordinates": [ 6.57, 5.56 ] } },
{ "type": "Feature", "properties": { "crs": 0.2835, "risk_tier": "medium", "colour": "#FFD600" }, "geometry": { "type": "Point", "coordinates": [ 6.58, 5.56 ] } },
{ "type": "Feature", "properties": { "crs": 0.2836, "risk_tier": "medium", "colour": "#FFD600" }, "geometry": { "type": "Point", "coordinates": [ 6.59, 5.56 ] } },
{ "type": "Feature", "properties": { "crs": 0.2836, "risk_tier": "medium", "colour": "#FFD600" }, "geometry": { "type": "Point", "coordinates": [ 6.6, 5.56 ] } },
{ "type": "Feature", "properties": { "crs": 0.2837, "risk_tier": "medium", "colour": "#FFD600" }, "geometry": { "type": "Point", "coordinates": [ 6.61, 5.56 ] } },
{ "type": "Feature", "properties": { "crs": 0.3227, "risk_tier": "medium", "colour": "#FFD600" }, "geometry": { "type": "Point", "coordinates": [ 6.62, 5.56 ] } },
{ "type": "Feature", "properties": { "crs": 0.3217, "risk_tier": "medium", "colour": "#FFD600" }, "geometry": { "type": "Point", "coordinates": [ 6.63, 5.56 ] } },
{ "type": "Feature", "properties": { "crs": 0.3067, "risk_tier": "medium", "colour": "#FFD600" }, "geometry": { "type": "Point", "coordinates": [ 6.64, 5.56 ] } },
{ "type": "Feature", "properties": { "crs": 0.2999, "risk_tier": "medium", "colour": "#FFD600" }, "geometry": { "type": "Point", "coordinates": [ 6.65, 5.56 ] } },
{ "type": "Feature", "properties": { "crs": 0.2999, "risk_tier": "medium", "colour": "#FFD600" }, "geometry": { "type": "Point", "coordinates": [ 6.66, 5.56 ] } },
{ "type": "Feature", "properties": { "crs": 0.2995, "risk_tier": "medium", "colour": "#FFD600" }, "geometry": { "type": "Point", "coordinates": [ 6.67, 5.56 ] } },
{ "type": "Feature", "properties": { "crs": 0.2999, "risk_tier": "medium", "colour": "#FFD600" }, "geometry": { "type": "Point", "coordinates": [ 6.68, 5.56 ] } },
{ "type": "Feature", "properties": { "crs": 0.2999, "risk_tier": "medium", "colour": "#FFD600" }, "geometry": { "type": "Point", "coordinates": [ 6.69, 5.56 ] } },
{ "type": "Feature", "properties": { "crs": 0.3036, "risk_tier": "medium", "colour": "#FFD600" }, "geometry": { "type": "Point", "coordinates": [ 6.7, 5.56 ] } },
{ "type": "Feature", "properties": { "crs": 0.3873, "risk_tier": "medium", "colour": "#FFD600" }, "geometry": { "type": "Point", "coordinates": [ 6.71, 5.56 ] } },
{ "type": "Feature", "properties": { "crs": 0.368, "risk_tier": "medium", "colour": "#FFD600" }, "geometry": { "type": "Point", "coordinates": [ 6.72, 5.56 ] } },
{ "type": "Feature", "properties": { "crs": 0.3873, "risk_tier": "medium", "colour": "#FFD600" }, "geometry": { "type": "Point", "coordinates": [ 6.73, 5.56 ] } },
{ "type": "Feature", "properties": { "crs": 0.315, "risk_tier": "medium", "colour": "#FFD600" }, "geometry": { "type": "Point", "coordinates": [ 6.74, 5.56 ] } },
{ "type": "Feature", "properties": { "crs": 0.3068, "risk_tier": "medium", "colour": "#FFD600" }, "geometry": { "type": "Point", "coordinates": [ 6.75, 5.56 ] } },
{ "type": "Feature", "properties": { "crs": 0.323, "risk_tier": "medium", "colour": "#FFD600" }, "geometry": { "type": "Point", "coordinates": [ 6.76, 5.56 ] } },
{ "type": "Feature", "properties": { "crs": 0.3114, "risk_tier": "medium", "colour": "#FFD600" }, "geometry": { "type": "Point", "coordinates": [ 6.77, 5.56 ] } },
{ "type": "Feature", "properties": { "crs": 0.3077, "risk_tier": "medium", "colour": "#FFD600" }, "geometry": { "type": "Point", "coordinates": [ 6.78, 5.56 ] } },
{ "type": "Feature", "properties": { "crs": 0.3077, "risk_tier": "medium", "colour": "#FFD600" }, "geometry": { "type": "Point", "coordinates": [ 6.79, 5.56 ] } },
{ "type": "Feature", "properties": { "crs": 0.2838, "risk_tier": "medium", "colour": "#FFD600" }, "geometry": { "type": "Point", "coordinates": [ 6.8, 5.56 ] } },
{ "type": "Feature", "properties": { "crs": 0.2838, "risk_tier": "medium", "colour": "#FFD600" }, "geometry": { "type": "Point", "coordinates": [ 6.81, 5.56 ] } },
{ "type": "Feature", "properties": { "crs": 0.1707, "risk_tier": "low", "colour": "#69F0AE" }, "geometry": { "type": "Point", "coordinates": [ 6.82, 5.56 ] } },
{ "type": "Feature", "properties": { "crs": 0.1665, "risk_tier": "low", "colour": "#69F0AE" }, "geometry": { "type": "Point", "coordinates": [ 6.47, 5.57 ] } },
{ "type": "Feature", "properties": { "crs": 0.1662, "risk_tier": "low", "colour": "#69F0AE" }, "geometry": { "type": "Point", "coordinates": [ 6.48, 5.57 ] } },
{ "type": "Feature", "properties": { "crs": 0.1614, "risk_tier": "low", "colour": "#69F0AE" }, "geometry": { "type": "Point", "coordinates": [ 6.49, 5.57 ] } },
{ "type": "Feature", "properties": { "crs": 0.1671, "risk_tier": "low", "colour": "#69F0AE" }, "geometry": { "type": "Point", "coordinates": [ 6.5, 5.57 ] } },
{ "type": "Feature", "properties": { "crs": 0.1671, "risk_tier": "low", "colour": "#69F0AE" }, "geometry": { "type": "Point", "coordinates": [ 6.51, 5.57 ] } },
{ "type": "Feature", "properties": { "crs": 0.1673, "risk_tier": "low", "colour": "#69F0AE" }, "geometry": { "type": "Point", "coordinates": [ 6.52, 5.57 ] } },
{ "type": "Feature", "properties": { "crs": 0.1673, "risk_tier": "low", "colour": "#69F0AE" }, "geometry": { "type": "Point", "coordinates": [ 6.53, 5.57 ] } },
{ "type": "Feature", "properties": { "crs": 0.1706, "risk_tier": "low", "colour": "#69F0AE" }, "geometry": { "type": "Point", "coordinates": [ 6.54, 5.57 ] } },
{ "type": "Feature", "properties": { "crs": 0.2837, "risk_tier": "medium", "colour": "#FFD600" }, "geometry": { "type": "Point", "coordinates": [ 6.55, 5.57 ] } },
{ "type": "Feature", "properties": { "crs": 0.2837, "risk_tier": "medium", "colour": "#FFD600" }, "geometry": { "type": "Point", "coordinates": [ 6.56, 5.57 ] } },
{ "type": "Feature", "properties": { "crs": 0.2837, "risk_tier": "medium", "colour": "#FFD600" }, "geometry": { "type": "Point", "coordinates": [ 6.57, 5.57 ] } },
{ "type": "Feature", "properties": { "crs": 0.2836, "risk_tier": "medium", "colour": "#FFD600" }, "geometry": { "type": "Point", "coordinates": [ 6.58, 5.57 ] } },
{ "type": "Feature", "properties": { "crs": 0.2836, "risk_tier": "medium", "colour": "#FFD600" }, "geometry": { "type": "Point", "coordinates": [ 6.59, 5.57 ] } },
{ "type": "Feature", "properties": { "crs": 0.2837, "risk_tier": "medium", "colour": "#FFD600" }, "geometry": { "type": "Point", "coordinates": [ 6.6, 5.57 ] } },
{ "type": "Feature", "properties": { "crs": 0.3077, "risk_tier": "medium", "colour": "#FFD600" }, "geometry": { "type": "Point", "coordinates": [ 6.61, 5.57 ] } },
{ "type": "Feature", "properties": { "crs": 0.3077, "risk_tier": "medium", "colour": "#FFD600" }, "geometry": { "type": "Point", "coordinates": [ 6.62, 5.57 ] } },
{ "type": "Feature", "properties": { "crs": 0.3114, "risk_tier": "medium", "colour": "#FFD600" }, "geometry": { "type": "Point", "coordinates": [ 6.63, 5.57 ] } },
{ "type": "Feature", "properties": { "crs": 0.3067, "risk_tier": "medium", "colour": "#FFD600" }, "geometry": { "type": "Point", "coordinates": [ 6.64, 5.57 ] } },
{ "type": "Feature", "properties": { "crs": 0.3068, "risk_tier": "medium", "colour": "#FFD600" }, "geometry": { "type": "Point", "coordinates": [ 6.65, 5.57 ] } },
{ "type": "Feature", "properties": { "crs": 0.3, "risk_tier": "medium", "colour": "#FFD600" }, "geometry": { "type": "Point", "coordinates": [ 6.66, 5.57 ] } },
{ "type": "Feature", "properties": { "crs": 0.3, "risk_tier": "medium", "colour": "#FFD600" }, "geometry": { "type": "Point", "coordinates": [ 6.67, 5.57 ] } },
{ "type": "Feature", "properties": { "crs": 0.3, "risk_tier": "medium", "colour": "#FFD600" }, "geometry": { "type": "Point", "coordinates": [ 6.68, 5.57 ] } },
{ "type": "Feature", "properties": { "crs": 0.3, "risk_tier": "medium", "colour": "#FFD600" }, "geometry": { "type": "Point", "coordinates": [ 6.69, 5.57 ] } },
{ "type": "Feature", "properties": { "crs": 0.3151, "risk_tier": "medium", "colour": "#FFD600" }, "geometry": { "type": "Point", "coordinates": [ 6.7, 5.57 ] } },
{ "type": "Feature", "properties": { "crs": 0.3151, "risk_tier": "medium", "colour": "#FFD600" }, "geometry": { "type": "Point", "coordinates": [ 6.71, 5.57 ] } },
{ "type": "Feature", "properties": { "crs": 0.3, "risk_tier": "medium", "colour": "#FFD600" }, "geometry": { "type": "Point", "coordinates": [ 6.72, 5.57 ] } },
{ "type": "Feature", "properties": { "crs": 0.3151, "risk_tier": "medium", "colour": "#FFD600" }, "geometry": { "type": "Point", "coordinates": [ 6.73, 5.57 ] } },
{ "type": "Feature", "properties": { "crs": 0.3069, "risk_tier": "medium", "colour": "#FFD600" }, "geometry": { "type": "Point", "coordinates": [ 6.74, 5.57 ] } },
{ "type": "Feature", "properties": { "crs": 0.3231, "risk_tier": "medium", "colour": "#FFD600" }, "geometry": { "type": "Point", "coordinates": [ 6.75, 5.57 ] } },
{ "type": "Feature", "properties": { "crs": 0.3229, "risk_tier": "medium", "colour": "#FFD600" }, "geometry": { "type": "Point", "coordinates": [ 6.76, 5.57 ] } },
{ "type": "Feature", "properties": { "crs": 0.3078, "risk_tier": "medium", "colour": "#FFD600" }, "geometry": { "type": "Point", "coordinates": [ 6.77, 5.57 ] } },
{ "type": "Feature", "properties": { "crs": 0.3078, "risk_tier": "medium", "colour": "#FFD600" }, "geometry": { "type": "Point", "coordinates": [ 6.78, 5.57 ] } },
{ "type": "Feature", "properties": { "crs": 0.2987, "risk_tier": "medium", "colour": "#FFD600" }, "geometry": { "type": "Point", "coordinates": [ 6.79, 5.57 ] } },
{ "type": "Feature", "properties": { "crs": 0.2875, "risk_tier": "medium", "colour": "#FFD600" }, "geometry": { "type": "Point", "coordinates": [ 6.8, 5.57 ] } },
{ "type": "Feature", "properties": { "crs": 0.1708, "risk_tier": "low", "colour": "#69F0AE" }, "geometry": { "type": "Point", "coordinates": [ 6.81, 5.57 ] } },
{ "type": "Feature", "properties": { "crs": 0.1664, "risk_tier": "low", "colour": "#69F0AE" }, "geometry": { "type": "Point", "coordinates": [ 6.48, 5.58 ] } },
{ "type": "Feature", "properties": { "crs": 0.1664, "risk_tier": "low", "colour": "#69F0AE" }, "geometry": { "type": "Point", "coordinates": [ 6.49, 5.58 ] } },
{ "type": "Feature", "properties": { "crs": 0.1672, "risk_tier": "low", "colour": "#69F0AE" }, "geometry": { "type": "Point", "coordinates": [ 6.5, 5.58 ] } },
{ "type": "Feature", "properties": { "crs": 0.1672, "risk_tier": "low", "colour": "#69F0AE" }, "geometry": { "type": "Point", "coordinates": [ 6.51, 5.58 ] } },
{ "type": "Feature", "properties": { "crs": 0.2376, "risk_tier": "low", "colour": "#69F0AE" }, "geometry": { "type": "Point", "coordinates": [ 6.52, 5.58 ] } },
{ "type": "Feature", "properties": { "crs": 0.2378, "risk_tier": "low", "colour": "#69F0AE" }, "geometry": { "type": "Point", "coordinates": [ 6.53, 5.58 ] } },
{ "type": "Feature", "properties": { "crs": 0.2837, "risk_tier": "medium", "colour": "#FFD600" }, "geometry": { "type": "Point", "coordinates": [ 6.54, 5.58 ] } },
{ "type": "Feature", "properties": { "crs": 0.2838, "risk_tier": "medium", "colour": "#FFD600" }, "geometry": { "type": "Point", "coordinates": [ 6.55, 5.58 ] } },
{ "type": "Feature", "properties": { "crs": 0.2838, "risk_tier": "medium", "colour": "#FFD600" }, "geometry": { "type": "Point", "coordinates": [ 6.56, 5.58 ] } },
{ "type": "Feature", "properties": { "crs": 0.2837, "risk_tier": "medium", "colour": "#FFD600" }, "geometry": { "type": "Point", "coordinates": [ 6.57, 5.58 ] } },
{ "type": "Feature", "properties": { "crs": 0.2836, "risk_tier": "medium", "colour": "#FFD600" }, "geometry": { "type": "Point", "coordinates": [ 6.58, 5.58 ] } },
{ "type": "Feature", "properties": { "crs": 0.2838, "risk_tier": "medium", "colour": "#FFD600" }, "geometry": { "type": "Point", "coordinates": [ 6.59, 5.58 ] } },
{ "type": "Feature", "properties": { "crs": 0.2838, "risk_tier": "medium", "colour": "#FFD600" }, "geometry": { "type": "Point", "coordinates": [ 6.6, 5.58 ] } },
{ "type": "Feature", "properties": { "crs": 0.3077, "risk_tier": "medium", "colour": "#FFD600" }, "geometry": { "type": "Point", "coordinates": [ 6.61, 5.58 ] } },
{ "type": "Feature", "properties": { "crs": 0.3077, "risk_tier": "medium", "colour": "#FFD600" }, "geometry": { "type": "Point", "coordinates": [ 6.62, 5.58 ] } },
{ "type": "Feature", "properties": { "crs": 0.3078, "risk_tier": "medium", "colour": "#FFD600" }, "geometry": { "type": "Point", "coordinates": [ 6.63, 5.58 ] } },
{ "type": "Feature", "properties": { "crs": 0.3078, "risk_tier": "medium", "colour": "#FFD600" }, "geometry": { "type": "Point", "coordinates": [ 6.64, 5.58 ] } },
{ "type": "Feature", "properties": { "crs": 0.3068, "risk_tier": "medium", "colour": "#FFD600" }, "geometry": { "type": "Point", "coordinates": [ 6.65, 5.58 ] } },
{ "type": "Feature", "properties": { "crs": 0.322, "risk_tier": "medium", "colour": "#FFD600" }, "geometry": { "type": "Point", "coordinates": [ 6.66, 5.58 ] } },
{ "type": "Feature", "properties": { "crs": 0.3038, "risk_tier": "medium", "colour": "#FFD600" }, "geometry": { "type": "Point", "coordinates": [ 6.67, 5.58 ] } },
{ "type": "Feature", "properties": { "crs": 0.2997, "risk_tier": "medium", "colour": "#FFD600" }, "geometry": { "type": "Point", "coordinates": [ 6.68, 5.58 ] } },
{ "type": "Feature", "properties": { "crs": 0.2997, "risk_tier": "medium", "colour": "#FFD600" }, "geometry": { "type": "Point", "coordinates": [ 6.69, 5.58 ] } },
{ "type": "Feature", "properties": { "crs": 0.3152, "risk_tier": "medium", "colour": "#FFD600" }, "geometry": { "type": "Point", "coordinates": [ 6.7, 5.58 ] } },
{ "type": "Feature", "properties": { "crs": 0.3038, "risk_tier": "medium", "colour": "#FFD600" }, "geometry": { "type": "Point", "coordinates": [ 6.71, 5.58 ] } },
{ "type": "Feature", "properties": { "crs": 0.3001, "risk_tier": "medium", "colour": "#FFD600" }, "geometry": { "type": "Point", "coordinates": [ 6.72, 5.58 ] } },
{ "type": "Feature", "properties": { "crs": 0.307, "risk_tier": "medium", "colour": "#FFD600" }, "geometry": { "type": "Point", "coordinates": [ 6.73, 5.58 ] } },
{ "type": "Feature", "properties": { "crs": 0.3068, "risk_tier": "medium", "colour": "#FFD600" }, "geometry": { "type": "Point", "coordinates": [ 6.74, 5.58 ] } },
{ "type": "Feature", "properties": { "crs": 0.3079, "risk_tier": "medium", "colour": "#FFD600" }, "geometry": { "type": "Point", "coordinates": [ 6.75, 5.58 ] } },
{ "type": "Feature", "properties": { "crs": 0.323, "risk_tier": "medium", "colour": "#FFD600" }, "geometry": { "type": "Point", "coordinates": [ 6.76, 5.58 ] } },
{ "type": "Feature", "properties": { "crs": 0.3079, "risk_tier": "medium", "colour": "#FFD600" }, "geometry": { "type": "Point", "coordinates": [ 6.77, 5.58 ] } },
{ "type": "Feature", "properties": { "crs": 0.284, "risk_tier": "medium", "colour": "#FFD600" }, "geometry": { "type": "Point", "coordinates": [ 6.78, 5.58 ] } },
{ "type": "Feature", "properties": { "crs": 0.284, "risk_tier": "medium", "colour": "#FFD600" }, "geometry": { "type": "Point", "coordinates": [ 6.79, 5.58 ] } },
{ "type": "Feature", "properties": { "crs": 0.284, "risk_tier": "medium", "colour": "#FFD600" }, "geometry": { "type": "Point", "coordinates": [ 6.8, 5.58 ] } },
{ "type": "Feature", "properties": { "crs": 0.1666, "risk_tier": "low", "colour": "#69F0AE" }, "geometry": { "type": "Point", "coordinates": [ 6.49, 5.59 ] } },
{ "type": "Feature", "properties": { "crs": 0.2377, "risk_tier": "low", "colour": "#69F0AE" }, "geometry": { "type": "Point", "coordinates": [ 6.5, 5.59 ] } },
{ "type": "Feature", "properties": { "crs": 0.2804, "risk_tier": "medium", "colour": "#FFD600" }, "geometry": { "type": "Point", "coordinates": [ 6.51, 5.59 ] } },
{ "type": "Feature", "properties": { "crs": 0.2806, "risk_tier": "medium", "colour": "#FFD600" }, "geometry": { "type": "Point", "coordinates": [ 6.52, 5.59 ] } },
{ "type": "Feature", "properties": { "crs": 0.2806, "risk_tier": "medium", "colour": "#FFD600" }, "geometry": { "type": "Point", "coordinates": [ 6.53, 5.59 ] } },
{ "type": "Feature", "properties": { "crs": 0.2838, "risk_tier": "medium", "colour": "#FFD600" }, "geometry": { "type": "Point", "coordinates": [ 6.54, 5.59 ] } },
{ "type": "Feature", "properties": { "crs": 0.2838, "risk_tier": "medium", "colour": "#FFD600" }, "geometry": { "type": "Point", "coordinates": [ 6.55, 5.59 ] } },
{ "type": "Feature", "properties": { "crs": 0.2838, "risk_tier": "medium", "colour": "#FFD600" }, "geometry": { "type": "Point", "coordinates": [ 6.56, 5.59 ] } },
{ "type": "Feature", "properties": { "crs": 0.2838, "risk_tier": "medium", "colour": "#FFD600" }, "geometry": { "type": "Point", "coordinates": [ 6.57, 5.59 ] } },
{ "type": "Feature", "properties": { "crs": 0.2839, "risk_tier": "medium", "colour": "#FFD600" }, "geometry": { "type": "Point", "coordinates": [ 6.58, 5.59 ] } },
{ "type": "Feature", "properties": { "crs": 0.3078, "risk_tier": "medium", "colour": "#FFD600" }, "geometry": { "type": "Point", "coordinates": [ 6.59, 5.59 ] } },
{ "type": "Feature", "properties": { "crs": 0.2839, "risk_tier": "medium", "colour": "#FFD600" }, "geometry": { "type": "Point", "coordinates": [ 6.6, 5.59 ] } },
{ "type": "Feature", "properties": { "crs": 0.323, "risk_tier": "medium", "colour": "#FFD600" }, "geometry": { "type": "Point", "coordinates": [ 6.61, 5.59 ] } },
{ "type": "Feature", "properties": { "crs": 0.323, "risk_tier": "medium", "colour": "#FFD600" }, "geometry": { "type": "Point", "coordinates": [ 6.62, 5.59 ] } },
{ "type": "Feature", "properties": { "crs": 0.323, "risk_tier": "medium", "colour": "#FFD600" }, "geometry": { "type": "Point", "coordinates": [ 6.63, 5.59 ] } },
{ "type": "Feature", "properties": { "crs": 0.3079, "risk_tier": "medium", "colour": "#FFD600" }, "geometry": { "type": "Point", "coordinates": [ 6.64, 5.59 ] } },
{ "type": "Feature", "properties": { "crs": 0.308, "risk_tier": "medium", "colour": "#FFD600" }, "geometry": { "type": "Point", "coordinates": [ 6.65, 5.59 ] } },
{ "type": "Feature", "properties": { "crs": 0.3069, "risk_tier": "medium", "colour": "#FFD600" }, "geometry": { "type": "Point", "coordinates": [ 6.66, 5.59 ] } },
{ "type": "Feature", "properties": { "crs": 0.3002, "risk_tier": "medium", "colour": "#FFD600" }, "geometry": { "type": "Point", "coordinates": [ 6.67, 5.59 ] } },
{ "type": "Feature", "properties": { "crs": 0.3002, "risk_tier": "medium", "colour": "#FFD600" }, "geometry": { "type": "Point", "coordinates": [ 6.68, 5.59 ] } },
{ "type": "Feature", "properties": { "crs": 0.3035, "risk_tier": "medium", "colour": "#FFD600" }, "geometry": { "type": "Point", "coordinates": [ 6.69, 5.59 ] } },
{ "type": "Feature", "properties": { "crs": 0.3149, "risk_tier": "medium", "colour": "#FFD600" }, "geometry": { "type": "Point", "coordinates": [ 6.7, 5.59 ] } },
{ "type": "Feature", "properties": { "crs": 0.3071, "risk_tier": "medium", "colour": "#FFD600" }, "geometry": { "type": "Point", "coordinates": [ 6.71, 5.59 ] } },
{ "type": "Feature", "properties": { "crs": 0.3069, "risk_tier": "medium", "colour": "#FFD600" }, "geometry": { "type": "Point", "coordinates": [ 6.72, 5.59 ] } },
{ "type": "Feature", "properties": { "crs": 0.3081, "risk_tier": "medium", "colour": "#FFD600" }, "geometry": { "type": "Point", "coordinates": [ 6.73, 5.59 ] } },
{ "type": "Feature", "properties": { "crs": 0.308, "risk_tier": "medium", "colour": "#FFD600" }, "geometry": { "type": "Point", "coordinates": [ 6.74, 5.59 ] } },
{ "type": "Feature", "properties": { "crs": 0.308, "risk_tier": "medium", "colour": "#FFD600" }, "geometry": { "type": "Point", "coordinates": [ 6.75, 5.59 ] } },
{ "type": "Feature", "properties": { "crs": 0.3231, "risk_tier": "medium", "colour": "#FFD600" }, "geometry": { "type": "Point", "coordinates": [ 6.76, 5.59 ] } },
{ "type": "Feature", "properties": { "crs": 0.2841, "risk_tier": "medium", "colour": "#FFD600" }, "geometry": { "type": "Point", "coordinates": [ 6.77, 5.59 ] } },
{ "type": "Feature", "properties": { "crs": 0.2841, "risk_tier": "medium", "colour": "#FFD600" }, "geometry": { "type": "Point", "coordinates": [ 6.78, 5.59 ] } },
{ "type": "Feature", "properties": { "crs": 0.2841, "risk_tier": "medium", "colour": "#FFD600" }, "geometry": { "type": "Point", "coordinates": [ 6.79, 5.59 ] } },
{ "type": "Feature", "properties": { "crs": 0.2801, "risk_tier": "medium", "colour": "#FFD600" }, "geometry": { "type": "Point", "coordinates": [ 6.49, 5.6 ] } },
{ "type": "Feature", "properties": { "crs": 0.2806, "risk_tier": "medium", "colour": "#FFD600" }, "geometry": { "type": "Point", "coordinates": [ 6.5, 5.6 ] } },
{ "type": "Feature", "properties": { "crs": 0.2805, "risk_tier": "medium", "colour": "#FFD600" }, "geometry": { "type": "Point", "coordinates": [ 6.51, 5.6 ] } },
{ "type": "Feature", "properties": { "crs": 0.2807, "risk_tier": "medium", "colour": "#FFD600" }, "geometry": { "type": "Point", "coordinates": [ 6.52, 5.6 ] } },
{ "type": "Feature", "properties": { "crs": 0.2807, "risk_tier": "medium", "colour": "#FFD600" }, "geometry": { "type": "Point", "coordinates": [ 6.53, 5.6 ] } },
{ "type": "Feature", "properties": { "crs": 0.3229, "risk_tier": "medium", "colour": "#FFD600" }, "geometry": { "type": "Point", "coordinates": [ 6.54, 5.6 ] } },
{ "type": "Feature", "properties": { "crs": 0.3078, "risk_tier": "medium", "colour": "#FFD600" }, "geometry": { "type": "Point", "coordinates": [ 6.55, 5.6 ] } },
{ "type": "Feature", "properties": { "crs": 0.3078, "risk_tier": "medium", "colour": "#FFD600" }, "geometry": { "type": "Point", "coordinates": [ 6.56, 5.6 ] } },
{ "type": "Feature", "properties": { "crs": 0.3077, "risk_tier": "medium", "colour": "#FFD600" }, "geometry": { "type": "Point", "coordinates": [ 6.57, 5.6 ] } },
{ "type": "Feature", "properties": { "crs": 0.3078, "risk_tier": "medium", "colour": "#FFD600" }, "geometry": { "type": "Point", "coordinates": [ 6.58, 5.6 ] } },
{ "type": "Feature", "properties": { "crs": 0.3079, "risk_tier": "medium", "colour": "#FFD600" }, "geometry": { "type": "Point", "coordinates": [ 6.59, 5.6 ] } },
{ "type": "Feature", "properties": { "crs": 0.323, "risk_tier": "medium", "colour": "#FFD600" }, "geometry": { "type": "Point", "coordinates": [ 6.6, 5.6 ] } },
{ "type": "Feature", "properties": { "crs": 0.323, "risk_tier": "medium", "colour": "#FFD600" }, "geometry": { "type": "Point", "coordinates": [ 6.61, 5.6 ] } },
{ "type": "Feature", "properties": { "crs": 0.323, "risk_tier": "medium", "colour": "#FFD600" }, "geometry": { "type": "Point", "coordinates": [ 6.62, 5.6 ] } },
{ "type": "Feature", "properties": { "crs": 0.3231, "risk_tier": "medium", "colour": "#FFD600" }, "geometry": { "type": "Point", "coordinates": [ 6.63, 5.6 ] } },
{ "type": "Feature", "properties": { "crs": 0.3231, "risk_tier": "medium", "colour": "#FFD600" }, "geometry": { "type": "Point", "coordinates": [ 6.64, 5.6 ] } },
{ "type": "Feature", "properties": { "crs": 0.3117, "risk_tier": "medium", "colour": "#FFD600" }, "geometry": { "type": "Point", "coordinates": [ 6.65, 5.6 ] } },
{ "type": "Feature", "properties": { "crs": 0.307, "risk_tier": "medium", "colour": "#FFD600" }, "geometry": { "type": "Point", "coordinates": [ 6.66, 5.6 ] } },
{ "type": "Feature", "properties": { "crs": 0.3071, "risk_tier": "medium", "colour": "#FFD600" }, "geometry": { "type": "Point", "coordinates": [ 6.67, 5.6 ] } },
{ "type": "Feature", "properties": { "crs": 0.3003, "risk_tier": "medium", "colour": "#FFD600" }, "geometry": { "type": "Point", "coordinates": [ 6.68, 5.6 ] } },
{ "type": "Feature", "properties": { "crs": 0.3002, "risk_tier": "medium", "colour": "#FFD600" }, "geometry": { "type": "Point", "coordinates": [ 6.69, 5.6 ] } },
{ "type": "Feature", "properties": { "crs": 0.2999, "risk_tier": "medium", "colour": "#FFD600" }, "geometry": { "type": "Point", "coordinates": [ 6.7, 5.6 ] } },
{ "type": "Feature", "properties": { "crs": 0.307, "risk_tier": "medium", "colour": "#FFD600" }, "geometry": { "type": "Point", "coordinates": [ 6.71, 5.6 ] } },
{ "type": "Feature", "properties": { "crs": 0.3081, "risk_tier": "medium", "colour": "#FFD600" }, "geometry": { "type": "Point", "coordinates": [ 6.72, 5.6 ] } },
{ "type": "Feature", "properties": { "crs": 0.3079, "risk_tier": "medium", "colour": "#FFD600" }, "geometry": { "type": "Point", "coordinates": [ 6.73, 5.6 ] } },
{ "type": "Feature", "properties": { "crs": 0.3081, "risk_tier": "medium", "colour": "#FFD600" }, "geometry": { "type": "Point", "coordinates": [ 6.74, 5.6 ] } },
{ "type": "Feature", "properties": { "crs": 0.3081, "risk_tier": "medium", "colour": "#FFD600" }, "geometry": { "type": "Point", "coordinates": [ 6.75, 5.6 ] } },
{ "type": "Feature", "properties": { "crs": 0.3232, "risk_tier": "medium", "colour": "#FFD600" }, "geometry": { "type": "Point", "coordinates": [ 6.76, 5.6 ] } },
{ "type": "Feature", "properties": { "crs": 0.2842, "risk_tier": "medium", "colour": "#FFD600" }, "geometry": { "type": "Point", "coordinates": [ 6.77, 5.6 ] } },
{ "type": "Feature", "properties": { "crs": 0.2807, "risk_tier": "medium", "colour": "#FFD600" }, "geometry": { "type": "Point", "coordinates": [ 6.5, 5.61 ] } },
{ "type": "Feature", "properties": { "crs": 0.2807, "risk_tier": "medium", "colour": "#FFD600" }, "geometry": { "type": "Point", "coordinates": [ 6.51, 5.61 ] } },
{ "type": "Feature", "properties": { "crs": 0.2808, "risk_tier": "medium", "colour": "#FFD600" }, "geometry": { "type": "Point", "coordinates": [ 6.52, 5.61 ] } },
{ "type": "Feature", "properties": { "crs": 0.3048, "risk_tier": "medium", "colour": "#FFD600" }, "geometry": { "type": "Point", "coordinates": [ 6.53, 5.61 ] } },
{ "type": "Feature", "properties": { "crs": 0.323, "risk_tier": "medium", "colour": "#FFD600" }, "geometry": { "type": "Point", "coordinates": [ 6.54, 5.61 ] } },
{ "type": "Feature", "properties": { "crs": 0.3116, "risk_tier": "medium", "colour": "#FFD600" }, "geometry": { "type": "Point", "coordinates": [ 6.55, 5.61 ] } },
{ "type": "Feature", "properties": { "crs": 0.3079, "risk_tier": "medium", "colour": "#FFD600" }, "geometry": { "type": "Point", "coordinates": [ 6.56, 5.61 ] } },
{ "type": "Feature", "properties": { "crs": 0.3079, "risk_tier": "medium", "colour": "#FFD600" }, "geometry": { "type": "Point", "coordinates": [ 6.57, 5.61 ] } },
{ "type": "Feature", "properties": { "crs": 0.308, "risk_tier": "medium", "colour": "#FFD600" }, "geometry": { "type": "Point", "coordinates": [ 6.58, 5.61 ] } },
{ "type": "Feature", "properties": { "crs": 0.3079, "risk_tier": "medium", "colour": "#FFD600" }, "geometry": { "type": "Point", "coordinates": [ 6.59, 5.61 ] } },
{ "type": "Feature", "properties": { "crs": 0.308, "risk_tier": "medium", "colour": "#FFD600" }, "geometry": { "type": "Point", "coordinates": [ 6.6, 5.61 ] } },
{ "type": "Feature", "properties": { "crs": 0.3231, "risk_tier": "medium", "colour": "#FFD600" }, "geometry": { "type": "Point", "coordinates": [ 6.61, 5.61 ] } },
{ "type": "Feature", "properties": { "crs": 0.308, "risk_tier": "medium", "colour": "#FFD600" }, "geometry": { "type": "Point", "coordinates": [ 6.62, 5.61 ] } },
{ "type": "Feature", "properties": { "crs": 0.308, "risk_tier": "medium", "colour": "#FFD600" }, "geometry": { "type": "Point", "coordinates": [ 6.63, 5.61 ] } },
{ "type": "Feature", "properties": { "crs": 0.3232, "risk_tier": "medium", "colour": "#FFD600" }, "geometry": { "type": "Point", "coordinates": [ 6.64, 5.61 ] } },
{ "type": "Feature", "properties": { "crs": 0.3118, "risk_tier": "medium", "colour": "#FFD600" }, "geometry": { "type": "Point", "coordinates": [ 6.65, 5.61 ] } },
{ "type": "Feature", "properties": { "crs": 0.3233, "risk_tier": "medium", "colour": "#FFD600" }, "geometry": { "type": "Point", "coordinates": [ 6.66, 5.61 ] } },
{ "type": "Feature", "properties": { "crs": 0.3108, "risk_tier": "medium", "colour": "#FFD600" }, "geometry": { "type": "Point", "coordinates": [ 6.67, 5.61 ] } },
{ "type": "Feature", "properties": { "crs": 0.3003, "risk_tier": "medium", "colour": "#FFD600" }, "geometry": { "type": "Point", "coordinates": [ 6.68, 5.61 ] } },
{ "type": "Feature", "properties": { "crs": 0.3071, "risk_tier": "medium", "colour": "#FFD600" }, "geometry": { "type": "Point", "coordinates": [ 6.69, 5.61 ] } },
{ "type": "Feature", "properties": { "crs": 0.3068, "risk_tier": "medium", "colour": "#FFD600" }, "geometry": { "type": "Point", "coordinates": [ 6.7, 5.61 ] } },
{ "type": "Feature", "properties": { "crs": 0.3068, "risk_tier": "medium", "colour": "#FFD600" }, "geometry": { "type": "Point", "coordinates": [ 6.71, 5.61 ] } },
{ "type": "Feature", "properties": { "crs": 0.3082, "risk_tier": "medium", "colour": "#FFD600" }, "geometry": { "type": "Point", "coordinates": [ 6.72, 5.61 ] } },
{ "type": "Feature", "properties": { "crs": 0.3081, "risk_tier": "medium", "colour": "#FFD600" }, "geometry": { "type": "Point", "coordinates": [ 6.73, 5.61 ] } },
{ "type": "Feature", "properties": { "crs": 0.3082, "risk_tier": "medium", "colour": "#FFD600" }, "geometry": { "type": "Point", "coordinates": [ 6.74, 5.61 ] } },
{ "type": "Feature", "properties": { "crs": 0.3082, "risk_tier": "medium", "colour": "#FFD600" }, "geometry": { "type": "Point", "coordinates": [ 6.75, 5.61 ] } },
{ "type": "Feature", "properties": { "crs": 0.3234, "risk_tier": "medium", "colour": "#FFD600" }, "geometry": { "type": "Point", "coordinates": [ 6.76, 5.61 ] } },
{ "type": "Feature", "properties": { "crs": 0.2808, "risk_tier": "medium", "colour": "#FFD600" }, "geometry": { "type": "Point", "coordinates": [ 6.51, 5.62 ] } },
{ "type": "Feature", "properties": { "crs": 0.2809, "risk_tier": "medium", "colour": "#FFD600" }, "geometry": { "type": "Point", "coordinates": [ 6.52, 5.62 ] } },
{ "type": "Feature", "properties": { "crs": 0.32, "risk_tier": "medium", "colour": "#FFD600" }, "geometry": { "type": "Point", "coordinates": [ 6.53, 5.62 ] } },
{ "type": "Feature", "properties": { "crs": 0.3231, "risk_tier": "medium", "colour": "#FFD600" }, "geometry": { "type": "Point", "coordinates": [ 6.54, 5.62 ] } },
{ "type": "Feature", "properties": { "crs": 0.3079, "risk_tier": "medium", "colour": "#FFD600" }, "geometry": { "type": "Point", "coordinates": [ 6.55, 5.62 ] } },
{ "type": "Feature", "properties": { "crs": 0.308, "risk_tier": "medium", "colour": "#FFD600" }, "geometry": { "type": "Point", "coordinates": [ 6.56, 5.62 ] } },
{ "type": "Feature", "properties": { "crs": 0.3079, "risk_tier": "medium", "colour": "#FFD600" }, "geometry": { "type": "Point", "coordinates": [ 6.57, 5.62 ] } },
{ "type": "Feature", "properties": { "crs": 0.307, "risk_tier": "medium", "colour": "#FFD600" }, "geometry": { "type": "Point", "coordinates": [ 6.58, 5.62 ] } },
{ "type": "Feature", "properties": { "crs": 0.3081, "risk_tier": "medium", "colour": "#FFD600" }, "geometry": { "type": "Point", "coordinates": [ 6.59, 5.62 ] } },
{ "type": "Feature", "properties": { "crs": 0.308, "risk_tier": "medium", "colour": "#FFD600" }, "geometry": { "type": "Point", "coordinates": [ 6.6, 5.62 ] } },
{ "type": "Feature", "properties": { "crs": 0.3081, "risk_tier": "medium", "colour": "#FFD600" }, "geometry": { "type": "Point", "coordinates": [ 6.61, 5.62 ] } },
{ "type": "Feature", "properties": { "crs": 0.3081, "risk_tier": "medium", "colour": "#FFD600" }, "geometry": { "type": "Point", "coordinates": [ 6.62, 5.62 ] } },
{ "type": "Feature", "properties": { "crs": 0.3081, "risk_tier": "medium", "colour": "#FFD600" }, "geometry": { "type": "Point", "coordinates": [ 6.63, 5.62 ] } },
{ "type": "Feature", "properties": { "crs": 0.3081, "risk_tier": "medium", "colour": "#FFD600" }, "geometry": { "type": "Point", "coordinates": [ 6.64, 5.62 ] } },
{ "type": "Feature", "properties": { "crs": 0.3081, "risk_tier": "medium", "colour": "#FFD600" }, "geometry": { "type": "Point", "coordinates": [ 6.65, 5.62 ] } },
{ "type": "Feature", "properties": { "crs": 0.3232, "risk_tier": "medium", "colour": "#FFD600" }, "geometry": { "type": "Point", "coordinates": [ 6.66, 5.62 ] } },
{ "type": "Feature", "properties": { "crs": 0.3233, "risk_tier": "medium", "colour": "#FFD600" }, "geometry": { "type": "Point", "coordinates": [ 6.67, 5.62 ] } },
{ "type": "Feature", "properties": { "crs": 0.3222, "risk_tier": "medium", "colour": "#FFD600" }, "geometry": { "type": "Point", "coordinates": [ 6.68, 5.62 ] } },
{ "type": "Feature", "properties": { "crs": 0.3072, "risk_tier": "medium", "colour": "#FFD600" }, "geometry": { "type": "Point", "coordinates": [ 6.69, 5.62 ] } },
{ "type": "Feature", "properties": { "crs": 0.322, "risk_tier": "medium", "colour": "#FFD600" }, "geometry": { "type": "Point", "coordinates": [ 6.7, 5.62 ] } },
{ "type": "Feature", "properties": { "crs": 0.3221, "risk_tier": "medium", "colour": "#FFD600" }, "geometry": { "type": "Point", "coordinates": [ 6.71, 5.62 ] } },
{ "type": "Feature", "properties": { "crs": 0.3082, "risk_tier": "medium", "colour": "#FFD600" }, "geometry": { "type": "Point", "coordinates": [ 6.72, 5.62 ] } },
{ "type": "Feature", "properties": { "crs": 0.3082, "risk_tier": "medium", "colour": "#FFD600" }, "geometry": { "type": "Point", "coordinates": [ 6.73, 5.62 ] } },
{ "type": "Feature", "properties": { "crs": 0.3083, "risk_tier": "medium", "colour": "#FFD600" }, "geometry": { "type": "Point", "coordinates": [ 6.74, 5.62 ] } },
{ "type": "Feature", "properties": { "crs": 0.3049, "risk_tier": "medium", "colour": "#FFD600" }, "geometry": { "type": "Point", "coordinates": [ 6.52, 5.63 ] } },
{ "type": "Feature", "properties": { "crs": 0.305, "risk_tier": "medium", "colour": "#FFD600" }, "geometry": { "type": "Point", "coordinates": [ 6.53, 5.63 ] } },
{ "type": "Feature", "properties": { "crs": 0.308, "risk_tier": "medium", "colour": "#FFD600" }, "geometry": { "type": "Point", "coordinates": [ 6.54, 5.63 ] } },
{ "type": "Feature", "properties": { "crs": 0.308, "risk_tier": "medium", "colour": "#FFD600" }, "geometry": { "type": "Point", "coordinates": [ 6.55, 5.63 ] } },
{ "type": "Feature", "properties": { "crs": 0.308, "risk_tier": "medium", "colour": "#FFD600" }, "geometry": { "type": "Point", "coordinates": [ 6.56, 5.63 ] } },
{ "type": "Feature", "properties": { "crs": 0.3081, "risk_tier": "medium", "colour": "#FFD600" }, "geometry": { "type": "Point", "coordinates": [ 6.57, 5.63 ] } },
{ "type": "Feature", "properties": { "crs": 0.3071, "risk_tier": "medium", "colour": "#FFD600" }, "geometry": { "type": "Point", "coordinates": [ 6.58, 5.63 ] } },
{ "type": "Feature", "properties": { "crs": 0.3071, "risk_tier": "medium", "colour": "#FFD600" }, "geometry": { "type": "Point", "coordinates": [ 6.59, 5.63 ] } },
{ "type": "Feature", "properties": { "crs": 0.3234, "risk_tier": "medium", "colour": "#FFD600" }, "geometry": { "type": "Point", "coordinates": [ 6.6, 5.63 ] } },
{ "type": "Feature", "properties": { "crs": 0.3119, "risk_tier": "medium", "colour": "#FFD600" }, "geometry": { "type": "Point", "coordinates": [ 6.61, 5.63 ] } },
{ "type": "Feature", "properties": { "crs": 0.3233, "risk_tier": "medium", "colour": "#FFD600" }, "geometry": { "type": "Point", "coordinates": [ 6.62, 5.63 ] } },
{ "type": "Feature", "properties": { "crs": 0.3232, "risk_tier": "medium", "colour": "#FFD600" }, "geometry": { "type": "Point", "coordinates": [ 6.63, 5.63 ] } },
{ "type": "Feature", "properties": { "crs": 0.3233, "risk_tier": "medium", "colour": "#FFD600" }, "geometry": { "type": "Point", "coordinates": [ 6.64, 5.63 ] } },
{ "type": "Feature", "properties": { "crs": 0.3233, "risk_tier": "medium", "colour": "#FFD600" }, "geometry": { "type": "Point", "coordinates": [ 6.65, 5.63 ] } },
{ "type": "Feature", "properties": { "crs": 0.3233, "risk_tier": "medium", "colour": "#FFD600" }, "geometry": { "type": "Point", "coordinates": [ 6.66, 5.63 ] } },
{ "type": "Feature", "properties": { "crs": 0.3233, "risk_tier": "medium", "colour": "#FFD600" }, "geometry": { "type": "Point", "coordinates": [ 6.67, 5.63 ] } },
{ "type": "Feature", "properties": { "crs": 0.3235, "risk_tier": "medium", "colour": "#FFD600" }, "geometry": { "type": "Point", "coordinates": [ 6.68, 5.63 ] } },
{ "type": "Feature", "properties": { "crs": 0.3121, "risk_tier": "medium", "colour": "#FFD600" }, "geometry": { "type": "Point", "coordinates": [ 6.69, 5.63 ] } },
{ "type": "Feature", "properties": { "crs": 0.3121, "risk_tier": "medium", "colour": "#FFD600" }, "geometry": { "type": "Point", "coordinates": [ 6.7, 5.63 ] } },
{ "type": "Feature", "properties": { "crs": 0.3121, "risk_tier": "medium", "colour": "#FFD600" }, "geometry": { "type": "Point", "coordinates": [ 6.71, 5.63 ] } },
{ "type": "Feature", "properties": { "crs": 0.3083, "risk_tier": "medium", "colour": "#FFD600" }, "geometry": { "type": "Point", "coordinates": [ 6.72, 5.63 ] } },
{ "type": "Feature", "properties": { "crs": 0.1741, "risk_tier": "low", "colour": "#69F0AE" }, "geometry": { "type": "Point", "coordinates": [ 6.73, 5.63 ] } },
{ "type": "Feature", "properties": { "crs": 0.3081, "risk_tier": "medium", "colour": "#FFD600" }, "geometry": { "type": "Point", "coordinates": [ 6.54, 5.64 ] } },
{ "type": "Feature", "properties": { "crs": 0.3081, "risk_tier": "medium", "colour": "#FFD600" }, "geometry": { "type": "Point", "coordinates": [ 6.55, 5.64 ] } },
{ "type": "Feature", "properties": { "crs": 0.3081, "risk_tier": "medium", "colour": "#FFD600" }, "geometry": { "type": "Point", "coordinates": [ 6.56, 5.64 ] } },
{ "type": "Feature", "properties": { "crs": 0.3081, "risk_tier": "medium", "colour": "#FFD600" }, "geometry": { "type": "Point", "coordinates": [ 6.57, 5.64 ] } },
{ "type": "Feature", "properties": { "crs": 0.3109, "risk_tier": "medium", "colour": "#FFD600" }, "geometry": { "type": "Point", "coordinates": [ 6.58, 5.64 ] } },
{ "type": "Feature", "properties": { "crs": 0.3223, "risk_tier": "medium", "colour": "#FFD600" }, "geometry": { "type": "Point", "coordinates": [ 6.59, 5.64 ] } },
{ "type": "Feature", "properties": { "crs": 0.3222, "risk_tier": "medium", "colour": "#FFD600" }, "geometry": { "type": "Point", "coordinates": [ 6.6, 5.64 ] } },
{ "type": "Feature", "properties": { "crs": 0.3233, "risk_tier": "medium", "colour": "#FFD600" }, "geometry": { "type": "Point", "coordinates": [ 6.61, 5.64 ] } },
{ "type": "Feature", "properties": { "crs": 0.3233, "risk_tier": "medium", "colour": "#FFD600" }, "geometry": { "type": "Point", "coordinates": [ 6.62, 5.64 ] } },
{ "type": "Feature", "properties": { "crs": 0.3233, "risk_tier": "medium", "colour": "#FFD600" }, "geometry": { "type": "Point", "coordinates": [ 6.63, 5.64 ] } },
{ "type": "Feature", "properties": { "crs": 0.3234, "risk_tier": "medium", "colour": "#FFD600" }, "geometry": { "type": "Point", "coordinates": [ 6.64, 5.64 ] } },
{ "type": "Feature", "properties": { "crs": 0.3234, "risk_tier": "medium", "colour": "#FFD600" }, "geometry": { "type": "Point", "coordinates": [ 6.65, 5.64 ] } },
{ "type": "Feature", "properties": { "crs": 0.3234, "risk_tier": "medium", "colour": "#FFD600" }, "geometry": { "type": "Point", "coordinates": [ 6.66, 5.64 ] } },
{ "type": "Feature", "properties": { "crs": 0.3234, "risk_tier": "medium", "colour": "#FFD600" }, "geometry": { "type": "Point", "coordinates": [ 6.67, 5.64 ] } },
{ "type": "Feature", "properties": { "crs": 0.3235, "risk_tier": "medium", "colour": "#FFD600" }, "geometry": { "type": "Point", "coordinates": [ 6.68, 5.64 ] } },
{ "type": "Feature", "properties": { "crs": 0.3235, "risk_tier": "medium", "colour": "#FFD600" }, "geometry": { "type": "Point", "coordinates": [ 6.69, 5.64 ] } },
{ "type": "Feature", "properties": { "crs": 0.3235, "risk_tier": "medium", "colour": "#FFD600" }, "geometry": { "type": "Point", "coordinates": [ 6.7, 5.64 ] } },
{ "type": "Feature", "properties": { "crs": 0.3233, "risk_tier": "medium", "colour": "#FFD600" }, "geometry": { "type": "Point", "coordinates": [ 6.56, 5.65 ] } },
{ "type": "Feature", "properties": { "crs": 0.3233, "risk_tier": "medium", "colour": "#FFD600" }, "geometry": { "type": "Point", "coordinates": [ 6.57, 5.65 ] } },
{ "type": "Feature", "properties": { "crs": 0.3223, "risk_tier": "medium", "colour": "#FFD600" }, "geometry": { "type": "Point", "coordinates": [ 6.58, 5.65 ] } },
{ "type": "Feature", "properties": { "crs": 0.3223, "risk_tier": "medium", "colour": "#FFD600" }, "geometry": { "type": "Point", "coordinates": [ 6.59, 5.65 ] } },
{ "type": "Feature", "properties": { "crs": 0.3223, "risk_tier": "medium", "colour": "#FFD600" }, "geometry": { "type": "Point", "coordinates": [ 6.6, 5.65 ] } },
{ "type": "Feature", "properties": { "crs": 0.3235, "risk_tier": "medium", "colour": "#FFD600" }, "geometry": { "type": "Point", "coordinates": [ 6.61, 5.65 ] } },
{ "type": "Feature", "properties": { "crs": 0.3234, "risk_tier": "medium", "colour": "#FFD600" }, "geometry": { "type": "Point", "coordinates": [ 6.62, 5.65 ] } },
{ "type": "Feature", "properties": { "crs": 0.3234, "risk_tier": "medium", "colour": "#FFD600" }, "geometry": { "type": "Point", "coordinates": [ 6.63, 5.65 ] } },
{ "type": "Feature", "properties": { "crs": 0.3234, "risk_tier": "medium", "colour": "#FFD600" }, "geometry": { "type": "Point", "coordinates": [ 6.64, 5.65 ] } },
{ "type": "Feature", "properties": { "crs": 0.3235, "risk_tier": "medium", "colour": "#FFD600" }, "geometry": { "type": "Point", "coordinates": [ 6.65, 5.65 ] } },
{ "type": "Feature", "properties": { "crs": 0.3235, "risk_tier": "medium", "colour": "#FFD600" }, "geometry": { "type": "Point", "coordinates": [ 6.66, 5.65 ] } },
{ "type": "Feature", "properties": { "crs": 0.3084, "risk_tier": "medium", "colour": "#FFD600" }, "geometry": { "type": "Point", "coordinates": [ 6.67, 5.65 ] } },
{ "type": "Feature", "properties": { "crs": 0.2853, "risk_tier": "medium", "colour": "#FFD600" }, "geometry": { "type": "Point", "coordinates": [ 6.68, 5.65 ] } },
{ "type": "Feature", "properties": { "crs": 0.1734, "risk_tier": "low", "colour": "#69F0AE" }, "geometry": { "type": "Point", "coordinates": [ 6.58, 5.66 ] } },
{ "type": "Feature", "properties": { "crs": 0.3073, "risk_tier": "medium", "colour": "#FFD600" }, "geometry": { "type": "Point", "coordinates": [ 6.59, 5.66 ] } },
{ "type": "Feature", "properties": { "crs": 0.3073, "risk_tier": "medium", "colour": "#FFD600" }, "geometry": { "type": "Point", "coordinates": [ 6.6, 5.66 ] } },
{ "type": "Feature", "properties": { "crs": 0.3073, "risk_tier": "medium", "colour": "#FFD600" }, "geometry": { "type": "Point", "coordinates": [ 6.61, 5.66 ] } },
{ "type": "Feature", "properties": { "crs": 0.3121, "risk_tier": "medium", "colour": "#FFD600" }, "geometry": { "type": "Point", "coordinates": [ 6.62, 5.66 ] } },
{ "type": "Feature", "properties": { "crs": 0.2922, "risk_tier": "medium", "colour": "#FFD600" }, "geometry": { "type": "Point", "coordinates": [ 6.63, 5.66 ] } },
{ "type": "Feature", "properties": { "crs": 0.1741, "risk_tier": "low", "colour": "#69F0AE" }, "geometry": { "type": "Point", "coordinates": [ 6.64, 5.66 ] } }
]
}
